<?xml version="1.0" encoding="UTF-8"?>
<con:soapui-project id="7783a207-d9b7-41a1-98d0-c86a099f03d4" activeEnvironment="Default" name="AcquirerMerchantManager" resourceRoot="" soapui-version="5.4.0" abortOnError="false" runType="SEQUENTIAL" xmlns:con="http://eviware.com/soapui/config"><con:settings/><con:interface xsi:type="con:WsdlInterface" id="9b1b33d6-c1ad-4469-baa6-d38c6c8c894c" wsaVersion="NONE" name="IBMerchantManagerBinding" type="wsdl" bindingName="{http://www.saib.com.sa/OLPWareAcquirer/IBMerchantManager/}IBMerchantManagerBinding" soapVersion="1_2" anonymous="optional" definition="file:/C:/SAIB/OLP%20Modules%20Docu/TestData/OLP%20Test%20Data/Issuer%20Wsdls/ISSUER_SADAD_DP/AcquirerMerchantManager/IBMerchantManager.wsdl" xmlns:xsi="http://www.w3.org/2001/XMLSchema-instance"><con:settings/><con:definitionCache type="TEXT" rootPart="file:\C:\SAIB\OLP%20Modules%20Docu\TestData\OLP%20Test%20Data\Issuer%20Wsdls\ISSUER_SADAD_DP\AcquirerMerchantManager\IBMerchantManager.wsdl"><con:part><con:url>file:\C:\SAIB\OLP%20Modules%20Docu\TestData\OLP%20Test%20Data\Issuer%20Wsdls\ISSUER_SADAD_DP\AcquirerMerchantManager\IBMerchantManager.wsdl</con:url><con:content><![CDATA[<!--Copyright All Rights Reserved. This software is the
	proprietary information of SADAD. Use is subject to license terms.-->
<!--Version - V1.3-->
<definitions name="IBMerchantManager" targetNamespace="http://www.saib.com.sa/OLPWareAcquirer/IBMerchantManager/" xmlns="http://schemas.xmlsoap.org/wsdl/" xmlns:ds="http://www.w3.org/2000/09/xmldsig#" xmlns:header="http://www.saib.com.sa/OLPWareAcquirer/" xmlns:olp="http://www.saib.com.sa/OLPWareAcquirer/IBMerchantManager/" xmlns:soap="http://schemas.xmlsoap.org/wsdl/soap12/" xmlns:tns="http://www.saib.com.sa/OLPWareAcquirer/IBMerchantManager/" xmlns:wsam="http://www.w3.org/2007/05/addressing/metadata" xmlns:wsdl="http://schemas.xmlsoap.org/wsdl/" xmlns:wsp="http://www.w3.org/ns/ws-policy" xmlns:wsp1_2="http://schemas.xmlsoap.org/ws/2004/09/policy" xmlns:wsu="http://docs.oasis-open.org/wss/2004/01/oasis-200401-wss-wssecurity-utility-1.0.xsd" xmlns:xsd="http://www.w3.org/2001/XMLSchema">
  <wsdl:documentation>Merchant manager service definition is used to perform the functionalities related with 
		merchant management. This includes
		
		1. Updation of merchant details by Acquiring Bank system
		2. Updation of merchant status by merchant and Acquiring Bank system
		3. Retrieval of merchant details</wsdl:documentation>
  <wsdl:import location="MessageHeader.wsdl" namespace="http://www.saib.com.sa/OLPWareAcquirer/"/>
  <types>
    <xsd:schema>
      <xsd:import namespace="http://www.saib.com.sa/OLPWareAcquirer/IBMerchantManager/" schemaLocation="IBMerchantManager.xsd"/>
    </xsd:schema>
  </types>
  <wsdl:message name="MessageHeader">
    <wsdl:part element="header:messageHeader" name="messageHeader"/>
  </wsdl:message>
  <message name="RetrieveMerchant">
    <part element="tns:RetrieveMerchant" name="parameters"/>
  </message>
  <message name="RetrieveMerchantResponse">
    <part element="tns:RetrieveMerchantResponse" name="parameters"/>
  </message>
  <message name="UpdateMerchantDetails">
    <part element="tns:UpdateMerchantDetails" name="parameters"/>
  </message>
  <message name="UpdateMerchantDetailsResponse">
    <part element="tns:UpdateMerchantDetailsResponse" name="parameters"/>
  </message>
  <message name="UpdateMerchantStatus">
    <part element="tns:UpdateMerchantStatus" name="parameters"/>
  </message>
  <message name="UpdateMerchantStatusResponse">
    <part element="tns:UpdateMerchantStatusResponse" name="parameters"/>
  </message>
  <portType name="IBMerchantManager">
    <operation name="RetrieveMerchant">
      <wsdl:documentation>Retrieve Merchant - Operation name, input wrapper, output wrapper and fault wrapper.</wsdl:documentation>
      <input message="tns:RetrieveMerchant"/>
      <output message="tns:RetrieveMerchantResponse"/>
    </operation>
    <operation name="UpdateMerchantDetails">
      <wsdl:documentation>Update Merchant Details - Operation name, input wrapper, output wrapper and fault wrapper.</wsdl:documentation>
      <input message="tns:UpdateMerchantDetails"/>
      <output message="tns:UpdateMerchantDetailsResponse"/>
    </operation>
    <operation name="UpdateMerchantStatus">
      <wsdl:documentation>Update Merchant Status - Operation name, input wrapper, output wrapper and fault wrapper.</wsdl:documentation>
      <input message="tns:UpdateMerchantStatus"/>
      <output message="tns:UpdateMerchantStatusResponse"/>
    </operation>
  </portType>
  <binding name="IBMerchantManagerBinding" type="tns:IBMerchantManager">
    <soap:binding style="document" transport="http://schemas.xmlsoap.org/soap/http"/>
    <operation name="RetrieveMerchant">
      <soap:operation soapAction="RetrieveMerchant"/>
      <input>
        <soap:body use="literal"/>
        <soap:header message="header:HeaderMessage" part="Header" use="literal"/>
      </input>
      <output>
        <soap:body use="literal"/>
      </output>
    </operation>
    <operation name="UpdateMerchantDetails">
      <soap:operation soapAction="UpdateMerchantDetails"/>
      <input>
        <soap:body use="literal"/>
        <soap:header message="header:HeaderMessage" part="Header" use="literal"/>
      </input>
      <output>
        <soap:body use="literal"/>
      </output>
    </operation>
    <operation name="UpdateMerchantStatus">
      <soap:operation soapAction="UpdateMerchantStatus"/>
      <input>
        <soap:body use="literal"/>
        <soap:header message="header:HeaderMessage" part="Header" use="literal"/>
      </input>
      <output>
        <soap:body use="literal"/>
      </output>
    </operation>
  </binding>
  <service name="IBMerchantManagerService">
    <wsdl:documentation>URL where the service is hosted. (To be updated with test/production server URL)</wsdl:documentation>
    <port binding="tns:IBMerchantManagerBinding" name="IBMerchantManagerPort">
      <soap:address location="http://localhost:9080/AcquirerWebService/IBMerchantManagerService"/>
    </port>
  </service>
</definitions>]]></con:content><con:type>http://schemas.xmlsoap.org/wsdl/</con:type></con:part><con:part><con:url>file:\C:\SAIB\OLP%20Modules%20Docu\TestData\OLP%20Test%20Data\Issuer%20Wsdls\ISSUER_SADAD_DP\AcquirerMerchantManager\MessageHeader.wsdl</con:url><con:content><![CDATA[<wsdl:definitions targetNamespace="http://www.saib.com.sa/OLPWareAcquirer/" xmlns:s2="http://www.saib.com.sa/OLPWareAcquirer/" xmlns:wsdl="http://schemas.xmlsoap.org/wsdl/" xmlns:xsd="http://www.w3.org/2001/XMLSchema">
  <wsdl:types>
    <xsd:schema targetNamespace="http://www.saib.com.sa/OLPWareAcquirer/">
      <xsd:include schemaLocation="MessageHeader.xsd"/>
    </xsd:schema>
  </wsdl:types>
  <wsdl:message name="HeaderMessage">
    <wsdl:part element="s2:messageHeader" name="Header"/>
  </wsdl:message>
</wsdl:definitions>]]></con:content><con:type>http://schemas.xmlsoap.org/wsdl/</con:type></con:part><con:part><con:url>file:\C:\SAIB\OLP%20Modules%20Docu\TestData\OLP%20Test%20Data\Issuer%20Wsdls\ISSUER_SADAD_DP\AcquirerMerchantManager\MessageHeader.xsd</con:url><con:content><![CDATA[<xsd:schema xml:lang="en" elementFormDefault="qualified" attributeFormDefault="unqualified" targetNamespace="http://www.saib.com.sa/OLPWareAcquirer/" xmlns="http://www.saib.com.sa/OLPWareAcquirer/" xmlns:xsd="http://www.w3.org/2001/XMLSchema">
  <xsd:element name="messageHeader">
    <xsd:complexType>
      <xsd:sequence>
        <xsd:element name="ProcessContextId" minOccurs="1" maxOccurs="1">
          <xsd:simpleType>
            <xsd:restriction base="xsd:string">
              <xsd:maxLength value="50"/>
            </xsd:restriction>
          </xsd:simpleType>
        </xsd:element>
        <xsd:element name="businessContextId" minOccurs="1" maxOccurs="1">
          <xsd:simpleType>
            <xsd:restriction base="xsd:string">
              <xsd:maxLength value="2"/>
            </xsd:restriction>
          </xsd:simpleType>
        </xsd:element>
        <xsd:element name="applicationContextId" type="xsd:int" minOccurs="1" maxOccurs="1"/>
        <xsd:element name="requesterCode" minOccurs="1" maxOccurs="1">
          <xsd:simpleType>
            <xsd:restriction base="xsd:string">
              <xsd:maxLength value="20"/>
            </xsd:restriction>
          </xsd:simpleType>
        </xsd:element>
        <xsd:element name="machineIPAddress" minOccurs="1" maxOccurs="1">
          <xsd:simpleType>
            <xsd:restriction base="xsd:string">
              <xsd:maxLength value="23"/>
            </xsd:restriction>
          </xsd:simpleType>
        </xsd:element>
        <xsd:element name="userPrincipleName" minOccurs="1" maxOccurs="1">
          <xsd:simpleType>
            <xsd:restriction base="xsd:string">
              <xsd:maxLength value="15"/>
            </xsd:restriction>
          </xsd:simpleType>
        </xsd:element>
        <xsd:element name="requestedTimestamp" type="xsd:dateTime" minOccurs="1" maxOccurs="1"/>
        <xsd:element name="channelId" minOccurs="1" maxOccurs="1">
          <xsd:simpleType>
            <xsd:restriction base="xsd:int">
              <xsd:totalDigits value="2"/>
            </xsd:restriction>
          </xsd:simpleType>
        </xsd:element>
        <xsd:element name="LanguageCode" minOccurs="0" maxOccurs="1">
          <xsd:simpleType>
            <xsd:restriction base="xsd:string">
              <xsd:maxLength value="20"/>
            </xsd:restriction>
          </xsd:simpleType>
        </xsd:element>
        <xsd:element name="VersionNumber" minOccurs="0" maxOccurs="1">
          <xsd:simpleType>
            <xsd:restriction base="xsd:string">
              <xsd:maxLength value="20"/>
            </xsd:restriction>
          </xsd:simpleType>
        </xsd:element>
      </xsd:sequence>
    </xsd:complexType>
  </xsd:element>
</xsd:schema>]]></con:content><con:type>http://www.w3.org/2001/XMLSchema</con:type></con:part><con:part><con:url>file:\C:\SAIB\OLP%20Modules%20Docu\TestData\OLP%20Test%20Data\Issuer%20Wsdls\ISSUER_SADAD_DP\AcquirerMerchantManager\IBMerchantManager.xsd</con:url><con:content><![CDATA[<!--Copyright All Rights Reserved. This software is the
	proprietary information of SADAD. Use is subject to license terms.-->
<xs:schema targetNamespace="http://www.saib.com.sa/OLPWareAcquirer/IBMerchantManager/" version="1.0" xmlns:xs="http://www.w3.org/2001/XMLSchema" xmlns:tns="http://www.saib.com.sa/OLPWareAcquirer/IBMerchantManager/" xmlns:xsd="http://www.w3.org/2001/XMLSchema">
  <xsd:annotation>
    <xsd:documentation>This schema defines the data transfer objects used
			by the OLP Merchant Manager service.</xsd:documentation>
  </xsd:annotation>
  <xsd:annotation>
    <xsd:documentation>Below element tag shows the @RequestWrapper and @ResponseWrapper name and type. 
			The default value of the localName is the operationName for Request wrapper and 
			operationName appended by Response for Response wrapper</xsd:documentation>
  </xsd:annotation>
  <xs:element name="Fault" type="tns:Fault">
    <xsd:annotation>
      <xsd:documentation>Fault element wrapper.</xsd:documentation>
    </xsd:annotation>
  </xs:element>
  <xs:element name="RetrieveMerchant" type="tns:RetrieveMerchant">
    <xsd:annotation>
      <xsd:documentation>RetrieveMerchant request element wrapper.</xsd:documentation>
    </xsd:annotation>
  </xs:element>
  <xs:element name="RetrieveMerchantResponse" type="tns:RetrieveMerchantResponse">
    <xsd:annotation>
      <xsd:documentation>RetrieveMerchant response element wrapper.</xsd:documentation>
    </xsd:annotation>
  </xs:element>
  <xs:element name="UpdateMerchantDetails" type="tns:UpdateMerchantDetails">
    <xsd:annotation>
      <xsd:documentation>UpdateMerchantDetails request element wrapper.</xsd:documentation>
    </xsd:annotation>
  </xs:element>
  <xs:element name="UpdateMerchantDetailsResponse" type="tns:UpdateMerchantDetailsResponse">
    <xsd:annotation>
      <xsd:documentation>UpdateMerchantDetails response element wrapper.</xsd:documentation>
    </xsd:annotation>
  </xs:element>
  <xs:element name="UpdateMerchantStatus" type="tns:UpdateMerchantStatus">
    <xsd:annotation>
      <xsd:documentation>UpdateMerchantStatus request element wrapper.</xsd:documentation>
    </xsd:annotation>
  </xs:element>
  <xs:element name="UpdateMerchantStatusResponse" type="tns:UpdateMerchantStatusResponse">
    <xsd:annotation>
      <xsd:documentation>UpdateMerchantStatus response element wrapper.</xsd:documentation>
    </xsd:annotation>
  </xs:element>
  <!--Below given are the request and response elements and corresponding attributes.-->
  <xs:complexType name="RetrieveMerchant">
    <xsd:annotation>
      <xsd:documentation>RetrieveMerchant request wrapper.</xsd:documentation>
    </xsd:annotation>
    <xs:sequence>
      <xs:element minOccurs="1" maxOccurs="1" name="RetrieveMerchantRequest" type="tns:RetrieveMerchantRequest"/>
    </xs:sequence>
  </xs:complexType>
  <xs:complexType name="RetrieveMerchantRequest">
    <xs:sequence>
      <xs:element minOccurs="1" maxOccurs="1" name="merchantNumber" type="xs:string">
        <xsd:annotation>
          <xsd:documentation>Unique Id of the merchant</xsd:documentation>
        </xsd:annotation>
      </xs:element>
    </xs:sequence>
  </xs:complexType>
  <xs:complexType name="RetrieveMerchantResponse">
    <xsd:annotation>
      <xsd:documentation>RetrieveMerchant response wrapper.</xsd:documentation>
    </xsd:annotation>
    <xs:sequence>
      <xs:element minOccurs="1" maxOccurs="1" name="RetrieveMerchantReply" type="tns:RetrieveMerchantReply"/>
    </xs:sequence>
  </xs:complexType>
  <xs:complexType name="RetrieveMerchantReply">
    <xs:sequence>
      <xs:element minOccurs="1" maxOccurs="1" name="responseCode" type="xs:string">
        <xsd:annotation>
          <xsd:documentation>Response code
				00(success)
				01(Failure)</xsd:documentation>
        </xsd:annotation>
      </xs:element>
      <xs:element minOccurs="0" maxOccurs="1" name="merchant" type="tns:Merchant">
        <xsd:annotation>
          <xsd:documentation>Element contains the whole details of the merchant</xsd:documentation>
        </xsd:annotation>
      </xs:element>
      <xs:element minOccurs="0" maxOccurs="1" name="olpBusinessException" type="tns:OlpBusinessException">
        <xsd:annotation>
          <xsd:documentation>Element to hold olpBusinessException</xsd:documentation>
        </xsd:annotation>
      </xs:element>
    </xs:sequence>
  </xs:complexType>
  <xs:complexType name="Merchant">
    <xs:sequence>
      <xs:element minOccurs="0" maxOccurs="1" name="merchantId" type="xs:long">
        <xsd:annotation>
          <xsd:documentation>Unique Id of the merchant</xsd:documentation>
        </xsd:annotation>
      </xs:element>
      <xs:element minOccurs="0" maxOccurs="1" name="bankName" type="xs:string">
        <xsd:annotation>
          <xsd:documentation>Bank Name</xsd:documentation>
        </xsd:annotation>
      </xs:element>
      <xs:element minOccurs="0" maxOccurs="1" name="bankCode" type="xs:string">
        <xsd:annotation>
          <xsd:documentation>Bank Code</xsd:documentation>
        </xsd:annotation>
      </xs:element>
      <xs:element minOccurs="1" maxOccurs="1" name="merchantDetails" type="tns:MerchantDetails">
        <xsd:annotation>
          <xsd:documentation>Element to hold merchant details like business,contact,status and address details</xsd:documentation>
        </xsd:annotation>
      </xs:element>
      <xs:element minOccurs="0" maxOccurs="1" name="olpRegisteredDate" type="xs:date">
        <xsd:annotation>
          <xsd:documentation>Date of registration(YYYY-MM-DD)</xsd:documentation>
        </xsd:annotation>
      </xs:element>
      <xs:element minOccurs="0" maxOccurs="1" name="merchantStatus" type="tns:MerchantStatus">
        <xsd:annotation>
          <xsd:documentation>Element to hold merchantStatus details</xsd:documentation>
        </xsd:annotation>
      </xs:element>
      <xs:element minOccurs="1" maxOccurs="1" name="merchantURLs" type="tns:MerchantURLs">
        <xsd:annotation>
          <xsd:documentation>Element to hold merchant URL</xsd:documentation>
        </xsd:annotation>
      </xs:element>
    </xs:sequence>
  </xs:complexType>
  <xs:complexType name="MerchantURLs">
    <xs:sequence>
      <xs:element minOccurs="1" maxOccurs="1" name="websiteURL" type="xs:string">
        <xsd:annotation>
          <xsd:documentation>Merchnat's website url</xsd:documentation>
        </xsd:annotation>
      </xs:element>
      <xs:element minOccurs="1" maxOccurs="1" name="merchantFailureURL" type="xs:string">
        <xsd:annotation>
          <xsd:documentation>The URL to which IB to redirect in case of technical failures at IB.</xsd:documentation>
        </xsd:annotation>
      </xs:element>
      <xs:element minOccurs="1" maxOccurs="1" name="merchantLandingURL" type="xs:string">
        <xsd:annotation>
          <xsd:documentation>The URL to which IB to redirect after successful payment processing/business exceptions at IB.</xsd:documentation>
        </xsd:annotation>
      </xs:element>
      <xs:element minOccurs="1" maxOccurs="1" name="merchantTestFailureURL" type="xs:string">
        <xsd:annotation>
          <xsd:documentation>Merchant failure Url used for merchant testing process.</xsd:documentation>
        </xsd:annotation>
      </xs:element>
      <xs:element minOccurs="1" maxOccurs="1" name="merchantTestLandingURL" type="xs:string">
        <xsd:annotation>
          <xsd:documentation>Merchant landing Url used for merchant testing process</xsd:documentation>
        </xsd:annotation>
      </xs:element>
    </xs:sequence>
  </xs:complexType>
  <xs:complexType name="Contact">
    <xs:sequence>
      <xs:element minOccurs="1" maxOccurs="1" name="firstName" type="xs:string">
        <xsd:annotation>
          <xsd:documentation>First name of the merchant</xsd:documentation>
        </xsd:annotation>
      </xs:element>
      <xs:element minOccurs="0" maxOccurs="1" name="middleName" type="xs:string">
        <xsd:annotation>
          <xsd:documentation>Middle name of the merchant</xsd:documentation>
        </xsd:annotation>
      </xs:element>
      <xs:element minOccurs="1" maxOccurs="1" name="lastName" type="xs:string">
        <xsd:annotation>
          <xsd:documentation>Last name of the merchant</xsd:documentation>
        </xsd:annotation>
      </xs:element>
      <xs:element minOccurs="1" maxOccurs="1" name="landLineNumber" type="xs:string">
        <xsd:annotation>
          <xsd:documentation>Landline phone Number of merchant</xsd:documentation>
        </xsd:annotation>
      </xs:element>
      <xs:element minOccurs="1" maxOccurs="1" name="email" type="xs:string">
        <xsd:annotation>
          <xsd:documentation>Email ID of the merchant</xsd:documentation>
        </xsd:annotation>
      </xs:element>
    </xs:sequence>
  </xs:complexType>
  <xs:complexType name="Identity">
    <xs:sequence>
      <xs:element minOccurs="1" maxOccurs="1" name="idType" type="xs:int">
        <xsd:annotation>
          <xsd:documentation>3 = CR Number</xsd:documentation>
        </xsd:annotation>
      </xs:element>
      <xs:element minOccurs="1" maxOccurs="1" name="idNumber" type="xs:string">
        <xsd:annotation>
          <xsd:documentation>The Identity number, which is CR number</xsd:documentation>
        </xsd:annotation>
      </xs:element>
      <xs:element minOccurs="0" maxOccurs="1" name="issueDate" type="xs:date">
        <xsd:annotation>
          <xsd:documentation>The issue date of the CR number</xsd:documentation>
        </xsd:annotation>
      </xs:element>
      <xs:element minOccurs="0" maxOccurs="1" name="expiryDate" type="xs:date">
        <xsd:annotation>
          <xsd:documentation>The expiry date of the CR number</xsd:documentation>
        </xsd:annotation>
      </xs:element>
    </xs:sequence>
  </xs:complexType>
  <xs:complexType name="Address">
    <xs:sequence>
      <xs:element minOccurs="1" maxOccurs="1" name="line1" type="xs:string">
        <xsd:annotation>
          <xsd:documentation>merchant line1</xsd:documentation>
        </xsd:annotation>
      </xs:element>
      <xs:element minOccurs="1" maxOccurs="1" name="line2" type="xs:string">
        <xsd:annotation>
          <xsd:documentation>Merchant line2</xsd:documentation>
        </xsd:annotation>
      </xs:element>
      <xs:element minOccurs="1" maxOccurs="1" name="city" type="xs:string">
        <xsd:annotation>
          <xsd:documentation>City of the merchant</xsd:documentation>
        </xsd:annotation>
      </xs:element>
      <xs:element minOccurs="0" maxOccurs="1" name="postalCode" type="xs:string">
        <xsd:annotation>
          <xsd:documentation>Postal code</xsd:documentation>
        </xsd:annotation>
      </xs:element>
      <xs:element minOccurs="1" maxOccurs="1" name="country" type="xs:string">
        <xsd:annotation>
          <xsd:documentation>Country</xsd:documentation>
        </xsd:annotation>
      </xs:element>
    </xs:sequence>
  </xs:complexType>
  <xs:complexType name="BusinessDetails">
    <xs:sequence>
      <xs:element minOccurs="1" maxOccurs="1" name="companyName" type="xs:string">
        <xsd:annotation>
          <xsd:documentation>Company name of the merchant</xsd:documentation>
        </xsd:annotation>
      </xs:element>
      <xs:element minOccurs="0" maxOccurs="1" name="sicCode" type="xs:int">
        <xsd:annotation>
          <xsd:documentation>SIC code</xsd:documentation>
        </xsd:annotation>
      </xs:element>
      <xs:element minOccurs="1" maxOccurs="1" name="identity" type="tns:Identity">
        <xsd:annotation>
          <xsd:documentation>Element to hold merchnat's identity details</xsd:documentation>
        </xsd:annotation>
      </xs:element>
      <xs:element minOccurs="1" maxOccurs="1" name="currencyCode" type="xs:string">
        <xsd:annotation>
          <xsd:documentation>Currency code</xsd:documentation>
        </xsd:annotation>
      </xs:element>
    </xs:sequence>
  </xs:complexType>
  <xs:complexType name="MerchantStatus">
    <xs:sequence>
      <xs:element minOccurs="0" maxOccurs="1" name="statusChangeReason" type="xs:string">
        <xsd:annotation>
          <xsd:documentation>The reason  for status change</xsd:documentation>
        </xsd:annotation>
      </xs:element>
      <xs:element minOccurs="1" maxOccurs="1" name="status" type="xs:int">
        <xsd:annotation>
          <xsd:documentation>Status of the merchant
						In SADAD OLP System, merchant has the following status:
						1.Registered
						2.Testing
						3.Active
						4.Blacklisted
						5.On-Hold
						6.Closed
						7.Disabled</xsd:documentation>
        </xsd:annotation>
      </xs:element>
      <xs:element minOccurs="0" maxOccurs="1" name="fromDate" type="xs:date">
        <xsd:annotation>
          <xsd:documentation>To change status for a period of time(YYYY-MM-DD)</xsd:documentation>
        </xsd:annotation>
      </xs:element>
      <xs:element minOccurs="0" maxOccurs="1" name="toDate" type="xs:date">
        <xsd:annotation>
          <xsd:documentation>To change status for a period of time(YYYY-MM-DD)</xsd:documentation>
        </xsd:annotation>
      </xs:element>
    </xs:sequence>
  </xs:complexType>
  <xs:complexType name="OlpBusinessException">
    <xs:sequence>
      <xs:element minOccurs="1" maxOccurs="1" name="errorCode" type="xs:string">
        <xsd:annotation>
          <xsd:documentation>Error code of the exception occured</xsd:documentation>
        </xsd:annotation>
      </xs:element>
      <xs:element minOccurs="1" maxOccurs="1" name="errorMessage" type="xs:string">
        <xsd:annotation>
          <xsd:documentation>Error message of the exception occured</xsd:documentation>
        </xsd:annotation>
      </xs:element>
      <xs:element minOccurs="0" maxOccurs="1" name="reasonCode" type="xs:string">
        <xsd:annotation>
          <xsd:documentation>Reason code of the exception occured</xsd:documentation>
        </xsd:annotation>
      </xs:element>
      <xs:element minOccurs="0" maxOccurs="1" name="reasonDescription" type="xs:string">
        <xsd:annotation>
          <xsd:documentation>Reason Description of the exception occured</xsd:documentation>
        </xsd:annotation>
      </xs:element>
    </xs:sequence>
  </xs:complexType>
  <xs:complexType name="Fault">
    <xs:sequence>
      <xs:element minOccurs="1" maxOccurs="1" name="faultCode" type="xs:string">
        <xsd:annotation>
          <xsd:documentation>Fault Type of the fault occured</xsd:documentation>
        </xsd:annotation>
      </xs:element>
      <xs:element minOccurs="1" maxOccurs="1" name="faultString" type="xs:string">
        <xsd:annotation>
          <xsd:documentation>Error message of the fault occured</xsd:documentation>
        </xsd:annotation>
      </xs:element>
      <xs:element minOccurs="1" maxOccurs="1" name="timeStamp" type="xs:dateTime">
        <xsd:annotation>
          <xsd:documentation>Time when the fault occured</xsd:documentation>
        </xsd:annotation>
      </xs:element>
    </xs:sequence>
  </xs:complexType>
  <xs:complexType name="UpdateMerchantDetails">
    <xsd:annotation>
      <xsd:documentation>UpdateMerchantDetails request wrapper.</xsd:documentation>
    </xsd:annotation>
    <xs:sequence>
      <xs:element minOccurs="1" maxOccurs="1" name="UpdateMerchantDetailsRequest" type="tns:UpdateMerchantDetailsRequest"/>
    </xs:sequence>
  </xs:complexType>
  <xs:complexType name="UpdateMerchantDetailsRequest">
    <xs:sequence>
      <xs:element minOccurs="1" maxOccurs="1" name="merchantId" type="xs:long">
        <xsd:annotation>
          <xsd:documentation>Unique Id of the merchant</xsd:documentation>
        </xsd:annotation>
      </xs:element>
      <xs:element minOccurs="1" maxOccurs="1" name="merchantDetails" type="tns:MerchantDetails">
        <xsd:annotation>
          <xsd:documentation>Element that hold merchant details like business details,contact,status and address details</xsd:documentation>
        </xsd:annotation>
      </xs:element>
      <xs:element minOccurs="0" maxOccurs="1" name="merchantStatus" type="tns:MerchantStatus">
        <xsd:annotation>
          <xsd:documentation>Element that hold merchant status details</xsd:documentation>
        </xsd:annotation>
      </xs:element>
    </xs:sequence>
  </xs:complexType>
  <xs:complexType name="MerchantDetails">
    <xs:sequence>
      <xs:element minOccurs="1" maxOccurs="1" name="businessDetails" type="tns:BusinessDetails">
        <xsd:annotation>
          <xsd:documentation>Element to hold BusinessDetails</xsd:documentation>
        </xsd:annotation>
      </xs:element>
      <xs:element minOccurs="1" maxOccurs="1" name="contact1" type="tns:Contact">
        <xsd:annotation>
          <xsd:documentation>Element to hold Contact details</xsd:documentation>
        </xsd:annotation>
      </xs:element>
      <xs:element minOccurs="0" maxOccurs="1" name="contact2" type="tns:Contact">
        <xsd:annotation>
          <xsd:documentation>Element to hold Contact details</xsd:documentation>
        </xsd:annotation>
      </xs:element>
      <xs:element minOccurs="1" maxOccurs="1" name="address" type="tns:Address">
        <xsd:annotation>
          <xsd:documentation>Element to hold address of the merchant</xsd:documentation>
        </xsd:annotation>
      </xs:element>
    </xs:sequence>
  </xs:complexType>
  <xs:complexType name="UpdateMerchantDetailsResponse">
    <xsd:annotation>
      <xsd:documentation>UpdateMerchantDetails response wrapper.</xsd:documentation>
    </xsd:annotation>
    <xs:sequence>
      <xs:element minOccurs="1" maxOccurs="1" name="UpdateMerchantDetailsReply" type="tns:UpdateMerchantDetailsReply"/>
    </xs:sequence>
  </xs:complexType>
  <xs:complexType name="UpdateMerchantDetailsReply">
    <xs:sequence>
      <xs:element minOccurs="1" maxOccurs="1" name="responseCode" type="xs:string">
        <xsd:annotation>
          <xsd:documentation>Response Code 
						00(Success)
						01(Failure)</xsd:documentation>
        </xsd:annotation>
      </xs:element>
      <xs:element minOccurs="0" maxOccurs="1" name="olpBusinessException" type="tns:OlpBusinessException">
        <xsd:annotation>
          <xsd:documentation>Element to hold olpBusinessException</xsd:documentation>
        </xsd:annotation>
      </xs:element>
    </xs:sequence>
  </xs:complexType>
  <xs:complexType name="UpdateMerchantStatus">
    <xsd:annotation>
      <xsd:documentation>UpdateMerchantStatus request wrapper.</xsd:documentation>
    </xsd:annotation>
    <xs:sequence>
      <xs:element minOccurs="1" maxOccurs="1" name="UpdateMerchantStatusRequest" type="tns:UpdateMerchantStatusRequest"/>
    </xs:sequence>
  </xs:complexType>
  <xs:complexType name="UpdateMerchantStatusRequest">
    <xs:sequence>
      <xs:element minOccurs="1" maxOccurs="1" name="merchantId" type="xs:long">
        <xsd:annotation>
          <xsd:documentation>Unique Id of the merchant</xsd:documentation>
        </xsd:annotation>
      </xs:element>
      <xs:element minOccurs="1" maxOccurs="1" name="merchantStatus" type="tns:MerchantStatus">
        <xsd:annotation>
          <xsd:documentation>Element which contain merchant status details</xsd:documentation>
        </xsd:annotation>
      </xs:element>
      <xs:element name="testRequestId" type="xs:long" maxOccurs="1" minOccurs="0"/>
    </xs:sequence>
  </xs:complexType>
  <xs:complexType name="UpdateMerchantStatusResponse">
    <xsd:annotation>
      <xsd:documentation>UpdateMerchantStatus response wrapper.</xsd:documentation>
    </xsd:annotation>
    <xs:sequence>
      <xs:element minOccurs="1" maxOccurs="1" name="UpdateMerchantStatusReply" type="tns:UpdateMerchantStatusReply"/>
    </xs:sequence>
  </xs:complexType>
  <xs:complexType name="UpdateMerchantStatusReply">
    <xs:sequence>
      <xs:element minOccurs="1" maxOccurs="1" name="responseCode" type="xs:string">
        <xsd:annotation>
          <xsd:documentation>Response Code 
						00(Success)
						01(Failure)</xsd:documentation>
        </xsd:annotation>
      </xs:element>
      <xs:element minOccurs="0" maxOccurs="1" name="olpBusinessException" type="tns:OlpBusinessException">
        <xsd:annotation>
          <xsd:documentation>Element to hold olpBusinessException</xsd:documentation>
        </xsd:annotation>
      </xs:element>
    </xs:sequence>
  </xs:complexType>
</xs:schema>]]></con:content><con:type>http://www.w3.org/2001/XMLSchema</con:type></con:part></con:definitionCache><con:endpoints><con:endpoint>http://localhost:9080/AcquirerWebService/IBMerchantManagerService</con:endpoint></con:endpoints><con:operation id="2bd2f665-d045-4931-af1d-3de89d27dc8d" isOneWay="false" action="RetrieveMerchant" name="RetrieveMerchant" bindingOperationName="RetrieveMerchant" type="Request-Response" inputName="" receivesAttachments="false" sendsAttachments="false" anonymous="optional"><con:settings/><con:call id="77608e3f-89c4-455d-8f6a-45b7d9ab762b" name="Request 1"><con:settings><con:setting id="com.eviware.soapui.impl.wsdl.WsdlRequest@request-headers">&lt;xml-fragment/></con:setting></con:settings><con:encoding>UTF-8</con:encoding><con:endpoint>http://192.168.105.110:9080/integration/AcquirerWebService/IBMerchantManagerService/1.0</con:endpoint><con:request><![CDATA[<soapenv:Envelope xmlns:soapenv="http://www.w3.org/2003/05/soap-envelope" xmlns:olp="http://www.saib.com.sa/OLPWareAcquirer/" xmlns:ibm="http://www.saib.com.sa/OLPWareAcquirer/IBMerchantManager/">
   <soapenv:Header>
      <olp:messageHeader>
         <olp:ProcessContextId>SIBC1955991488443931639</olp:ProcessContextId>
         <olp:businessContextId>TM</olp:businessContextId>
         <olp:applicationContextId>4</olp:applicationContextId>
         <olp:requesterCode>SIBC</olp:requesterCode>
         <olp:machineIPAddress>10.10.21.57</olp:machineIPAddress>
         <olp:userPrincipleName>1026</olp:userPrincipleName>
         <olp:requestedTimestamp>2018-01-03T14:45:33</olp:requestedTimestamp>
         <olp:channelId>1</olp:channelId>
         <olp:LanguageCode>en</olp:LanguageCode>
         <olp:VersionNumber>1.0</olp:VersionNumber>
      </olp:messageHeader>
   </soapenv:Header>
   <soapenv:Body>
      <ibm:RetrieveMerchant>
         <RetrieveMerchantRequest>
            <merchantNumber>000105</merchantNumber>
         </RetrieveMerchantRequest>
      </ibm:RetrieveMerchant>
   </soapenv:Body>
</soapenv:Envelope>]]></con:request><con:credentials><con:authType>No Authorization</con:authType></con:credentials><con:jmsConfig JMSDeliveryMode="PERSISTENT"/><con:jmsPropertyConfig/><con:wsaConfig mustUnderstand="NONE" version="200508" action="http://www.saib.com.sa/OLPWareAcquirer/IBMerchantManager/IBMerchantManager/RetrieveMerchantRequest"/><con:wsrmConfig version="1.2"/></con:call></con:operation><con:operation id="a7e7196e-ac6a-4021-8785-2deaeaead001" isOneWay="false" action="UpdateMerchantDetails" name="UpdateMerchantDetails" bindingOperationName="UpdateMerchantDetails" type="Request-Response" inputName="" receivesAttachments="false" sendsAttachments="false" anonymous="optional"><con:settings/><con:call id="ed1ae82e-536c-4773-92ba-1a04481baffa" name="Request 1"><con:settings><con:setting id="com.eviware.soapui.impl.wsdl.WsdlRequest@request-headers">&lt;xml-fragment/></con:setting></con:settings><con:encoding>UTF-8</con:encoding><con:endpoint>http://192.168.105.110:9080/integration/AcquirerWebService/IBMerchantManagerService/1.0</con:endpoint><con:request><![CDATA[<soapenv:Envelope xmlns:soapenv="http://www.w3.org/2003/05/soap-envelope" xmlns:olp="http://www.saib.com.sa/OLPWareAcquirer/" xmlns:ibm="http://www.saib.com.sa/OLPWareAcquirer/IBMerchantManager/">
   <soapenv:Header>
      <olp:messageHeader>
         <olp:ProcessContextId>SIBC1955991488443931537</olp:ProcessContextId>
         <olp:businessContextId>TM</olp:businessContextId>
         <olp:applicationContextId>4</olp:applicationContextId>
         <olp:requesterCode>SIBC</olp:requesterCode>
         <olp:machineIPAddress>10.10.21.57</olp:machineIPAddress>
         <olp:userPrincipleName>1026</olp:userPrincipleName>
         <olp:requestedTimestamp>2018-01-03T14:45:33</olp:requestedTimestamp>
         <olp:channelId>1</olp:channelId>
         <olp:LanguageCode>en</olp:LanguageCode>
         <olp:VersionNumber>1.0</olp:VersionNumber>
      </olp:messageHeader>
   </soapenv:Header>
   <soapenv:Body>
      <ibm:UpdateMerchantDetails>
         <UpdateMerchantDetailsRequest>
            <merchantId>1016</merchantId>
            <merchantDetails>
               <businessDetails>
                  <companyName>roastinghouse</companyName>
                  <identity>
                     <idType>1</idType>
                     <idNumber>123854</idNumber>
                                       </identity>
                  <currencyCode>?</currencyCode>
               </businessDetails>
               <contact1>
                  <firstName>Test</firstName>
                  <middleName>Test</middleName>
                  <lastName>TEs</lastName>
                  <landLineNumber>009662523652</landLineNumber>
                  <email>test@test.test</email>
               </contact1>
               <address>
                  <line1>12354</line1>
                  <line2>545852</line2>
                  <city>Riyadh</city>
                  <country>SA</country>
               </address>
            </merchantDetails>
                   </UpdateMerchantDetailsRequest>
      </ibm:UpdateMerchantDetails>
   </soapenv:Body>
</soapenv:Envelope>]]></con:request><con:credentials><con:authType>No Authorization</con:authType></con:credentials><con:jmsConfig JMSDeliveryMode="PERSISTENT"/><con:jmsPropertyConfig/><con:wsaConfig mustUnderstand="NONE" version="200508" action="http://www.saib.com.sa/OLPWareAcquirer/IBMerchantManager/IBMerchantManager/UpdateMerchantDetailsRequest"/><con:wsrmConfig version="1.2"/></con:call></con:operation><con:operation id="69f0db42-5ef7-4efe-a858-63b22618b812" isOneWay="false" action="UpdateMerchantStatus" name="UpdateMerchantStatus" bindingOperationName="UpdateMerchantStatus" type="Request-Response" inputName="" receivesAttachments="false" sendsAttachments="false" anonymous="optional"><con:settings/><con:call id="1d905aac-da86-4db6-8e95-55f47a6ce2b9" name="Request 1"><con:settings><con:setting id="com.eviware.soapui.impl.wsdl.WsdlRequest@request-headers">&lt;xml-fragment/></con:setting></con:settings><con:encoding>UTF-8</con:encoding><con:endpoint>http://192.168.105.110:9080/integration/AcquirerWebService/IBMerchantManagerService/1.0</con:endpoint><con:request><![CDATA[<soapenv:Envelope xmlns:soapenv="http://www.w3.org/2003/05/soap-envelope" xmlns:olp="http://www.saib.com.sa/OLPWareAcquirer/" xmlns:ibm="http://www.saib.com.sa/OLPWareAcquirer/IBMerchantManager/">
   <soapenv:Header>
      <olp:messageHeader>
         <olp:ProcessContextId>SIBC1955991488443931528</olp:ProcessContextId>
         <olp:businessContextId>TM</olp:businessContextId>
         <olp:applicationContextId>4</olp:applicationContextId>
         <olp:requesterCode>SIBC</olp:requesterCode>
         <olp:machineIPAddress>10.10.21.57</olp:machineIPAddress>
         <olp:userPrincipleName>1026</olp:userPrincipleName>
         <olp:requestedTimestamp>2018-01-03T14:45:33</olp:requestedTimestamp>
         <olp:channelId>1</olp:channelId>
         <olp:LanguageCode>en</olp:LanguageCode>
         <olp:VersionNumber>1.0</olp:VersionNumber>
      </olp:messageHeader>
   </soapenv:Header>
   <soapenv:Body>
      <ibm:UpdateMerchantStatus>
         <UpdateMerchantStatusRequest>
            <merchantId>14307896</merchantId>
            <merchantStatus>
               <!--Optional:-->
               <status>5</status>
               <!--Optional:-->
            </merchantStatus>
         </UpdateMerchantStatusRequest>
      </ibm:UpdateMerchantStatus>
   </soapenv:Body>
</soapenv:Envelope>]]></con:request><con:credentials><con:authType>No Authorization</con:authType></con:credentials><con:jmsConfig JMSDeliveryMode="PERSISTENT"/><con:jmsPropertyConfig/><con:wsaConfig mustUnderstand="NONE" version="200508" action="http://www.saib.com.sa/OLPWareAcquirer/IBMerchantManager/IBMerchantManager/UpdateMerchantStatusRequest"/><con:wsrmConfig version="1.2"/></con:call></con:operation></con:interface><con:properties/><con:wssContainer/><con:oAuth2ProfileContainer/><con:oAuth1ProfileContainer/><con:databaseConnectionContainer/><con:reporting><con:xmlTemplates/><con:parameters/></con:reporting></con:soapui-project>