<?xml version="1.0" encoding="UTF-8"?>
<con:soapui-project id="1225347c-0bf9-4004-8a17-917aa96b992b" activeEnvironment="Default" name="BOPManagerDataPower's WSDL" resourceRoot="${projectDir}" soapui-version="5.4.0" abortOnError="false" runType="SEQUENTIAL" xmlns:con="http://eviware.com/soapui/config"><con:settings/><con:interface xsi:type="con:WsdlInterface" id="6116e885-0763-4fd1-9dbd-16283a69727f" wsaVersion="NONE" name="IBBOPManagerBinding" type="wsdl" bindingName="{http://www.saib.com.sa/OLPWareAcquirer/IBBOPManager/}IBBOPManagerBinding" soapVersion="1_2" anonymous="optional" definition="file:/C:/SAIB/OLP%20Modules%20Docu/TestData/OLP%20Test%20Data/DataPower's%20WSDL/IBBOPManager.wsdl" xmlns:xsi="http://www.w3.org/2001/XMLSchema-instance"><con:settings/><con:definitionCache type="TEXT" rootPart="file:\C:\SAIB\OLP%20Modules%20Docu\TestData\OLP%20Test%20Data\DataPower's%20WSDL\IBBOPManager.wsdl"><con:part><con:url>file:\C:\SAIB\OLP%20Modules%20Docu\TestData\OLP%20Test%20Data\DataPower's%20WSDL\IBBOPManager.wsdl</con:url><con:content><![CDATA[<!--Copyright All Rights Reserved. This software is the
	proprietary information of SADAD. Use is subject to license terms.-->
<!--DisputeManagement version - V1.1-->
<!--Modified on 18/01/2015 for BISS Version V6.0-->
<definitions name="IBDisputeManager" targetNamespace="http://www.saib.com.sa/OLPWareAcquirer/IBBOPManager/" xmlns="http://schemas.xmlsoap.org/wsdl/" xmlns:ds="http://www.w3.org/2000/09/xmldsig#" xmlns:header="http://www.saib.com.sa/OLPWareAcquirer/" xmlns:soap="http://schemas.xmlsoap.org/wsdl/soap12/" xmlns:tns="http://www.saib.com.sa/OLPWareAcquirer/IBBOPManager/" xmlns:wsam="http://www.w3.org/2007/05/addressing/metadata" xmlns:wsdl="http://schemas.xmlsoap.org/wsdl/" xmlns:wsp="http://www.w3.org/ns/ws-policy" xmlns:wsp1_2="http://schemas.xmlsoap.org/ws/2004/09/policy" xmlns:wsu="http://docs.oasis-open.org/wss/2004/01/oasis-200401-wss-wssecurity-utility-1.0.xsd" xmlns:xsd="http://www.w3.org/2001/XMLSchema">
  <wsdl:documentation>BOP manager service definition is used to perform the functionalities related with 
		BOP management. This includes
		
		1. RecordMOPDetails
		2. RetrieveBOPList</wsdl:documentation>
  <wsdl:import location="MessageHeader.wsdl" namespace="http://www.saib.com.sa/OLPWareAcquirer/"/>
  <types>
    <xsd:schema>
      <xsd:import namespace="http://www.saib.com.sa/OLPWareAcquirer/IBBOPManager/" schemaLocation="IBBOPManager.xsd"/>
    </xsd:schema>
  </types>
  <message name="RecordMOPDetails">
    <part element="tns:RecordMOPDetails" name="parameters"/>
  </message>
  <message name="RecordMOPDetailsResponse">
    <part element="tns:RecordMOPDetailsResponse" name="parameters"/>
  </message>
  <message name="RetrieveBOPList">
    <part element="tns:RetrieveBOPList" name="parameters"/>
  </message>
  <message name="RetrieveBOPListResponse">
    <part element="tns:RetrieveBOPListResponse" name="parameters"/>
  </message>
  <message name="Fault">
    <part element="tns:Fault" name="fault"/>
  </message>
  <portType name="IBBOPManager">
    <operation name="RecordMOPDetails">
      <wsdl:documentation>RecordTicket - Operation name, input wrapper, output wrapper .</wsdl:documentation>
      <input message="tns:RecordMOPDetails" wsam:Action="RecordTicket"/>
      <output message="tns:RecordMOPDetailsResponse" wsam:Action="http://www.saib.com.sa/OLPWareAcquirer/IBBOPManager/RecordMOPDetailsResponse"/>
      <fault message="tns:Fault" name="Fault" wsam:Action="http://www.saib.com.sa/OLPWareAcquirer/IBBOPManager/RecordMOPDetails/Fault/Fault"/>
    </operation>
    <operation name="RetrieveBOPList">
      <wsdl:documentation>RetrieveBOPList - Operation name, input wrapper, output wrapper .</wsdl:documentation>
      <input message="tns:RetrieveBOPList" wsam:Action="RetrieveBOPList"/>
      <output message="tns:RetrieveBOPListResponse" wsam:Action="http://www.saib.com.sa/OLPWareAcquirer/IBBOPManager/RetrieveBOPListResponse"/>
      <fault message="tns:Fault" name="Fault" wsam:Action="http://www.saib.com.sa/OLPWareAcquirer/IBBOPManager/RetrieveBOPList/Fault/Fault"/>
    </operation>
  </portType>
  <binding name="IBBOPManagerBinding" type="tns:IBBOPManager">
    <soap:binding style="document" transport="http://schemas.xmlsoap.org/soap/http"/>
    <operation name="RecordMOPDetails">
      <soap:operation soapAction="RecordMOPDetails"/>
      <input>
        <soap:body use="literal"/>
        <soap:header message="header:HeaderMessage" part="Header" use="literal"/>
      </input>
      <output>
        <soap:body use="literal"/>
      </output>
      <fault name="Fault">
        <soap:fault name="Fault" use="literal"/>
      </fault>
    </operation>
    <operation name="RetrieveBOPList">
      <soap:operation soapAction="RetrieveBOPList"/>
      <input>
        <soap:body use="literal"/>
        <soap:header message="header:HeaderMessage" part="Header" use="literal"/>
      </input>
      <output>
        <soap:body use="literal"/>
      </output>
      <fault name="Fault">
        <soap:fault name="Fault" use="literal"/>
      </fault>
    </operation>
  </binding>
  <service name="IBBOPManager">
    <wsdl:documentation>URL where the service is hosted. (To be updated with test/production server URL)</wsdl:documentation>
    <port binding="tns:IBBOPManagerBinding" name="IBBOPManagerPort">
      <soap:address location="http://localhost:9080/AcquirerWebService/IBBOPManager"/>
    </port>
  </service>
</definitions>]]></con:content><con:type>http://schemas.xmlsoap.org/wsdl/</con:type></con:part><con:part><con:url>file:\C:\SAIB\OLP%20Modules%20Docu\TestData\OLP%20Test%20Data\DataPower's%20WSDL\MessageHeader.wsdl</con:url><con:content><![CDATA[<wsdl:definitions targetNamespace="http://www.saib.com.sa/OLPWareAcquirer/" xmlns:s2="http://www.saib.com.sa/OLPWareAcquirer/" xmlns:wsdl="http://schemas.xmlsoap.org/wsdl/" xmlns:xsd="http://www.w3.org/2001/XMLSchema">
  <wsdl:types>
    <xsd:schema targetNamespace="http://www.saib.com.sa/OLPWareAcquirer/">
      <xsd:include schemaLocation="MessageHeader.xsd"/>
    </xsd:schema>
  </wsdl:types>
  <wsdl:message name="HeaderMessage">
    <wsdl:part element="s2:messageHeader" name="Header"/>
  </wsdl:message>
</wsdl:definitions>]]></con:content><con:type>http://schemas.xmlsoap.org/wsdl/</con:type></con:part><con:part><con:url>file:\C:\SAIB\OLP%20Modules%20Docu\TestData\OLP%20Test%20Data\DataPower's%20WSDL\MessageHeader.xsd</con:url><con:content><![CDATA[<xsd:schema xml:lang="en" elementFormDefault="qualified" attributeFormDefault="unqualified" targetNamespace="http://www.saib.com.sa/OLPWareAcquirer/" xmlns="http://www.saib.com.sa/OLPWareAcquirer/" xmlns:xsd="http://www.w3.org/2001/XMLSchema">
  <xsd:element name="messageHeader">
    <xsd:complexType>
      <xsd:sequence>
        <xsd:element name="ProcessContextId" minOccurs="1" maxOccurs="1">
          <xsd:simpleType>
            <xsd:restriction base="xsd:string">
              <xsd:maxLength value="50"/>
            </xsd:restriction>
          </xsd:simpleType>
        </xsd:element>
        <xsd:element name="businessContextId" minOccurs="1" maxOccurs="1">
          <xsd:simpleType>
            <xsd:restriction base="xsd:string">
              <xsd:maxLength value="2"/>
            </xsd:restriction>
          </xsd:simpleType>
        </xsd:element>
        <xsd:element name="applicationContextId" type="xsd:int" minOccurs="1" maxOccurs="1"/>
        <xsd:element name="requesterCode" minOccurs="1" maxOccurs="1">
          <xsd:simpleType>
            <xsd:restriction base="xsd:string">
              <xsd:maxLength value="20"/>
            </xsd:restriction>
          </xsd:simpleType>
        </xsd:element>
        <xsd:element name="machineIPAddress" minOccurs="1" maxOccurs="1">
          <xsd:simpleType>
            <xsd:restriction base="xsd:string">
              <xsd:maxLength value="23"/>
            </xsd:restriction>
          </xsd:simpleType>
        </xsd:element>
        <xsd:element name="userPrincipleName" minOccurs="1" maxOccurs="1">
          <xsd:simpleType>
            <xsd:restriction base="xsd:string">
              <xsd:maxLength value="15"/>
            </xsd:restriction>
          </xsd:simpleType>
        </xsd:element>
        <xsd:element name="requestedTimestamp" type="xsd:dateTime" minOccurs="1" maxOccurs="1"/>
        <xsd:element name="channelId" minOccurs="1" maxOccurs="1">
          <xsd:simpleType>
            <xsd:restriction base="xsd:int">
              <xsd:totalDigits value="2"/>
            </xsd:restriction>
          </xsd:simpleType>
        </xsd:element>
        <xsd:element name="LanguageCode" minOccurs="0" maxOccurs="1">
          <xsd:simpleType>
            <xsd:restriction base="xsd:string">
              <xsd:maxLength value="20"/>
            </xsd:restriction>
          </xsd:simpleType>
        </xsd:element>
        <xsd:element name="VersionNumber" minOccurs="0" maxOccurs="1">
          <xsd:simpleType>
            <xsd:restriction base="xsd:string">
              <xsd:maxLength value="20"/>
            </xsd:restriction>
          </xsd:simpleType>
        </xsd:element>
      </xsd:sequence>
    </xsd:complexType>
  </xsd:element>
</xsd:schema>]]></con:content><con:type>http://www.w3.org/2001/XMLSchema</con:type></con:part><con:part><con:url>file:\C:\SAIB\OLP%20Modules%20Docu\TestData\OLP%20Test%20Data\DataPower's%20WSDL\IBBOPManager.xsd</con:url><con:content><![CDATA[<xs:schema targetNamespace="http://www.saib.com.sa/OLPWareAcquirer/IBBOPManager/" version="1.0" xmlns:xs="http://www.w3.org/2001/XMLSchema" xmlns:olp="http://www.saib.com.sa/OLPWareAcquirer/IBBOPManager/" xmlns:xsd="http://www.w3.org/2001/XMLSchema">
  <xsd:annotation>
    <xsd:documentation>This schema defines the data transfer objects used
			by the BOP Managment service.</xsd:documentation>
  </xsd:annotation>
  <xsd:annotation>
    <xsd:documentation>Below element tag shows the @RequestWrapper and @ResponseWrapper name and type. 
			The default value of the localName is the operationName for Request wrapper and 
			operationName appended by Response for Response wrapper</xsd:documentation>
  </xsd:annotation>
  <xs:element name="Fault" type="olp:Fault">
    <xsd:annotation>
      <xsd:documentation>Fault element wrapper.</xsd:documentation>
    </xsd:annotation>
  </xs:element>
  <xs:element name="RecordMOPDetails" type="olp:RecordMOPDetails">
    <xsd:annotation>
      <xsd:documentation>RecordMOPDetails request element wrapper.</xsd:documentation>
    </xsd:annotation>
  </xs:element>
  <xs:element name="RecordMOPDetailsResponse" type="olp:RecordMOPDetailsResponse">
    <xsd:annotation>
      <xsd:documentation>RecordMOPDetails response element wrapper.</xsd:documentation>
    </xsd:annotation>
  </xs:element>
  <xs:element name="RetrieveBOPList" type="olp:RetrieveBOPList">
    <xsd:annotation>
      <xsd:documentation>RetrieveBOPList request element wrapper.</xsd:documentation>
    </xsd:annotation>
  </xs:element>
  <xs:element name="RetrieveBOPListResponse" type="olp:RetrieveBOPListResponse">
    <xsd:annotation>
      <xsd:documentation>RetrieveBOPList response element wrapper.</xsd:documentation>
    </xsd:annotation>
  </xs:element>
  <!--Below given are the request and response elements and corresponding attributes.-->
  <xs:complexType name="RecordMOPDetails">
    <xsd:annotation>
      <xsd:documentation>RecordMOPDetails request wrapper.</xsd:documentation>
    </xsd:annotation>
    <xs:sequence>
      <xs:element minOccurs="1" maxOccurs="1" name="RecordMOPDetailsRequest" type="olp:RecordMOPDetailsRequest"/>
    </xs:sequence>
  </xs:complexType>
  <xs:complexType name="RecordMOPDetailsRequest">
    <xs:sequence>
      <xs:element minOccurs="1" maxOccurs="1" name="opVersion" type="xs:string">
        <xsd:annotation>
          <xsd:documentation>The date(DD-MM-YYYY) for which servicesupport
						should happen.</xsd:documentation>
        </xsd:annotation>
      </xs:element>
      <xs:element name="downloadedDate" type="xs:dateTime" maxOccurs="1" minOccurs="1"></xs:element>
      <xs:element name="merchantId" type="xs:long" maxOccurs="1" minOccurs="1"></xs:element>
    </xs:sequence>
  </xs:complexType>
  <xs:complexType name="RecordMOPDetailsResponse">
    <xsd:annotation>
      <xsd:documentation>RecordMOPDetails response wrapper.</xsd:documentation>
    </xsd:annotation>
    <xs:sequence>
      <xs:element minOccurs="1" maxOccurs="1" name="RecordMOPDetailsReply" type="olp:RecordMOPDetailsReply"/>
    </xs:sequence>
  </xs:complexType>
  <xs:complexType name="RecordMOPDetailsReply">
    <xs:sequence>
      <xs:element minOccurs="0" maxOccurs="1" name="mopId" type="xs:long">
        <xsd:annotation>
          <xsd:documentation>Element to hold sARIEInstructions</xsd:documentation>
        </xsd:annotation>
      </xs:element>
      <xs:element minOccurs="1" maxOccurs="1" name="responseCode" type="xs:string">
        <xsd:annotation>
          <xsd:documentation>Response Code 
						00(Success)
						01(Failure)</xsd:documentation>
        </xsd:annotation>
      </xs:element>
      <xs:element minOccurs="0" maxOccurs="1" name="olpBusinessException" type="olp:OlpBusinessException">
        <xsd:annotation>
          <xsd:documentation>Element to hold olpBusinessException</xsd:documentation>
        </xsd:annotation>
      </xs:element>
    </xs:sequence>
  </xs:complexType>
  <xs:complexType name="OlpBusinessException">
    <xs:sequence>
      <xs:element minOccurs="1" maxOccurs="1" name="errorCode" type="xs:string">
        <xsd:annotation>
          <xsd:documentation>Errorcode of the exception occured</xsd:documentation>
        </xsd:annotation>
      </xs:element>
      <xs:element minOccurs="1" maxOccurs="1" name="errorMessage" type="xs:string">
        <xsd:annotation>
          <xsd:documentation>Errormessage of the exception occured</xsd:documentation>
        </xsd:annotation>
      </xs:element>
      <xs:element minOccurs="0" maxOccurs="1" name="reasonCode" type="xs:string">
        <xsd:annotation>
          <xsd:documentation>Reasoncode of the exception occured</xsd:documentation>
        </xsd:annotation>
      </xs:element>
      <xs:element minOccurs="0" maxOccurs="1" name="reasonDescription" type="xs:string">
        <xsd:annotation>
          <xsd:documentation>ReasonDescription of the exception occured</xsd:documentation>
        </xsd:annotation>
      </xs:element>
    </xs:sequence>
  </xs:complexType>
  <xs:complexType name="Fault">
    <xs:sequence>
      <xs:element minOccurs="1" maxOccurs="1" name="faultCode" type="xs:string">
        <xsd:annotation>
          <xsd:documentation>Fault Type of the fault occured</xsd:documentation>
        </xsd:annotation>
      </xs:element>
      <xs:element minOccurs="1" maxOccurs="1" name="faultString" type="xs:string">
        <xsd:annotation>
          <xsd:documentation>Errormessage of the fault occured</xsd:documentation>
        </xsd:annotation>
      </xs:element>
      <xs:element minOccurs="1" maxOccurs="1" name="timeStamp" type="xs:dateTime">
        <xsd:annotation>
          <xsd:documentation>Time when the fault occured</xsd:documentation>
        </xsd:annotation>
      </xs:element>
    </xs:sequence>
  </xs:complexType>
  <xs:complexType name="RetrieveBOPList">
    <xsd:annotation>
      <xsd:documentation>RetrieveBOPList request wrapper.</xsd:documentation>
    </xsd:annotation>
    <xs:sequence>
      <xs:element minOccurs="1" maxOccurs="1" name="RetrieveBOPListRequest" type="olp:RetrieveBOPListRequest"/>
    </xs:sequence>
  </xs:complexType>
  <xs:complexType name="RetrieveBOPListRequest">
    <xs:sequence>
      <xs:element minOccurs="1" maxOccurs="1" name="bopSearchCriteria" type="olp:BOPSearchCriteria">
        <xsd:annotation>
          <xsd:documentation>The date(DD-MM-YYYY) for which servicesupport
						should happen.</xsd:documentation>
        </xsd:annotation>
      </xs:element>
      <xs:element minOccurs="1" maxOccurs="1" name="pagination" type="olp:Pagination">
        <xsd:annotation>
          <xsd:documentation>Element to hold the pagination</xsd:documentation>
        </xsd:annotation>
      </xs:element>
    </xs:sequence>
  </xs:complexType>
  <xs:complexType name="RetrieveBOPListResponse">
    <xsd:annotation>
      <xsd:documentation>RetrieveBOPList response wrapper.</xsd:documentation>
    </xsd:annotation>
    <xs:sequence>
      <xs:element minOccurs="1" maxOccurs="1" name="RetrieveBOPListReply" type="olp:RetrieveBOPListReply"/>
    </xs:sequence>
  </xs:complexType>
  <xs:complexType name="RetrieveBOPListReply">
    <xs:sequence>
      <xs:element name="bopList" type="olp:BOP" maxOccurs="200" minOccurs="0"/>
      <xs:element name="totalNumberOfRecords" type="xs:int" maxOccurs="1" minOccurs="0">
        <xsd:annotation>
          <xsd:documentation>The total number of records in the list</xsd:documentation>
        </xsd:annotation>
      </xs:element>
      <xs:element minOccurs="1" maxOccurs="1" name="responseCode" type="xs:string">
        <xsd:annotation>
          <xsd:documentation>Response Code 00(Success) 01(Failure)</xsd:documentation>
        </xsd:annotation>
      </xs:element>
      <xs:element minOccurs="0" maxOccurs="1" name="olpBusinessException" type="olp:OlpBusinessException">
        <xsd:annotation>
          <xsd:documentation>Element to hold olpBusinessException</xsd:documentation>
        </xsd:annotation>
      </xs:element>
    </xs:sequence>
  </xs:complexType>
  <xs:complexType name="BOPSearchCriteria">
    <xs:sequence>
      <xs:element name="opVersion" type="xs:string" maxOccurs="1" minOccurs="0"></xs:element>
      <xs:element name="fromDate" type="xs:date" maxOccurs="1" minOccurs="0"></xs:element>
      <xs:element name="toDate" type="xs:date" maxOccurs="1" minOccurs="0"></xs:element>
    </xs:sequence>
  </xs:complexType>
  <xs:complexType name="BOP">
    <xs:sequence>
      <xs:element name="opId" type="xs:long" maxOccurs="1" minOccurs="1"/>
      <xs:element name="opVersion" type="xs:string" maxOccurs="1" minOccurs="1"/>
      <xs:element name="filePath" type="xs:string" maxOccurs="1" minOccurs="0"/>
      <xs:element name="uploadedBy" type="xs:string" maxOccurs="1" minOccurs="0"/>
      <xs:element name="uploadedDate" type="xs:dateTime" maxOccurs="1" minOccurs="0"/>
    </xs:sequence>
  </xs:complexType>
  <xs:complexType name="Pagination">
    <xs:sequence>
      <xs:element minOccurs="0" maxOccurs="1" name="startIndex" type="xs:int">
        <xsd:annotation>
          <xsd:documentation>The start Index for the pagination.</xsd:documentation>
        </xsd:annotation>
      </xs:element>
      <xs:element minOccurs="0" maxOccurs="1" name="totalNumberOfRecords" type="xs:int">
        <xsd:annotation>
          <xsd:documentation>The total number of records to be retrieved for a single page.</xsd:documentation>
        </xsd:annotation>
      </xs:element>
      <xs:element minOccurs="0" maxOccurs="1" name="sortingOrder" type="xs:int">
        <xsd:annotation>
          <xsd:documentation>
            Sorting order :
            <br/>
            1:ascending
            <br/>
            2:descending
            <br/>
            Note : default value is descending
          </xsd:documentation>
        </xsd:annotation>
      </xs:element>
      <xs:element minOccurs="0" maxOccurs="1" name="sortingIndex" type="xs:string">
        <xsd:annotation>
          <xsd:documentation>
            These are the possible parameter which are used for sorting:
            <br/>
            opVersion
            <br/>
            Note : 	opVersion is default parameter for sorting .
          </xsd:documentation>
        </xsd:annotation>
      </xs:element>
    </xs:sequence>
  </xs:complexType>
</xs:schema>]]></con:content><con:type>http://www.w3.org/2001/XMLSchema</con:type></con:part></con:definitionCache><con:endpoints><con:endpoint>http://localhost:9080/AcquirerWebService/IBBOPManager</con:endpoint></con:endpoints><con:operation id="042cc5bd-0514-4907-8a59-30949f3d2ad4" isOneWay="false" action="RecordMOPDetails" name="RecordMOPDetails" bindingOperationName="RecordMOPDetails" type="Request-Response" inputName="" receivesAttachments="false" sendsAttachments="false" anonymous="optional"><con:settings/><con:call id="55641221-8f84-4442-afd7-9091d5c85485" name="Request 1"><con:settings><con:setting id="com.eviware.soapui.impl.wsdl.WsdlRequest@request-headers">&lt;xml-fragment/></con:setting></con:settings><con:encoding>UTF-8</con:encoding><con:endpoint>http://192.168.105.110:9080/integration/AcquirerWebService/BBOPManager/1.0</con:endpoint><con:request><![CDATA[<soap:Envelope xmlns:soap="http://www.w3.org/2003/05/soap-envelope" xmlns:olp="http://www.saib.com.sa/OLPWareAcquirer/" xmlns:ibb="http://www.saib.com.sa/OLPWareAcquirer/IBBOPManager/">\r
   <soap:Header>\r
      <olp:messageHeader>\r
         <olp:ProcessContextId>SIBC1955991483443734196</olp:ProcessContextId>\r
         <olp:businessContextId>TM</olp:businessContextId>\r
         <olp:applicationContextId>4</olp:applicationContextId>\r
         <olp:requesterCode>SIBC</olp:requesterCode>\r
         <olp:machineIPAddress>10.10.21.57</olp:machineIPAddress>\r
         <olp:userPrincipleName>1026</olp:userPrincipleName>\r
         <olp:requestedTimestamp>2018-01-03T14:45:33</olp:requestedTimestamp>\r
         <olp:channelId>1</olp:channelId>\r
         <olp:LanguageCode>en</olp:LanguageCode>\r
         <olp:VersionNumber>1.0</olp:VersionNumber>\r
      </olp:messageHeader>\r
   </soap:Header>\r
   <soap:Body>\r
      <ibb:RecordMOPDetails>\r
         <RecordMOPDetailsRequest>\r
            <opVersion>OLP_BOP_V7.7</opVersion>\r
            <downloadedDate>2015-08-14T12:53:47</downloadedDate>\r
            <merchantId>1026</merchantId>\r
         </RecordMOPDetailsRequest>\r
      </ibb:RecordMOPDetails>\r
   </soap:Body>\r
</soap:Envelope>]]></con:request><con:credentials><con:authType>No Authorization</con:authType></con:credentials><con:jmsConfig JMSDeliveryMode="PERSISTENT"/><con:jmsPropertyConfig/><con:wsaConfig mustUnderstand="NONE" version="200508" action="{http://schemas.xmlsoap.org/wsdl/}RecordTicket"/><con:wsrmConfig version="1.2"/></con:call></con:operation><con:operation id="4d71b61d-f75a-4229-9327-f251c28ed6ee" isOneWay="false" action="RetrieveBOPList" name="RetrieveBOPList" bindingOperationName="RetrieveBOPList" type="Request-Response" inputName="" receivesAttachments="false" sendsAttachments="false" anonymous="optional"><con:settings/><con:call id="bb776314-daa1-4804-92af-ec6ddbb41332" name="Request 1"><con:settings><con:setting id="com.eviware.soapui.impl.wsdl.WsdlRequest@request-headers">&lt;xml-fragment/></con:setting></con:settings><con:encoding>UTF-8</con:encoding><con:endpoint>http://192.168.105.110:9080/integration/AcquirerWebService/IBBOPManager/1.0</con:endpoint><con:request><![CDATA[<soap:Envelope xmlns:soap="http://www.w3.org/2003/05/soap-envelope" xmlns:olp="http://www.saib.com.sa/OLPWareAcquirer/" xmlns:ibb="http://www.saib.com.sa/OLPWareAcquirer/IBBOPManager/">\r
   <soap:Header>\r
      <olp:messageHeader>\r
         <olp:ProcessContextId>SIBC1955991483443935819</olp:ProcessContextId>\r
         <olp:businessContextId>TM</olp:businessContextId>\r
         <olp:applicationContextId>4</olp:applicationContextId>\r
         <olp:requesterCode>SIBC</olp:requesterCode>\r
         <olp:machineIPAddress>10.10.21.57</olp:machineIPAddress>\r
         <olp:userPrincipleName>1026</olp:userPrincipleName>\r
         <olp:requestedTimestamp>2018-01-03T14:45:33</olp:requestedTimestamp>\r
         <olp:channelId>1</olp:channelId>\r
         <olp:LanguageCode>en</olp:LanguageCode>\r
         <olp:VersionNumber>1.0</olp:VersionNumber>\r
      </olp:messageHeader>\r
   </soap:Header>\r
   <soap:Body>\r
      <ibb:RetrieveBOPList>\r
         <RetrieveBOPListRequest>\r
            <bopSearchCriteria></bopSearchCriteria>\r
            <pagination>\r
               <startIndex>1</startIndex>\r
               <totalNumberOfRecords>10</totalNumberOfRecords>\r
               <sortingOrder>1</sortingOrder>\r
               <sortingIndex>1</sortingIndex>\r
            </pagination>\r
         </RetrieveBOPListRequest>\r
      </ibb:RetrieveBOPList>\r
   </soap:Body>\r
</soap:Envelope>]]></con:request><con:credentials><con:authType>No Authorization</con:authType></con:credentials><con:jmsConfig JMSDeliveryMode="PERSISTENT"/><con:jmsPropertyConfig/><con:wsaConfig mustUnderstand="NONE" version="200508" action="{http://schemas.xmlsoap.org/wsdl/}RetrieveBOPList"/><con:wsrmConfig version="1.2"/></con:call><con:call id="3faf23c8-6d69-42a4-b6dd-ea98c65427c3" name="Request 2"><con:settings/><con:encoding>UTF-8</con:encoding><con:endpoint>http://localhost:9080/AcquirerWebService/IBBOPManager</con:endpoint><con:request><![CDATA[<soap:Envelope xmlns:soap="http://www.w3.org/2003/05/soap-envelope" xmlns:olp="http://www.saib.com.sa/OLPWareAcquirer/" xmlns:ibb="http://www.saib.com.sa/OLPWareAcquirer/IBBOPManager/">\r
   <soap:Header>\r
      <olp:messageHeader>\r
         <olp:ProcessContextId>?</olp:ProcessContextId>\r
         <olp:businessContextId>?</olp:businessContextId>\r
         <olp:applicationContextId>?</olp:applicationContextId>\r
         <olp:requesterCode>?</olp:requesterCode>\r
         <olp:machineIPAddress>?</olp:machineIPAddress>\r
         <olp:userPrincipleName>?</olp:userPrincipleName>\r
         <olp:requestedTimestamp>?</olp:requestedTimestamp>\r
         <olp:channelId>?</olp:channelId>\r
         <!--Optional:-->\r
         <olp:LanguageCode>?</olp:LanguageCode>\r
         <!--Optional:-->\r
         <olp:VersionNumber>?</olp:VersionNumber>\r
      </olp:messageHeader>\r
   </soap:Header>\r
   <soap:Body>\r
      <ibb:RetrieveBOPList>\r
         <RetrieveBOPListRequest>\r
            <bopSearchCriteria>\r
               <!--Optional:-->\r
               <opVersion>?</opVersion>\r
               <!--Optional:-->\r
               <fromDate>?</fromDate>\r
               <!--Optional:-->\r
               <toDate>?</toDate>\r
            </bopSearchCriteria>\r
            <pagination>\r
               <!--Optional:-->\r
               <startIndex>?</startIndex>\r
               <!--Optional:-->\r
               <totalNumberOfRecords>?</totalNumberOfRecords>\r
               <!--Optional:-->\r
               <sortingOrder>?</sortingOrder>\r
               <!--Optional:-->\r
               <sortingIndex>?</sortingIndex>\r
            </pagination>\r
         </RetrieveBOPListRequest>\r
      </ibb:RetrieveBOPList>\r
   </soap:Body>\r
</soap:Envelope>]]></con:request><con:credentials><con:authType>No Authorization</con:authType></con:credentials><con:jmsConfig JMSDeliveryMode="PERSISTENT"/><con:jmsPropertyConfig/><con:wsaConfig mustUnderstand="NONE" version="200508" action="{http://schemas.xmlsoap.org/wsdl/}RetrieveBOPList"/><con:wsrmConfig version="1.2"/></con:call></con:operation></con:interface><con:properties/><con:wssContainer/><con:oAuth2ProfileContainer/><con:oAuth1ProfileContainer/><con:databaseConnectionContainer/><con:reporting><con:xmlTemplates/><con:parameters/></con:reporting><con:sensitiveInformation/></con:soapui-project>