<?xml version="1.0" encoding="UTF-8"?>
<con:soapui-project id="6e5c99f6-c571-4f02-bf9a-9ed1feb60d81" activeEnvironment="Default" name="DisputeManagerDataPower's WSDL" resourceRoot="${projectDir}" soapui-version="5.4.0" abortOnError="false" runType="SEQUENTIAL" xmlns:con="http://eviware.com/soapui/config"><con:settings/><con:interface xsi:type="con:WsdlInterface" id="159eb8f3-cab7-4ed8-a3b7-f5efbbf5e437" wsaVersion="NONE" name="IBDisputeManagerBinding" type="wsdl" bindingName="{http://www.saib.com.sa/OLPWareAcquirer/IBDisputeManager/}IBDisputeManagerBinding" soapVersion="1_2" anonymous="optional" definition="file:/C:/SAIB/OLP%20Modules%20Docu/TestData/OLP%20Test%20Data/DataPower's%20WSDL/IBDisputeManager.wsdl" xmlns:xsi="http://www.w3.org/2001/XMLSchema-instance"><con:settings/><con:definitionCache type="TEXT" rootPart="file:\C:\SAIB\OLP%20Modules%20Docu\TestData\OLP%20Test%20Data\DataPower's%20WSDL\IBDisputeManager.wsdl"><con:part><con:url>file:\C:\SAIB\OLP%20Modules%20Docu\TestData\OLP%20Test%20Data\DataPower's%20WSDL\IBDisputeManager.wsdl</con:url><con:content><![CDATA[<!--Copyright All Rights Reserved. This software is the
	proprietary information of SADAD. Use is subject to license terms.-->
<!--DisputeManagement version - V1.1-->
<!--Modified on 18/01/2015 for BISS Version V6.0-->
<definitions name="IBDisputeManager" targetNamespace="http://www.saib.com.sa/OLPWareAcquirer/IBDisputeManager/" xmlns="http://schemas.xmlsoap.org/wsdl/" xmlns:ds="http://www.w3.org/2000/09/xmldsig#" xmlns:header="http://www.saib.com.sa/OLPWareAcquirer/" xmlns:soap="http://schemas.xmlsoap.org/wsdl/soap12/" xmlns:tns="http://www.saib.com.sa/OLPWareAcquirer/IBDisputeManager/" xmlns:wsam="http://www.w3.org/2007/05/addressing/metadata" xmlns:wsdl="http://schemas.xmlsoap.org/wsdl/" xmlns:wsp="http://www.w3.org/ns/ws-policy" xmlns:wsp1_2="http://schemas.xmlsoap.org/ws/2004/09/policy" xmlns:wsu="http://docs.oasis-open.org/wss/2004/01/oasis-200401-wss-wssecurity-utility-1.0.xsd" xmlns:xsd="http://www.w3.org/2001/XMLSchema">
  <wsdl:documentation>
    Dispute Manager service definition is used to perform the functionalities related with
    <br/>
    dispute  management. This includes
    <br/>
    1.Initiate dispute
    <br/>
    2.Retrieve dispute list
    <br/>
    3.Retrieve dispute
  </wsdl:documentation>
  <wsdl:import location="MessageHeader.wsdl" namespace="http://www.saib.com.sa/OLPWareAcquirer/"/>
  <types>
    <xsd:schema>
      <xsd:import namespace="http://www.saib.com.sa/OLPWareAcquirer/IBDisputeManager/" schemaLocation="IBDisputeManager.xsd"/>
    </xsd:schema>
  </types>
  <message name="InitiateDispute">
    <part element="tns:InitiateDispute" name="parameters"/>
  </message>
  <message name="InitiateDisputeResponse">
    <part element="tns:InitiateDisputeResponse" name="parameters"/>
  </message>
  <message name="RetrieveDisputeList">
    <part element="tns:RetrieveDisputeList" name="parameters"/>
  </message>
  <message name="RetrieveDisputeListResponse">
    <part element="tns:RetrieveDisputeListResponse" name="parameters"/>
  </message>
  <message name="RetrieveDispute">
    <part element="tns:RetrieveDispute" name="parameters"/>
  </message>
  <message name="RetrieveDisputeResponse">
    <part element="tns:RetrieveDisputeResponse" name="parameters"/>
  </message>
  <message name="Fault">
    <part element="tns:Fault" name="fault"/>
  </message>
  <portType name="IBDisputeManager">
    <operation name="InitiateDispute">
      <wsdl:documentation>InitiateDispute- Operation name, input wrapper, output wrapper and fault wrapper.</wsdl:documentation>
      <input message="tns:InitiateDispute" wsam:Action="InitiateDispute"/>
      <output message="tns:InitiateDisputeResponse" wsam:Action="http://www.saib.com.sa/OLPWareAcquirer/IBDisputeManager/InitiateDisputeResponse"/>
      <fault message="tns:Fault" name="Fault" wsam:Action="http://www.saib.com.sa/OLPWareAcquirer/IBDisputeManager/InitiateDispute/Fault/Fault"/>
    </operation>
    <operation name="RetrieveDisputeList">
      <wsdl:documentation>RetrieveDisputeList- Operation name, input wrapper, output wrapper and fault wrapper.</wsdl:documentation>
      <input message="tns:RetrieveDisputeList" wsam:Action="RetrieveDisputeList"/>
      <output message="tns:RetrieveDisputeListResponse" wsam:Action="http://www.saib.com.sa/OLPWareAcquirer/IBDisputeManager/RetrieveDisputeListResponse"/>
      <fault message="tns:Fault" name="Fault" wsam:Action="http://www.saib.com.sa/OLPWareAcquirer/IBDisputeManager/RetrieveDisputeList/Fault/Fault"/>
    </operation>
    <operation name="RetrieveDispute">
      <wsdl:documentation>RetrieveDispute-  Operation name, input wrapper, output wrapper and fault wrapper.</wsdl:documentation>
      <input message="tns:RetrieveDispute" wsam:Action="RetrieveDispute"/>
      <output message="tns:RetrieveDisputeResponse" wsam:Action="http://www.saib.com.sa/OLPWareAcquirer/IBDisputeManager/RetrieveDisputeResponse"/>
      <fault message="tns:Fault" name="Fault" wsam:Action="http://www.saib.com.sa/OLPWareAcquirer/IBDisputeManager/RetrieveDispute/Fault/Fault"/>
    </operation>
  </portType>
  <binding name="IBDisputeManagerBinding" type="tns:IBDisputeManager">
    <soap:binding style="document" transport="http://schemas.xmlsoap.org/soap/http"/>
    <operation name="InitiateDispute">
      <soap:operation soapAction="InitiateDispute"/>
      <input>
        <soap:body use="literal"/>
        <soap:header message="header:HeaderMessage" part="Header" use="literal"/>
      </input>
      <output>
        <soap:body use="literal"/>
      </output>
      <fault name="Fault">
        <soap:fault name="Fault" use="literal"/>
      </fault>
    </operation>
    <operation name="RetrieveDisputeList">
      <soap:operation soapAction="RetrieveDisputeList"/>
      <input>
        <soap:body use="literal"/>
        <soap:header message="header:HeaderMessage" part="Header" use="literal"/>
      </input>
      <output>
        <soap:body use="literal"/>
      </output>
      <fault name="Fault">
        <soap:fault name="Fault" use="literal"/>
      </fault>
    </operation>
    <operation name="RetrieveDispute">
      <soap:operation soapAction="RetrieveDispute"/>
      <input>
        <soap:body use="literal"/>
        <soap:header message="header:HeaderMessage" part="Header" use="literal"/>
      </input>
      <output>
        <soap:body use="literal"/>
      </output>
      <fault name="Fault">
        <soap:fault name="Fault" use="literal"/>
      </fault>
    </operation>
  </binding>
  <service name="IBDisputeManagerService">
    <wsdl:documentation>URL where the service is hosted. (To be updated with test/production server URL)</wsdl:documentation>
    <port binding="tns:IBDisputeManagerBinding" name="Acquirer_IBDisputeManagerPort">
      <soap:address location="http://localhost:9080/AcquirerWebService/IBDisputeManagerService"/>
    </port>
  </service>
</definitions>]]></con:content><con:type>http://schemas.xmlsoap.org/wsdl/</con:type></con:part><con:part><con:url>file:\C:\SAIB\OLP%20Modules%20Docu\TestData\OLP%20Test%20Data\DataPower's%20WSDL\MessageHeader.wsdl</con:url><con:content><![CDATA[<wsdl:definitions targetNamespace="http://www.saib.com.sa/OLPWareAcquirer/" xmlns:s2="http://www.saib.com.sa/OLPWareAcquirer/" xmlns:wsdl="http://schemas.xmlsoap.org/wsdl/" xmlns:xsd="http://www.w3.org/2001/XMLSchema">
  <wsdl:types>
    <xsd:schema targetNamespace="http://www.saib.com.sa/OLPWareAcquirer/">
      <xsd:include schemaLocation="MessageHeader.xsd"/>
    </xsd:schema>
  </wsdl:types>
  <wsdl:message name="HeaderMessage">
    <wsdl:part element="s2:messageHeader" name="Header"/>
  </wsdl:message>
</wsdl:definitions>]]></con:content><con:type>http://schemas.xmlsoap.org/wsdl/</con:type></con:part><con:part><con:url>file:\C:\SAIB\OLP%20Modules%20Docu\TestData\OLP%20Test%20Data\DataPower's%20WSDL\MessageHeader.xsd</con:url><con:content><![CDATA[<xsd:schema xml:lang="en" elementFormDefault="qualified" attributeFormDefault="unqualified" targetNamespace="http://www.saib.com.sa/OLPWareAcquirer/" xmlns="http://www.saib.com.sa/OLPWareAcquirer/" xmlns:xsd="http://www.w3.org/2001/XMLSchema">
  <xsd:element name="messageHeader">
    <xsd:complexType>
      <xsd:sequence>
        <xsd:element name="ProcessContextId" minOccurs="1" maxOccurs="1">
          <xsd:simpleType>
            <xsd:restriction base="xsd:string">
              <xsd:maxLength value="50"/>
            </xsd:restriction>
          </xsd:simpleType>
        </xsd:element>
        <xsd:element name="businessContextId" minOccurs="1" maxOccurs="1">
          <xsd:simpleType>
            <xsd:restriction base="xsd:string">
              <xsd:maxLength value="2"/>
            </xsd:restriction>
          </xsd:simpleType>
        </xsd:element>
        <xsd:element name="applicationContextId" type="xsd:int" minOccurs="1" maxOccurs="1"/>
        <xsd:element name="requesterCode" minOccurs="1" maxOccurs="1">
          <xsd:simpleType>
            <xsd:restriction base="xsd:string">
              <xsd:maxLength value="20"/>
            </xsd:restriction>
          </xsd:simpleType>
        </xsd:element>
        <xsd:element name="machineIPAddress" minOccurs="1" maxOccurs="1">
          <xsd:simpleType>
            <xsd:restriction base="xsd:string">
              <xsd:maxLength value="23"/>
            </xsd:restriction>
          </xsd:simpleType>
        </xsd:element>
        <xsd:element name="userPrincipleName" minOccurs="1" maxOccurs="1">
          <xsd:simpleType>
            <xsd:restriction base="xsd:string">
              <xsd:maxLength value="15"/>
            </xsd:restriction>
          </xsd:simpleType>
        </xsd:element>
        <xsd:element name="requestedTimestamp" type="xsd:dateTime" minOccurs="1" maxOccurs="1"/>
        <xsd:element name="channelId" minOccurs="1" maxOccurs="1">
          <xsd:simpleType>
            <xsd:restriction base="xsd:int">
              <xsd:totalDigits value="2"/>
            </xsd:restriction>
          </xsd:simpleType>
        </xsd:element>
        <xsd:element name="LanguageCode" minOccurs="0" maxOccurs="1">
          <xsd:simpleType>
            <xsd:restriction base="xsd:string">
              <xsd:maxLength value="20"/>
            </xsd:restriction>
          </xsd:simpleType>
        </xsd:element>
        <xsd:element name="VersionNumber" minOccurs="0" maxOccurs="1">
          <xsd:simpleType>
            <xsd:restriction base="xsd:string">
              <xsd:maxLength value="20"/>
            </xsd:restriction>
          </xsd:simpleType>
        </xsd:element>
      </xsd:sequence>
    </xsd:complexType>
  </xsd:element>
</xsd:schema>]]></con:content><con:type>http://www.w3.org/2001/XMLSchema</con:type></con:part><con:part><con:url>file:\C:\SAIB\OLP%20Modules%20Docu\TestData\OLP%20Test%20Data\DataPower's%20WSDL\IBDisputeManager.xsd</con:url><con:content><![CDATA[<xs:schema targetNamespace="http://www.saib.com.sa/OLPWareAcquirer/IBDisputeManager/" version="1.0" xmlns:xs="http://www.w3.org/2001/XMLSchema" xmlns:olp="http://www.saib.com.sa/OLPWareAcquirer/IBDisputeManager/" xmlns:xsd="http://www.w3.org/2001/XMLSchema">
  <xsd:annotation>
    <xsd:documentation>This schema defines the data transfer objects used
			by the OLP Dispute Manager service.</xsd:documentation>
  </xsd:annotation>
  <xsd:annotation>
    <xsd:documentation>Below element tag shows the @RequestWrapper and @ResponseWrapper name and type. 
			The default value of the localName is the operationName for Request wrapper and 
			operationName appended by Response for Response wrapper</xsd:documentation>
  </xsd:annotation>
  <xs:element name="InitiateDispute" type="olp:InitiateDispute">
    <xsd:annotation>
      <xsd:documentation>InitiateDispute request jax-ws</xsd:documentation>
    </xsd:annotation>
  </xs:element>
  <xs:element name="InitiateDisputeResponse" type="olp:InitiateDisputeResponse">
    <xsd:annotation>
      <xsd:documentation>InitiateDispute response jax-ws</xsd:documentation>
    </xsd:annotation>
  </xs:element>
  <xs:element name="RetrieveDisputeList" type="olp:RetrieveDisputeList">
    <xsd:annotation>
      <xsd:documentation>RetrieveDisputeListrequest jax-ws</xsd:documentation>
    </xsd:annotation>
  </xs:element>
  <xs:element name="RetrieveDisputeListResponse" type="olp:RetrieveDisputeListResponse">
    <xsd:annotation>
      <xsd:documentation>RetrieveDisputeList response jax-ws</xsd:documentation>
    </xsd:annotation>
  </xs:element>
  <xs:element name="RetrieveDispute" type="olp:RetrieveDispute">
    <xsd:annotation>
      <xsd:documentation>RetrieveDispute request jax-ws</xsd:documentation>
    </xsd:annotation>
  </xs:element>
  <xs:element name="RetrieveDisputeResponse" type="olp:RetrieveDisputeResponse">
    <xsd:annotation>
      <xsd:documentation>RetrieveDispute response jax-ws</xsd:documentation>
    </xsd:annotation>
  </xs:element>
  <xs:element name="Fault" type="olp:Fault">
    <xsd:annotation>
      <xsd:documentation>Dispute Management Fault element wrapper.</xsd:documentation>
    </xsd:annotation>
  </xs:element>
  <xs:complexType name="InitiateDispute">
    <xsd:annotation>
      <xsd:documentation>InitiateDispute request wrapper.</xsd:documentation>
    </xsd:annotation>
    <xs:sequence>
      <xs:element minOccurs="1" maxOccurs="1" name="InitiateDisputeRequest" type="olp:InitiateDisputeRequest"/>
    </xs:sequence>
  </xs:complexType>
  <xs:complexType name="InitiateDisputeRequest">
    <xsd:sequence>
      <xs:element minOccurs="1" maxOccurs="1" name="sadadTransactionNumber" type="xs:string">
        <xsd:annotation>
          <xsd:documentation>The Unique Id of the transaction number</xsd:documentation>
        </xsd:annotation>
      </xs:element>
      <xs:element minOccurs="1" maxOccurs="1" name="category" type="xs:int">
        <xsd:annotation>
          <xsd:documentation>The category of the dispute reason</xsd:documentation>
        </xsd:annotation>
      </xs:element>
      <xs:element minOccurs="1" maxOccurs="1" name="disputeDetails" type="xs:string">
        <xsd:annotation>
          <xsd:documentation>Detailed information of the dispute</xsd:documentation>
        </xsd:annotation>
      </xs:element>
      <xs:element name="customerType" type="xs:int" maxOccurs="1" minOccurs="0">
        <xsd:annotation>
          <xsd:documentation>To identify the person initiating the dispute.Added 
     			to implement CR043 - Raise dispute by Bank User</xsd:documentation>
        </xsd:annotation>
      </xs:element>
    </xsd:sequence>
  </xs:complexType>
  <xs:complexType name="InitiateDisputeResponse">
    <xsd:annotation>
      <xsd:documentation>InitiateDispute response wrapper.</xsd:documentation>
    </xsd:annotation>
    <xs:sequence>
      <xs:element minOccurs="1" maxOccurs="1" name="InitiateDisputeReply" type="olp:InitiateDisputeReply"/>
    </xs:sequence>
  </xs:complexType>
  <xs:complexType name="InitiateDisputeReply">
    <xsd:sequence>
      <xs:element minOccurs="0" maxOccurs="1" name="disputeId" type="xs:long">
        <xsd:annotation>
          <xsd:documentation>Unique ID generated after successful dispute initiation.</xsd:documentation>
        </xsd:annotation>
      </xs:element>
      <xs:element minOccurs="1" maxOccurs="1" name="responseCode" type="xs:string">
        <xsd:annotation>
          <xsd:documentation>
            <xsd:annotation>
              <xsd:documentation>
                Response code:
                <br/>
                00 : Success
                <br/>
                01 : Failure
              </xsd:documentation>
            </xsd:annotation>
          </xsd:documentation>
        </xsd:annotation>
      </xs:element>
      <xs:element minOccurs="0" maxOccurs="1" name="olpBusinessException" type="olp:OlpBusinessException">
        <xsd:annotation>
          <xsd:documentation>Reference Object of Olp Business Exception</xsd:documentation>
        </xsd:annotation>
      </xs:element>
    </xsd:sequence>
  </xs:complexType>
  <xs:complexType name="RetrieveDisputeList">
    <xsd:annotation>
      <xsd:documentation>RetrieveDisputeList request wrapper.</xsd:documentation>
    </xsd:annotation>
    <xs:sequence>
      <xs:element minOccurs="1" maxOccurs="1" name="RetrieveDisputeListRequest" type="olp:RetrieveDisputeListRequest"/>
    </xs:sequence>
  </xs:complexType>
  <xs:complexType name="RetrieveDisputeListRequest">
    <xsd:sequence>
      <xs:element minOccurs="1" maxOccurs="1" name="disputeSearchCriteria" type="olp:DisputeSearchCriteria">
        <xsd:annotation>
          <xsd:documentation>Reference Object of Dispute Search Criteria</xsd:documentation>
        </xsd:annotation>
      </xs:element>
      <xs:element minOccurs="1" maxOccurs="1" name="pagination" type="olp:Pagination">
        <xsd:annotation>
          <xsd:documentation>Reference Object of pagination</xsd:documentation>
        </xsd:annotation>
      </xs:element>
    </xsd:sequence>
  </xs:complexType>
  <xs:complexType name="DisputeSearchCriteria">
    <xs:sequence>
      <xs:element minOccurs="0" maxOccurs="1" name="customer" type="olp:Customer">
        <xsd:annotation>
          <xsd:documentation>Reference Object of customer</xsd:documentation>
        </xsd:annotation>
      </xs:element>
      <xs:element name="sadadTransactionNumber" type="xs:string" maxOccurs="1" minOccurs="0">
        <xsd:annotation>
          <xsd:documentation>Unique ID of the transaction for which the dispute was raised</xsd:documentation>
        </xsd:annotation>
      </xs:element>
      <xs:element minOccurs="0" maxOccurs="1" name="disputeId" type="xs:long">
        <xsd:annotation>
          <xsd:documentation>Unique ID of the Dispute Request</xsd:documentation>
        </xsd:annotation>
      </xs:element>
      <xs:element name="disputeCategory" type="xs:int" maxOccurs="1" minOccurs="0">
        <xsd:annotation>
          <xsd:documentation>Unique ID of the category</xsd:documentation>
        </xsd:annotation>
      </xs:element>
      <xs:element minOccurs="0" maxOccurs="1" name="fromDate" type="xs:date">
        <xsd:annotation>
          <xsd:documentation>Start Date Range within which the dispute request was logged</xsd:documentation>
        </xsd:annotation>
      </xs:element>
      <xs:element minOccurs="0" maxOccurs="1" name="toDate" type="xs:date">
        <xsd:annotation>
          <xsd:documentation>End Date Range within which the dispute request was logged</xsd:documentation>
        </xsd:annotation>
      </xs:element>
      <xs:element minOccurs="0" maxOccurs="1" name="disputeStatus" type="xs:int">
        <xsd:annotation>
          <xsd:documentation>
            Status of the dispute:
            <br/>
            1 : Assigned
            <br/>
            2 : Under Investigation
            <br/>
            3 : Resolved
            <br/>
            4 : Closed
          </xsd:documentation>
        </xsd:annotation>
      </xs:element>
      <xs:element minOccurs="0" maxOccurs="1" name="disputeFlow" type="xs:int">
        <xsd:annotation>
          <xsd:documentation>
            Flow of dispute:
            <br/>
            1 : Incoming
            <br/>
            2 : Outgoing
          </xsd:documentation>
        </xsd:annotation>
      </xs:element>
      <xs:element name="assignedBank" type="xs:string" maxOccurs="1" minOccurs="0">
        <xsd:annotation>
          <xsd:documentation>The code of the bank to which the dispute is currently assigned to</xsd:documentation>
        </xsd:annotation>
      </xs:element>
      <xs:element name="assignedUserId" type="xs:string" maxOccurs="1" minOccurs="0">
        <xsd:annotation>
          <xsd:documentation>The unique user to whom the dispute is currently assigned to</xsd:documentation>
        </xsd:annotation>
      </xs:element>
      <xs:element name="raisedBy" type="xs:int" maxOccurs="1" minOccurs="0">
        <xsd:annotation>
          <xsd:documentation>To search a dispute using raised by criteria.Added
     				to implement CR047</xsd:documentation>
        </xsd:annotation>
      </xs:element>
    </xs:sequence>
  </xs:complexType>
  <xs:complexType name="RetrieveDisputeListResponse">
    <xsd:annotation>
      <xsd:documentation>RetrieveDisputeList response wrapper.</xsd:documentation>
    </xsd:annotation>
    <xs:sequence>
      <xs:element minOccurs="1" maxOccurs="1" name="RetrieveDisputeListReply" type="olp:RetrieveDisputeListReply"/>
    </xs:sequence>
  </xs:complexType>
  <xs:complexType name="RetrieveDisputeListReply">
    <xsd:sequence>
      <xs:element minOccurs="0" maxOccurs="200" name="disputeList" type="olp:DisputeInfo" nillable="true">
        <xsd:annotation>
          <xsd:documentation>Reference Object of dispute List</xsd:documentation>
        </xsd:annotation>
      </xs:element>
      <xs:element minOccurs="0" maxOccurs="1" name="totalNumberOfRecords" type="xs:int">
        <xsd:annotation>
          <xsd:documentation>Total number of records returned in the list</xsd:documentation>
        </xsd:annotation>
      </xs:element>
      <xs:element minOccurs="1" maxOccurs="1" name="responseCode" type="xs:string">
        <xsd:annotation>
          <xsd:documentation>
            Response code:
            <br/>
            00 : Success
            <br/>
            01 : Failure
          </xsd:documentation>
        </xsd:annotation>
      </xs:element>
      <xs:element minOccurs="0" maxOccurs="1" name="olpBusinessException" type="olp:OlpBusinessException">
        <xsd:annotation>
          <xsd:documentation>Reference Object of Olp Business Exception</xsd:documentation>
        </xsd:annotation>
      </xs:element>
    </xsd:sequence>
  </xs:complexType>
  <xs:complexType name="RetrieveDispute">
    <xsd:annotation>
      <xsd:documentation>RetrieveDispute request wrapper.</xsd:documentation>
    </xsd:annotation>
    <xs:sequence>
      <xs:element minOccurs="1" maxOccurs="1" name="RetrieveDisputeRequest" type="olp:RetrieveDisputeRequest"/>
    </xs:sequence>
  </xs:complexType>
  <xs:complexType name="RetrieveDisputeRequest">
    <xsd:sequence>
      <xs:element minOccurs="1" maxOccurs="1" name="disputeId" type="xs:long">
        <xsd:annotation>
          <xsd:documentation>The unique ID of the dispute request</xsd:documentation>
        </xsd:annotation>
      </xs:element>
    </xsd:sequence>
  </xs:complexType>
  <xs:complexType name="RetrieveDisputeResponse">
    <xsd:annotation>
      <xsd:documentation>RetrieveDisputeResponse response wrapper.</xsd:documentation>
    </xsd:annotation>
    <xs:sequence>
      <xs:element minOccurs="1" maxOccurs="1" name="RetrieveDisputeReply" type="olp:RetrieveDisputeReply"/>
    </xs:sequence>
  </xs:complexType>
  <xs:complexType name="RetrieveDisputeReply">
    <xsd:sequence>
      <xs:element minOccurs="0" maxOccurs="1" name="disputeInfo" type="olp:DisputeInfo">
        <xsd:annotation>
          <xsd:documentation>Reference Object of Dispute Info</xsd:documentation>
        </xsd:annotation>
      </xs:element>
      <xs:element minOccurs="0" maxOccurs="200" nillable="true" name="workflowList" type="olp:Workflow">
        <xsd:annotation>
          <xsd:documentation>Reference Object of Workflow</xsd:documentation>
        </xsd:annotation>
      </xs:element>
      <xs:element minOccurs="1" maxOccurs="1" name="responseCode" type="xs:string">
        <xsd:annotation>
          <xsd:documentation>
            Response code:
            <br/>
            00 : Success
            <br/>
            01 : Failure
          </xsd:documentation>
        </xsd:annotation>
      </xs:element>
      <xs:element minOccurs="0" maxOccurs="1" name="olpBusinessException" type="olp:OlpBusinessException">
        <xsd:annotation>
          <xsd:documentation>Reference Object of Olp Business Exception</xsd:documentation>
        </xsd:annotation>
      </xs:element>
    </xsd:sequence>
  </xs:complexType>
  <xsd:complexType name="DisputeInfo">
    <xs:sequence>
      <xs:element minOccurs="1" maxOccurs="1" name="disputeId" type="xs:long">
        <xsd:annotation>
          <xsd:documentation>The unique ID of the dispute request.</xsd:documentation>
        </xsd:annotation>
      </xs:element>
      <xs:element minOccurs="1" maxOccurs="1" name="sadadTransactionNumber" type="xs:string">
        <xsd:annotation>
          <xsd:documentation>Unique Id of the transaction</xsd:documentation>
        </xsd:annotation>
      </xs:element>
      <xs:element name="transactionAmount" type="xs:double" maxOccurs="1" minOccurs="1">
        <xsd:annotation>
          <xsd:documentation>Amount of the transaction</xsd:documentation>
        </xsd:annotation>
      </xs:element>
      <xs:element name="currency" type="xs:string" maxOccurs="1" minOccurs="1">
        <xsd:annotation>
          <xsd:documentation>Currency code of the merchant in ISO 4217 Standards.</xsd:documentation>
        </xsd:annotation>
      </xs:element>
      <xs:element name="transactionDate" type="xs:dateTime" maxOccurs="1" minOccurs="1">
        <xsd:annotation>
          <xsd:documentation>The date and time at which the transaction was executed.</xsd:documentation>
        </xsd:annotation>
      </xs:element>
      <xs:element minOccurs="1" maxOccurs="1" name="category" type="xs:int">
        <xsd:annotation>
          <xsd:documentation>The category of the dispute</xsd:documentation>
        </xsd:annotation>
      </xs:element>
      <xs:element name="categoryDescription" type="xs:string" maxOccurs="1" minOccurs="0">
        <xsd:annotation>
          <xsd:documentation>Description of category category</xsd:documentation>
        </xsd:annotation>
      </xs:element>
      <xs:element minOccurs="1" maxOccurs="1" name="disputeDetails" type="xs:string">
        <xsd:annotation>
          <xsd:documentation>The detailed description of the issue</xsd:documentation>
        </xsd:annotation>
      </xs:element>
      <xs:element minOccurs="1" maxOccurs="1" name="customer" type="olp:Customer">
        <xsd:annotation>
          <xsd:documentation>Reference Object of Customer</xsd:documentation>
        </xsd:annotation>
      </xs:element>
      <xs:element minOccurs="1" maxOccurs="1" name="disputeDate" type="xs:dateTime">
        <xsd:annotation>
          <xsd:documentation>The date and time on which the dispute was raised</xsd:documentation>
        </xsd:annotation>
      </xs:element>
      <xs:element minOccurs="1" maxOccurs="1" name="disputeStatus" type="xs:int">
        <xsd:annotation>
          <xsd:documentation>
            Current status of the dispute:
            <br/>
            1 : Assigned
            <br/>
            2 : Under Investigation
            <br/>
            3 : Resolved
            <br/>
            4 : Closed
          </xsd:documentation>
        </xsd:annotation>
      </xs:element>
      <xs:element name="disputeResolution" type="xs:int" maxOccurs="1" minOccurs="0">
        <xsd:annotation>
          <xsd:documentation>
            The dispute resolution:
            <br/>
            1 : Accepted
            <br/>
            2 : Rejected
          </xsd:documentation>
        </xsd:annotation>
      </xs:element>
      <xs:element name="refundAmount" type="xs:double" maxOccurs="1" minOccurs="0">
        <xsd:annotation>
          <xsd:documentation>The amount that needs/will be refunded</xsd:documentation>
        </xsd:annotation>
      </xs:element>
      <xs:element minOccurs="0" maxOccurs="1" name="resolutionComments" type="xs:string">
        <xsd:annotation>
          <xsd:documentation>Resolution comments for dispute</xsd:documentation>
        </xsd:annotation>
      </xs:element>
      <xs:element minOccurs="0" maxOccurs="1" name="originalBankDisputeFlow" type="xs:int">
        <xsd:annotation>
          <xsd:documentation>
            The flow of the dispute from dispute initiated party ‘ bank perspective(If consumer is raising the dispute original bank will be IB and if merchant is raising the dispute, original bank will be AB):
            <br/>
            1 : Incoming
            <br/>
            2 : Outgoing
          </xsd:documentation>
        </xsd:annotation>
      </xs:element>
      <xs:element minOccurs="0" maxOccurs="1" name="otherBankDisputeFlow" type="xs:int">
        <xsd:annotation>
          <xsd:documentation>
            The flow of the dispute from other bank perspective(If consumer is raising the dispute other bank will be AB and if merchant is raising the dispute, other bank will be IB) :
            <br/>
            1 : Incoming
            <br/>
            2 : Outgoing
          </xsd:documentation>
        </xsd:annotation>
      </xs:element>
      <xs:element minOccurs="0" maxOccurs="1" name="sadadDisputeFlow" type="xs:int">
        <xsd:annotation>
          <xsd:documentation>
            The flow of the dispute from SADAD:
            <br/>
            1 : Incoming
            <br/>
            2 : Outgoing
          </xsd:documentation>
        </xsd:annotation>
      </xs:element>
      <xs:element name="assignedBank" type="xs:string" maxOccurs="1" minOccurs="0">
        <xsd:annotation>
          <xsd:documentation>The code of the bank to which the dispute is currently assigned</xsd:documentation>
        </xsd:annotation>
      </xs:element>
      <xs:element name="assignedUserId" type="xs:string" maxOccurs="1" minOccurs="0">
        <xsd:annotation>
          <xsd:documentation>The unique user to whom the dispute is currently assigned</xsd:documentation>
        </xsd:annotation>
      </xs:element>
    </xs:sequence>
  </xsd:complexType>
  <xs:complexType name="Workflow">
    <xsd:sequence>
      <xs:element minOccurs="1" maxOccurs="1" name="assignedUserId" type="xs:string">
        <xsd:annotation>
          <xsd:documentation>The User ID to which the workflow corresponds to</xsd:documentation>
        </xsd:annotation>
      </xs:element>
      <xs:element minOccurs="1" maxOccurs="1" name="status" type="xs:string">
        <xsd:annotation>
          <xsd:documentation>
            The status of the workflow action item. The following are the possible values:
						   1: Approved
            <br/>
            2:Rejected
            <br/>
            3 : Pending
            <br/>
            4: Completed
          </xsd:documentation>
        </xsd:annotation>
      </xs:element>
      <xs:element minOccurs="1" maxOccurs="1" name="action" type="xs:string">
        <xsd:annotation>
          <xsd:documentation>
            The action of the workflow. The following will be codes :
            <br/>
            FYA
            <br/>
            FYI
          </xsd:documentation>
        </xsd:annotation>
      </xs:element>
      <xs:element minOccurs="0" maxOccurs="1" name="remarks" type="xs:string">
        <xsd:annotation>
          <xsd:documentation>The comments given by the corresponding user of the action</xsd:documentation>
        </xsd:annotation>
      </xs:element>
      <xs:element minOccurs="0" maxOccurs="1" name="actedOn" type="xs:dateTime">
        <xsd:annotation>
          <xsd:documentation>The date and time at which the workflow action took place</xsd:documentation>
        </xsd:annotation>
      </xs:element>
    </xsd:sequence>
  </xs:complexType>
  <xs:complexType name="Customer">
    <xsd:sequence>
      <xs:element minOccurs="0" maxOccurs="1" name="customerId" type="xs:long">
        <xsd:annotation>
          <xsd:documentation>Unique Id of the Customer</xsd:documentation>
        </xsd:annotation>
      </xs:element>
      <xs:element minOccurs="1" maxOccurs="1" name="customerType" type="xs:int">
        <xsd:annotation>
          <xsd:documentation>
            customerType can be :
            <br/>
            1.Consumer
            <br/>
            2.Merchant
          </xsd:documentation>
        </xsd:annotation>
      </xs:element>
    </xsd:sequence>
  </xs:complexType>
  <xsd:complexType name="Pagination">
    <xsd:sequence>
      <xs:element minOccurs="0" maxOccurs="1" name="startIndex" type="xs:int">
        <xsd:annotation>
          <xsd:documentation>Start Index of the pagination</xsd:documentation>
        </xsd:annotation>
      </xs:element>
      <xs:element minOccurs="0" maxOccurs="1" name="totalNumberOfrecords" type="xs:int">
        <xsd:annotation>
          <xsd:documentation>Total number of records required</xsd:documentation>
        </xsd:annotation>
      </xs:element>
      <xs:element minOccurs="0" maxOccurs="1" name="sortingOrder" type="xs:int">
        <xsd:annotation>
          <xsd:documentation>
            Sorting order :
            <br/>
            1:ascending
            <br/>
            2:descending
            <br/>
            Note : default value is descending
          </xsd:documentation>
        </xsd:annotation>
      </xs:element>
      <xs:element minOccurs="0" maxOccurs="1" name="sortingIndex" type="xs:string">
        <xsd:annotation>
          <xsd:documentation>
            These are the possible parameter which are used for sorting:
            <br/>
            disputeId
            <br/>
            disputeDate
            <br/>
            sadadTransactionNumber
            <br/>
            disputeStatus
            <br/>
            category
            <br/>
            assignedUserID
            <br/>
            transactionAmount
            <br/>
            Note : 	disputeId is default parameter for sorting .
          </xsd:documentation>
        </xsd:annotation>
      </xs:element>
    </xsd:sequence>
  </xsd:complexType>
  <xs:complexType name="OlpBusinessException">
    <xs:sequence>
      <xs:element minOccurs="1" maxOccurs="1" name="errorCode" type="xs:string">
        <xsd:annotation>
          <xsd:documentation>Errorcode of the exception occured</xsd:documentation>
        </xsd:annotation>
      </xs:element>
      <xs:element minOccurs="1" maxOccurs="1" name="errorMessage" type="xs:string">
        <xsd:annotation>
          <xsd:documentation>Errormessage of the exception occured</xsd:documentation>
        </xsd:annotation>
      </xs:element>
      <xs:element minOccurs="0" maxOccurs="1" name="reasonCode" type="xs:string">
        <xsd:annotation>
          <xsd:documentation>Errorcode of the exception occured</xsd:documentation>
        </xsd:annotation>
      </xs:element>
      <xs:element minOccurs="0" maxOccurs="1" name="reasonDescription" type="xs:string">
        <xsd:annotation>
          <xsd:documentation>Errormessage of the exception occured</xsd:documentation>
        </xsd:annotation>
      </xs:element>
    </xs:sequence>
  </xs:complexType>
  <xs:complexType name="Fault">
    <xs:sequence>
      <xs:element minOccurs="1" maxOccurs="1" name="faultCode" type="xs:string">
        <xsd:annotation>
          <xsd:documentation>Fault Type of the fault occured</xsd:documentation>
        </xsd:annotation>
      </xs:element>
      <xs:element minOccurs="1" maxOccurs="1" name="faultString" type="xs:string">
        <xsd:annotation>
          <xsd:documentation>Errormessage of the fault occured</xsd:documentation>
        </xsd:annotation>
      </xs:element>
      <xs:element minOccurs="1" maxOccurs="1" name="timeStamp" type="xs:dateTime">
        <xsd:annotation>
          <xsd:documentation>Time when the fault occured</xsd:documentation>
        </xsd:annotation>
      </xs:element>
    </xs:sequence>
  </xs:complexType>
</xs:schema>]]></con:content><con:type>http://www.w3.org/2001/XMLSchema</con:type></con:part></con:definitionCache><con:endpoints><con:endpoint>http://localhost:9080/AcquirerWebService/IBDisputeManagerService</con:endpoint></con:endpoints><con:operation id="cbd5162c-799b-4da4-b46c-b4086da1d21d" isOneWay="false" action="InitiateDispute" name="InitiateDispute" bindingOperationName="InitiateDispute" type="Request-Response" inputName="" receivesAttachments="false" sendsAttachments="false" anonymous="optional"><con:settings/><con:call id="5f4496f1-afd5-4e51-b826-5f8367c4a13d" name="Request 1"><con:settings><con:setting id="com.eviware.soapui.impl.wsdl.WsdlRequest@request-headers">&lt;xml-fragment/></con:setting></con:settings><con:encoding>UTF-8</con:encoding><con:endpoint>http://192.168.105.110:9080/integration/AcquirerWebService/IBDisputeManagerService/1.0</con:endpoint><con:request><![CDATA[<soap:Envelope xmlns:soap="http://www.w3.org/2003/05/soap-envelope" xmlns:olp="http://www.saib.com.sa/OLPWareAcquirer/" xmlns:ibd="http://www.saib.com.sa/OLPWareAcquirer/IBDisputeManager/">\r
   <soap:Header>\r
      <olp:messageHeader>
         <olp:ProcessContextId>SIBC1955991483443933595</olp:ProcessContextId>
         <olp:businessContextId>TM</olp:businessContextId>
         <olp:applicationContextId>4</olp:applicationContextId>
         <olp:requesterCode>SIBC</olp:requesterCode>
         <olp:machineIPAddress>10.10.21.57</olp:machineIPAddress>
         <olp:userPrincipleName>1026</olp:userPrincipleName>
         <olp:requestedTimestamp>2018-01-03T14:45:33</olp:requestedTimestamp>
         <olp:channelId>1</olp:channelId>
         <olp:LanguageCode>en</olp:LanguageCode>
         <olp:VersionNumber>1.0</olp:VersionNumber>
      </olp:messageHeader>
   </soap:Header>\r
   <soap:Body>\r
      <ibd:InitiateDispute>\r
         <InitiateDisputeRequest>\r
            <sadadTransactionNumber>P1000000000000014835</sadadTransactionNumber>\r
            <category>2</category>\r
            <disputeDetails>Testing</disputeDetails>\r
            <!--Optional:-->\r
            <customerType>1</customerType>\r
         </InitiateDisputeRequest>\r
      </ibd:InitiateDispute>\r
   </soap:Body>\r
</soap:Envelope>]]></con:request><con:credentials><con:authType>No Authorization</con:authType></con:credentials><con:jmsConfig JMSDeliveryMode="PERSISTENT"/><con:jmsPropertyConfig/><con:wsaConfig mustUnderstand="NONE" version="200508" action="{http://schemas.xmlsoap.org/wsdl/}InitiateDispute"/><con:wsrmConfig version="1.2"/></con:call></con:operation><con:operation id="191019a4-d3cc-49fe-85b3-0acb0fcc58e7" isOneWay="false" action="RetrieveDispute" name="RetrieveDispute" bindingOperationName="RetrieveDispute" type="Request-Response" inputName="" receivesAttachments="false" sendsAttachments="false" anonymous="optional"><con:settings/><con:call id="2485bac6-d7b3-476f-a430-425d4d76355c" name="Request 1"><con:settings><con:setting id="com.eviware.soapui.impl.wsdl.WsdlRequest@request-headers">&lt;xml-fragment/></con:setting></con:settings><con:encoding>UTF-8</con:encoding><con:endpoint>http://192.168.105.110:9080/integration/AcquirerWebService/IBDisputeManagerService/1.0</con:endpoint><con:request><![CDATA[<soap:Envelope xmlns:soap="http://www.w3.org/2003/05/soap-envelope" xmlns:olp="http://www.saib.com.sa/OLPWareAcquirer/" xmlns:ibd="http://www.saib.com.sa/OLPWareAcquirer/IBDisputeManager/">\r
   <soap:Header>\r
      <olp:messageHeader>
         <olp:ProcessContextId>SIBC1955992483443932482</olp:ProcessContextId>
         <olp:businessContextId>TM</olp:businessContextId>
         <olp:applicationContextId>4</olp:applicationContextId>
         <olp:requesterCode>SIBC</olp:requesterCode>
         <olp:machineIPAddress>10.10.21.57</olp:machineIPAddress>
         <olp:userPrincipleName>1026</olp:userPrincipleName>
         <olp:requestedTimestamp>2018-01-03T14:45:33</olp:requestedTimestamp>
         <olp:channelId>1</olp:channelId>
         <olp:LanguageCode>en</olp:LanguageCode>
         <olp:VersionNumber>1</olp:VersionNumber>
      </olp:messageHeader>
   </soap:Header>\r
   <soap:Body>\r
      <ibd:RetrieveDispute>\r
         <RetrieveDisputeRequest>\r
            <disputeId>1000002331</disputeId>\r
         </RetrieveDisputeRequest>\r
      </ibd:RetrieveDispute>\r
   </soap:Body>\r
</soap:Envelope>]]></con:request><con:credentials><con:authType>No Authorization</con:authType></con:credentials><con:jmsConfig JMSDeliveryMode="PERSISTENT"/><con:jmsPropertyConfig/><con:wsaConfig mustUnderstand="NONE" version="200508" action="{http://schemas.xmlsoap.org/wsdl/}RetrieveDispute"/><con:wsrmConfig version="1.2"/></con:call><con:call id="3e1dc831-027b-4699-a310-befdfdc7e278" name="Request 2"><con:settings/><con:encoding>UTF-8</con:encoding><con:endpoint>http://localhost:9080/AcquirerWebService/IBDisputeManagerService</con:endpoint><con:request><![CDATA[<soap:Envelope xmlns:soap="http://www.w3.org/2003/05/soap-envelope" xmlns:olp="http://www.saib.com.sa/OLPWareAcquirer/" xmlns:ibd="http://www.saib.com.sa/OLPWareAcquirer/IBDisputeManager/">\r
   <soap:Header>\r
      <olp:messageHeader>\r
         <olp:ProcessContextId>?</olp:ProcessContextId>\r
         <olp:businessContextId>?</olp:businessContextId>\r
         <olp:applicationContextId>?</olp:applicationContextId>\r
         <olp:requesterCode>?</olp:requesterCode>\r
         <olp:machineIPAddress>?</olp:machineIPAddress>\r
         <olp:userPrincipleName>?</olp:userPrincipleName>\r
         <olp:requestedTimestamp>?</olp:requestedTimestamp>\r
         <olp:channelId>?</olp:channelId>\r
         <!--Optional:-->\r
         <olp:LanguageCode>?</olp:LanguageCode>\r
         <!--Optional:-->\r
         <olp:VersionNumber>?</olp:VersionNumber>\r
      </olp:messageHeader>\r
   </soap:Header>\r
   <soap:Body>\r
      <ibd:RetrieveDispute>\r
         <RetrieveDisputeRequest>\r
            <disputeId>?</disputeId>\r
         </RetrieveDisputeRequest>\r
      </ibd:RetrieveDispute>\r
   </soap:Body>\r
</soap:Envelope>]]></con:request><con:credentials><con:authType>No Authorization</con:authType></con:credentials><con:jmsConfig JMSDeliveryMode="PERSISTENT"/><con:jmsPropertyConfig/><con:wsaConfig mustUnderstand="NONE" version="200508" action="{http://schemas.xmlsoap.org/wsdl/}RetrieveDispute"/><con:wsrmConfig version="1.2"/></con:call></con:operation><con:operation id="bd45210d-8214-4571-acd4-f92206b928d4" isOneWay="false" action="RetrieveDisputeList" name="RetrieveDisputeList" bindingOperationName="RetrieveDisputeList" type="Request-Response" inputName="" receivesAttachments="false" sendsAttachments="false" anonymous="optional"><con:settings/><con:call id="6ff81473-d795-4ec5-9ec8-dc2080278a9d" name="Request 1"><con:settings><con:setting id="com.eviware.soapui.impl.wsdl.WsdlRequest@request-headers">&lt;xml-fragment/></con:setting></con:settings><con:encoding>UTF-8</con:encoding><con:endpoint>http://192.168.105.110:9080/integration/AcquirerWebService/IBDisputeManagerService/1.0</con:endpoint><con:request><![CDATA[<soap:Envelope xmlns:soap="http://www.w3.org/2003/05/soap-envelope" xmlns:olp="http://www.saib.com.sa/OLPWareAcquirer/" xmlns:ibd="http://www.saib.com.sa/OLPWareAcquirer/IBDisputeManager/">\r
   <soap:Header>\r
      <olp:messageHeader>\r
         <olp:ProcessContextId>SIBC1955992483443933218</olp:ProcessContextId>\r
         <olp:businessContextId>TM</olp:businessContextId>\r
         <olp:applicationContextId>4</olp:applicationContextId>\r
         <olp:requesterCode>SIBC</olp:requesterCode>\r
         <olp:machineIPAddress>10.10.21.57</olp:machineIPAddress>\r
         <olp:userPrincipleName>1026</olp:userPrincipleName>\r
         <olp:requestedTimestamp>2018-01-03T14:45:33</olp:requestedTimestamp>\r
         <olp:channelId>1</olp:channelId>\r
         <olp:LanguageCode>en</olp:LanguageCode>\r
         <olp:VersionNumber>1</olp:VersionNumber>\r
      </olp:messageHeader>\r
   </soap:Header>\r
   <soap:Body>\r
      <ibd:RetrieveDisputeList>\r
         <RetrieveDisputeListRequest>\r
            <disputeSearchCriteria></disputeSearchCriteria>\r
            <pagination>\r
               <startIndex>1</startIndex>\r
               <totalNumberOfrecords>10</totalNumberOfrecords>\r
               <sortingOrder>1</sortingOrder>\r
               <sortingIndex>1</sortingIndex>\r
            </pagination>\r
         </RetrieveDisputeListRequest>\r
      </ibd:RetrieveDisputeList>\r
   </soap:Body>\r
</soap:Envelope>]]></con:request><con:credentials><con:authType>No Authorization</con:authType></con:credentials><con:jmsConfig JMSDeliveryMode="PERSISTENT"/><con:jmsPropertyConfig/><con:wsaConfig mustUnderstand="NONE" version="200508" action="{http://schemas.xmlsoap.org/wsdl/}RetrieveDisputeList"/><con:wsrmConfig version="1.2"/></con:call><con:call id="db8ab4a1-0bcf-4941-b029-683c18be012c" name="Request 2"><con:settings/><con:encoding>UTF-8</con:encoding><con:endpoint>http://localhost:9080/AcquirerWebService/IBDisputeManagerService</con:endpoint><con:request><![CDATA[<soap:Envelope xmlns:soap="http://www.w3.org/2003/05/soap-envelope" xmlns:olp="http://www.saib.com.sa/OLPWareAcquirer/" xmlns:ibd="http://www.saib.com.sa/OLPWareAcquirer/IBDisputeManager/">\r
   <soap:Header>\r
      <olp:messageHeader>\r
         <olp:ProcessContextId>?</olp:ProcessContextId>\r
         <olp:businessContextId>?</olp:businessContextId>\r
         <olp:applicationContextId>?</olp:applicationContextId>\r
         <olp:requesterCode>?</olp:requesterCode>\r
         <olp:machineIPAddress>?</olp:machineIPAddress>\r
         <olp:userPrincipleName>?</olp:userPrincipleName>\r
         <olp:requestedTimestamp>?</olp:requestedTimestamp>\r
         <olp:channelId>?</olp:channelId>\r
         <!--Optional:-->\r
         <olp:LanguageCode>?</olp:LanguageCode>\r
         <!--Optional:-->\r
         <olp:VersionNumber>?</olp:VersionNumber>\r
      </olp:messageHeader>\r
   </soap:Header>\r
   <soap:Body>\r
      <ibd:RetrieveDisputeList>\r
         <RetrieveDisputeListRequest>\r
            <disputeSearchCriteria>\r
               <!--Optional:-->\r
               <customer>\r
                  <!--Optional:-->\r
                  <customerId>?</customerId>\r
                  <customerType>?</customerType>\r
               </customer>\r
               <!--Optional:-->\r
               <sadadTransactionNumber>?</sadadTransactionNumber>\r
               <!--Optional:-->\r
               <disputeId>?</disputeId>\r
               <!--Optional:-->\r
               <disputeCategory>?</disputeCategory>\r
               <!--Optional:-->\r
               <fromDate>?</fromDate>\r
               <!--Optional:-->\r
               <toDate>?</toDate>\r
               <!--Optional:-->\r
               <disputeStatus>?</disputeStatus>\r
               <!--Optional:-->\r
               <disputeFlow>?</disputeFlow>\r
               <!--Optional:-->\r
               <assignedBank>?</assignedBank>\r
               <!--Optional:-->\r
               <assignedUserId>?</assignedUserId>\r
               <!--Optional:-->\r
               <raisedBy>?</raisedBy>\r
            </disputeSearchCriteria>\r
            <pagination>\r
               <!--Optional:-->\r
               <startIndex>?</startIndex>\r
               <!--Optional:-->\r
               <totalNumberOfrecords>?</totalNumberOfrecords>\r
               <!--Optional:-->\r
               <sortingOrder>?</sortingOrder>\r
               <!--Optional:-->\r
               <sortingIndex>?</sortingIndex>\r
            </pagination>\r
         </RetrieveDisputeListRequest>\r
      </ibd:RetrieveDisputeList>\r
   </soap:Body>\r
</soap:Envelope>]]></con:request><con:credentials><con:authType>No Authorization</con:authType></con:credentials><con:jmsConfig JMSDeliveryMode="PERSISTENT"/><con:jmsPropertyConfig/><con:wsaConfig mustUnderstand="NONE" version="200508" action="{http://schemas.xmlsoap.org/wsdl/}RetrieveDisputeList"/><con:wsrmConfig version="1.2"/></con:call></con:operation></con:interface><con:properties/><con:wssContainer/><con:oAuth2ProfileContainer/><con:oAuth1ProfileContainer/><con:databaseConnectionContainer/><con:reporting><con:xmlTemplates/><con:parameters/></con:reporting><con:sensitiveInformation/></con:soapui-project>