<?xml version="1.0" encoding="UTF-8"?>
<con:soapui-project id="ad1dc982-0620-4a36-8399-a4f8ab243566" activeEnvironment="Default" name="EOD" resourceRoot="" soapui-version="5.4.0" abortOnError="false" runType="SEQUENTIAL" xmlns:con="http://eviware.com/soapui/config"><con:settings/><con:interface xsi:type="con:WsdlInterface" id="95656f8c-1ac7-4a1e-9ba8-2e19783f2255" wsaVersion="NONE" name="SADADEODHttpBinding" type="wsdl" bindingName="{http://www.saib.com.sa/integration/sadadeod/v1}SADADEODHttpBinding" soapVersion="1_1" anonymous="optional" definition="file:/C:/SAIB/EBPP/EOD/SADADEOD.wsdl" xmlns:xsi="http://www.w3.org/2001/XMLSchema-instance"><con:settings/><con:definitionCache type="TEXT" rootPart="file:\C:\SAIB\EBPP\EOD\SADADEOD.wsdl"><con:part><con:url>file:\C:\SAIB\EBPP\EOD\SADADEOD.wsdl</con:url><con:content><![CDATA[<wsdl:definitions name="SADADEOD" targetNamespace="http://www.saib.com.sa/integration/sadadeod/v1" xmlns:wsdl="http://schemas.xmlsoap.org/wsdl/" xmlns:soap="http://schemas.xmlsoap.org/wsdl/soap/" xmlns:tns="http://www.saib.com.sa/integration/sadadeod/v1" xmlns:xsd="http://www.w3.org/2001/XMLSchema" xmlns:xsd1="http://www.saib.com.sa/integration/Common/1.0">
  <wsdl:documentation>
    <wsdl:appinfo source="WMQI_APPINFO">
      <MRWSDLAppInfo imported="true">
        <binding hasEncoding="false" imported="true" name="SADADEODHttpBinding" originalBindingStyle="document"/>
      </MRWSDLAppInfo>
    </wsdl:appinfo>
  </wsdl:documentation>
  <wsdl:types>
    <xsd:schema>
      <xsd:import namespace="http://www.saib.com.sa/integration/sadadeod/v1" schemaLocation="SADADEOD.xsd"></xsd:import>
      <xsd:import namespace="http://www.saib.com.sa/integration/Common/1.0" schemaLocation="../SAIBCommonLib/SAIBCommon.xsd"></xsd:import>
    </xsd:schema>
  </wsdl:types>
  <wsdl:message name="BankCutOffReqMsg">
    <wsdl:part name="ReqHeader" element="xsd1:ReqHeader"/>
    <wsdl:part name="BankCutOffReq" element="tns:BankCutOffRequest"/>
  </wsdl:message>
  <wsdl:message name="BankCutOffResMsg">
    <wsdl:part name="RespHeader" element="xsd1:RespHeader"/>
    <wsdl:part name="BankCutOffRes" element="tns:BankCutOffResponse"/>
  </wsdl:message>
  <wsdl:message name="BankReconDownloadReqMsg">
    <wsdl:part name="ReqHeader" element="xsd1:ReqHeader"/>
    <wsdl:part name="BankReconDownloadReq" element="tns:BankReconDownloadRequest"/>
  </wsdl:message>
  <wsdl:message name="BankReconDownloadResMsg">
    <wsdl:part name="RespHeader" element="xsd1:RespHeader"/>
    <wsdl:part name="BankReconDownloadRes" element="tns:BankReconDownloadResponse"/>
  </wsdl:message>
  <wsdl:message name="BankSplUploadReqMsg">
    <wsdl:part name="ReqHeader" element="xsd1:ReqHeader"/>
    <wsdl:part name="BankSplUploadReq" element="tns:BankSplUploadRequest"/>
  </wsdl:message>
  <wsdl:message name="BankSplUploadResMsg">
    <wsdl:part name="RespHeader" element="xsd1:RespHeader"/>
    <wsdl:part name="BankSplUploadRes" element="tns:BankSplUploadResponse"/>
  </wsdl:message>
  <wsdl:message name="BankRefundCutOffReqMsg">
    <wsdl:part name="ReqHeader" element="xsd1:ReqHeader"/>
    <wsdl:part name="BankRefundCutOffReq" element="tns:BankRefundCutOffRequest"/>
  </wsdl:message>
  <wsdl:message name="BankRefundCutOffResMsg">
    <wsdl:part name="RespHeader" element="xsd1:RespHeader"/>
    <wsdl:part name="BankRefundCutOffRes" element="tns:BankRefundCutOffResponse"/>
  </wsdl:message>
  <wsdl:message name="ReconRefundRecReqMsg">
    <wsdl:part name="ReqHeader" element="xsd1:ReqHeader"/>
    <wsdl:part name="ReconRefundRecReq" element="tns:ReconRefundRecRequest"/>
  </wsdl:message>
  <wsdl:message name="ReconRefundRecResMsg">
    <wsdl:part name="RespHeader" element="xsd1:RespHeader"/>
    <wsdl:part name="ReconRefundRecRes" element="tns:ReconRefundRecResponse"/>
  </wsdl:message>
  <wsdl:message name="BankSrlUploadReqMsg">
    <wsdl:part name="ReqHeader" element="xsd1:ReqHeader"/>
    <wsdl:part name="BankSrlUploadReq" element="tns:BankSrlUploadRequest"/>
  </wsdl:message>
  <wsdl:message name="BankSrlUploadResMsg">
    <wsdl:part name="RespHeader" element="xsd1:RespHeader"/>
    <wsdl:part name="BankSrlUploadRes" element="tns:BankSrlUploadResponse"/>
  </wsdl:message>
  <wsdl:portType name="SADADEOD">
    <wsdl:operation name="BankCutOff">
      <wsdl:input message="tns:BankCutOffReqMsg" name="BankCutOffRequest"/>
      <wsdl:output message="tns:BankCutOffResMsg" name="BankCutOffResponse"/>
    </wsdl:operation>
    <wsdl:operation name="BankReconDownload">
      <wsdl:input message="tns:BankReconDownloadReqMsg" name="BankReconDownloadRequest"/>
      <wsdl:output message="tns:BankReconDownloadResMsg" name="BankReconDownloadResponse"/>
    </wsdl:operation>
    <wsdl:operation name="BankSplUpload">
      <wsdl:input message="tns:BankSplUploadReqMsg" name="BankSplUploadRequest"/>
      <wsdl:output message="tns:BankSplUploadResMsg" name="BankSplUploadResponse"/>
    </wsdl:operation>
    <wsdl:operation name="BankRefundCutOff">
      <wsdl:input message="tns:BankRefundCutOffReqMsg" name="BankRefundCutOffRequest"/>
      <wsdl:output message="tns:BankRefundCutOffResMsg" name="BankRefundCutOffResponse"/>
    </wsdl:operation>
    <wsdl:operation name="ReconRefundRec">
      <wsdl:input message="tns:ReconRefundRecReqMsg" name="ReconRefundRecRequest"/>
      <wsdl:output message="tns:ReconRefundRecResMsg" name="ReconRefundRecResponse"/>
    </wsdl:operation>
    <wsdl:operation name="BankSrlUpload">
      <wsdl:input message="tns:BankSrlUploadReqMsg" name="BankSrlUploadRequest"/>
      <wsdl:output message="tns:BankSrlUploadResMsg" name="BankSrlUploadResponse"/>
    </wsdl:operation>
  </wsdl:portType>
  <wsdl:binding name="SADADEODHttpBinding" type="tns:SADADEOD">
    <soap:binding style="document" transport="http://schemas.xmlsoap.org/soap/http"/>
    <wsdl:operation name="BankCutOff">
      <soap:operation soapAction="BankCutOff"/>
      <wsdl:input name="BankCutOffRequest">
        <soap:header use="literal" part="ReqHeader" message="tns:BankCutOffReqMsg"/>
        <soap:body use="literal" parts="BankCutOffReq"/>
      </wsdl:input>
      <wsdl:output name="BankCutOffResponse">
        <soap:header use="literal" part="RespHeader" message="tns:BankCutOffResMsg"/>
        <soap:body use="literal" parts="BankCutOffRes"/>
      </wsdl:output>
    </wsdl:operation>
    <wsdl:operation name="BankReconDownload">
      <soap:operation soapAction="BankReconDownload"/>
      <wsdl:input name="BankReconDownloadRequest">
        <soap:header use="literal" part="ReqHeader" message="tns:BankReconDownloadReqMsg"/>
        <soap:body use="literal" parts="BankReconDownloadReq"/>
      </wsdl:input>
      <wsdl:output name="BankReconDownloadResponse">
        <soap:header use="literal" part="RespHeader" message="tns:BankReconDownloadResMsg"/>
        <soap:body use="literal" parts="BankReconDownloadRes"/>
      </wsdl:output>
    </wsdl:operation>
    <wsdl:operation name="BankSplUpload">
      <soap:operation soapAction="BankSplUpload"/>
      <wsdl:input name="BankSplUploadRequest">
        <soap:header use="literal" part="ReqHeader" message="tns:BankSplUploadReqMsg"/>
        <soap:body use="literal" parts="BankSplUploadReq"/>
      </wsdl:input>
      <wsdl:output name="BankSplUploadResponse">
        <soap:header use="literal" part="RespHeader" message="tns:BankSplUploadResMsg"/>
        <soap:body use="literal" parts="BankSplUploadRes"/>
      </wsdl:output>
    </wsdl:operation>
    <wsdl:operation name="BankRefundCutOff">
      <soap:operation soapAction="BankRefundCutOff"/>
      <wsdl:input name="BankRefundCutOffRequest">
        <soap:header use="literal" part="ReqHeader" message="tns:BankRefundCutOffReqMsg"/>
        <soap:body use="literal" parts="BankRefundCutOffReq"/>
      </wsdl:input>
      <wsdl:output name="BankRefundCutOffResponse">
        <soap:header use="literal" part="RespHeader" message="tns:BankRefundCutOffResMsg"/>
        <soap:body use="literal" parts="BankRefundCutOffRes"/>
      </wsdl:output>
    </wsdl:operation>
    <wsdl:operation name="ReconRefundRec">
      <soap:operation soapAction="ReconRefundRec"/>
      <wsdl:input name="ReconRefundRecRequest">
        <soap:header use="literal" part="ReqHeader" message="tns:ReconRefundRecReqMsg"/>
        <soap:body use="literal" parts="ReconRefundRecReq"/>
      </wsdl:input>
      <wsdl:output name="ReconRefundRecResponse">
        <soap:header use="literal" part="RespHeader" message="tns:ReconRefundRecResMsg"/>
        <soap:body use="literal" parts="ReconRefundRecRes"/>
      </wsdl:output>
    </wsdl:operation>
    <wsdl:operation name="BankSrlUpload">
      <soap:operation soapAction="BankSrlUpload"/>
      <wsdl:input name="BankSrlUploadRequest">
        <soap:header use="literal" part="ReqHeader" message="tns:BankSrlUploadReqMsg"/>
        <soap:body use="literal" parts="BankSrlUploadReq"/>
      </wsdl:input>
      <wsdl:output name="BankSrlUploadResponse">
        <soap:header use="literal" part="RespHeader" message="tns:BankSrlUploadResMsg"/>
        <soap:body use="literal" parts="BankSrlUploadRes"/>
      </wsdl:output>
    </wsdl:operation>
  </wsdl:binding>
  <wsdl:service name="SADADEOD">
    <wsdl:port binding="tns:SADADEODHttpBinding" name="SADADEODHttpPort">
      <soap:address location="http://localhost:7800/integration/SADADEOD/v1"/>
    </wsdl:port>
  </wsdl:service>
</wsdl:definitions>]]></con:content><con:type>http://schemas.xmlsoap.org/wsdl/</con:type></con:part><con:part><con:url>file:\C:\SAIB\EBPP\EOD\SADADEOD.xsd</con:url><con:content><![CDATA[<schema elementFormDefault="qualified" targetNamespace="http://www.saib.com.sa/integration/sadadeod/v1" xmlns="http://www.w3.org/2001/XMLSchema" xmlns:ibmSchExtn="http://www.ibm.com/schema/extensions" xmlns:pref="http://www.saib.com.sa/integration/Common/1.0" xmlns:tns="http://www.saib.com.sa/integration/sadadeod/v1" xmlns:xsd="http://www.w3.org/2001/XMLSchema">
  <xsd:element ibmSchExtn:docRoot="true" name="BankCutOffRequest">
    <!--<xsd:complexType> <xsd:sequence> <xsd:element name="in" type="xsd:string"/> 
			</xsd:sequence> </xsd:complexType>-->
  </xsd:element>
  <xsd:element ibmSchExtn:docRoot="true" name="BankCutOffResponse">
    <!--<xsd:complexType> <xsd:sequence> <xsd:element name="out" type="string" 
			/> </xsd:sequence> </xsd:complexType>-->
  </xsd:element>
  <xsd:element ibmSchExtn:docRoot="true" name="BankSplUploadRequest">
    <!--<xsd:complexType> <xsd:sequence> <xsd:element name="in" type="xsd:string"/> 
			</xsd:sequence> </xsd:complexType>-->
  </xsd:element>
  <xsd:element ibmSchExtn:docRoot="true" name="BankSplUploadResponse">
    <!--<xsd:complexType> <xsd:sequence> <xsd:element name="out" type="string" 
			/> </xsd:sequence> </xsd:complexType>-->
  </xsd:element>
  <xsd:element ibmSchExtn:docRoot="true" name="BankReconDownloadRequest">
    <!--<xsd:complexType> <xsd:sequence> <xsd:element name="in" type="xsd:string"/> 
			</xsd:sequence> </xsd:complexType>-->
  </xsd:element>
  <xsd:element ibmSchExtn:docRoot="true" name="BankReconDownloadResponse">
    <!--<xsd:complexType> <xsd:sequence> <xsd:element name="out" type="string" 
			/> </xsd:sequence> </xsd:complexType>-->
  </xsd:element>
  <xsd:element ibmSchExtn:docRoot="true" name="ReconRefundRecRequest">
    <!--<xsd:complexType> <xsd:sequence> <xsd:element name="in" type="xsd:string"/> 
			</xsd:sequence> </xsd:complexType>-->
  </xsd:element>
  <xsd:element ibmSchExtn:docRoot="true" name="ReconRefundRecResponse">
    <!--<xsd:complexType> <xsd:sequence> <xsd:element name="out" type="string" 
			/> </xsd:sequence> </xsd:complexType>-->
  </xsd:element>
  <xsd:element ibmSchExtn:docRoot="true" name="BankRefundCutOffRequest">
    <!--<xsd:complexType> <xsd:sequence> <xsd:element name="in" type="xsd:string"/> 
			</xsd:sequence> </xsd:complexType>-->
  </xsd:element>
  <xsd:element ibmSchExtn:docRoot="true" name="BankRefundCutOffResponse">
    <!--<xsd:complexType> <xsd:sequence> <xsd:element name="out" type="string" 
			/> </xsd:sequence> </xsd:complexType>-->
  </xsd:element>
  <xsd:element ibmSchExtn:docRoot="true" name="BankSrlUploadRequest">
    <!--<xsd:complexType> <xsd:sequence> <xsd:element name="in" type="xsd:string"/> 
			</xsd:sequence> </xsd:complexType>-->
  </xsd:element>
  <xsd:element ibmSchExtn:docRoot="true" name="BankSrlUploadResponse">
    <!--<xsd:complexType> <xsd:sequence> <xsd:element name="out" type="string" 
			/> </xsd:sequence> </xsd:complexType>-->
  </xsd:element>
</schema>]]></con:content><con:type>http://www.w3.org/2001/XMLSchema</con:type></con:part><con:part><con:url>file:\C:\SAIB\EBPP\SAIBCommonLib\SAIBCommon.xsd</con:url><con:content><![CDATA[<xsd:schema attributeFormDefault="qualified" elementFormDefault="qualified" targetNamespace="http://www.saib.com.sa/integration/Common/1.0" version="1.0" xmlns:xsd="http://www.w3.org/2001/XMLSchema" xmlns="http://www.saib.com.sa/integration/Common/1.0" xmlns:err="http://www.saib.com.sa/integration/Error/1.0" xmlns:sys="http://www.saib.com.sa/integration/Common/System/1.0" xmlns:tns="http://www.saib.com.sa/integration/Common/1.0" xmlns:pref="http://www.saib.com.sa/integration/Error/1.0" xmlns:pref1="http://www.saib.com.sa/integration/Common/System/1.0">
  <xsd:import schemaLocation="Error.xsd" namespace="http://www.saib.com.sa/integration/Error/1.0"></xsd:import>
  <xsd:import schemaLocation="SAIBSystemTypes.xsd" namespace="http://www.saib.com.sa/integration/Common/System/1.0"/>
  <xsd:complexType abstract="true" name="BaseTypeRequest">
    <xsd:annotation>
      <xsd:documentation>This is the base type from which all request and
				response elements are extended.</xsd:documentation>
    </xsd:annotation>
    <xsd:sequence>
      <xsd:element ref="ReqHeader"/>
    </xsd:sequence>
  </xsd:complexType>
  <xsd:complexType abstract="true" name="BaseTypeResponse">
    <xsd:annotation>
      <xsd:documentation>This is the base type from which all request and
				response elements are extended.</xsd:documentation>
    </xsd:annotation>
    <xsd:sequence>
      <xsd:element ref="RespHeader"/>
    </xsd:sequence>
  </xsd:complexType>
  <xsd:element name="ReqHeader" type="MessageHeader_Type"/>
  <xsd:complexType name="MessageHeader_Type">
    <xsd:annotation>
      <xsd:documentation>MessageHeader to be included in all Service
				request and
				response</xsd:documentation>
    </xsd:annotation>
    <xsd:sequence>
      <xsd:element ref="ServiceCode"/>
      <xsd:element ref="Version"/>
      <xsd:element ref="RequesterId"/>
      <xsd:element ref="TransactionId"/>
      <xsd:element ref="CorrelationId" maxOccurs="1" minOccurs="0"/>
      <xsd:element ref="Timestamp"/>
      <xsd:element ref="TimeZone" maxOccurs="1" minOccurs="0"/>
      <xsd:element minOccurs="0" ref="Lang"/>
      <xsd:element minOccurs="0" ref="ProfileLang"/>
      <xsd:element ref="EndUserInfo"/>
    </xsd:sequence>
  </xsd:complexType>
  <xsd:complexType name="Property_Type">
    <xsd:annotation>
      <xsd:documentation>To hold additional properties for a Lookup</xsd:documentation>
    </xsd:annotation>
    <xsd:sequence>
      <xsd:element name="Name" type="sys:C32_SType"/>
      <xsd:element name="Value" type="sys:C64_SType"/>
    </xsd:sequence>
  </xsd:complexType>
  <!--Service Registery Event Struture-->
  <xsd:element name="ServiceRegistryMsg" type="ServiceRegistryMsg"/>
  <xsd:complexType name="Target">
    <xsd:sequence>
      <xsd:element minOccurs="0" name="name" type="xsd:string"/>
      <xsd:element minOccurs="0" name="bsrURI" type="xsd:string"/>
      <xsd:element minOccurs="0" name="description" type="xsd:string"/>
      <xsd:element minOccurs="0" name="creationTimestamp" type="xsd:string"/>
      <xsd:element minOccurs="0" name="LastModified" type="xsd:string"/>
      <xsd:element minOccurs="0" name="LastModifiedBy" type="xsd:string"/>
      <xsd:element minOccurs="0" name="Namespace" type="xsd:string"/>
      <xsd:element minOccurs="0" name="Owner" type="xsd:string"/>
      <xsd:element minOccurs="0" name="Version" type="xsd:string"/>
      <xsd:element name="userProperties">
        <xsd:complexType>
          <xsd:sequence>
            <xsd:element maxOccurs="unbounded" minOccurs="0" name="entry">
              <xsd:complexType>
                <xsd:sequence>
                  <xsd:element minOccurs="0" name="key" type="xsd:string"/>
                  <xsd:element minOccurs="0" name="value" type="xsd:string"/>
                </xsd:sequence>
              </xsd:complexType>
            </xsd:element>
          </xsd:sequence>
        </xsd:complexType>
      </xsd:element>
    </xsd:sequence>
  </xsd:complexType>
  <xsd:complexType name="Relation">
    <xsd:sequence>
      <xsd:element minOccurs="0" name="name" type="xsd:string"/>
      <xsd:element maxOccurs="unbounded" minOccurs="0" name="targets" nillable="true" type="Target"/>
    </xsd:sequence>
  </xsd:complexType>
  <xsd:complexType name="SRObject">
    <xsd:sequence>
      <xsd:element minOccurs="0" name="bsruri" type="xsd:string"/>
      <xsd:element minOccurs="0" name="type" type="xsd:string"/>
      <xsd:element minOccurs="0" name="name" type="xsd:string"/>
      <xsd:element minOccurs="0" name="description" type="xsd:string"/>
      <xsd:element minOccurs="0" name="namespace" type="xsd:string"/>
      <xsd:element minOccurs="0" name="version" type="xsd:string"/>
      <xsd:element minOccurs="0" name="transition" type="xsd:string"/>
      <xsd:element minOccurs="0" name="classificationURIs" type="xsd:string"/>
      <xsd:element name="userProperties">
        <xsd:complexType>
          <xsd:sequence>
            <xsd:element maxOccurs="unbounded" minOccurs="0" name="entry">
              <xsd:complexType>
                <xsd:sequence>
                  <xsd:element minOccurs="0" name="key" type="xsd:string"/>
                  <xsd:element minOccurs="0" name="value" type="xsd:string"/>
                </xsd:sequence>
              </xsd:complexType>
            </xsd:element>
          </xsd:sequence>
        </xsd:complexType>
      </xsd:element>
      <xsd:element maxOccurs="unbounded" minOccurs="0" name="userRelationships" nillable="true" type="Relation"/>
      <xsd:element minOccurs="0" name="namedQuery" type="NQResult"/>
    </xsd:sequence>
  </xsd:complexType>
  <xsd:complexType name="NQResult">
    <xsd:sequence>
      <xsd:element maxOccurs="unbounded" minOccurs="0" name="result" nillable="true" type="ResultEntry"/>
    </xsd:sequence>
  </xsd:complexType>
  <xsd:complexType name="ResultEntry">
    <xsd:sequence>
      <xsd:element name="resultEntries">
        <xsd:complexType>
          <xsd:sequence>
            <xsd:element maxOccurs="unbounded" minOccurs="0" name="entry">
              <xsd:complexType>
                <xsd:sequence>
                  <xsd:element minOccurs="0" name="key" type="xsd:string"/>
                  <xsd:element minOccurs="0" name="value" type="xsd:string"/>
                </xsd:sequence>
              </xsd:complexType>
            </xsd:element>
          </xsd:sequence>
        </xsd:complexType>
      </xsd:element>
    </xsd:sequence>
  </xsd:complexType>
  <xsd:complexType name="ServiceRegistryMsg">
    <xsd:sequence>
      <xsd:element minOccurs="0" name="event" type="xsd:string"/>
      <xsd:element minOccurs="0" name="oldSRObject" type="SRObject"/>
      <xsd:element minOccurs="0" name="newSRObject" type="SRObject"/>
    </xsd:sequence>
  </xsd:complexType>
  <xsd:complexType name="Fault_Type">
    <xsd:annotation>
      <xsd:documentation>-Represents a Fault in SAIB systems</xsd:documentation>
    </xsd:annotation>
    <xsd:sequence>
      <xsd:element ref="FaultCode"/>
      <xsd:element ref="FaultString"/>
      <xsd:element ref="FaultActor"/>
    </xsd:sequence>
  </xsd:complexType>
  <xsd:element name="CreateTime" type="sys:Date_SType"/>
  <xsd:element name="LastUpdateTime" type="sys:Date_SType"/>
  <xsd:element name="FaultCode" type="sys:NC16_SType"/>
  <xsd:element name="FaultString" type="sys:C128_SType"/>
  <xsd:element name="FaultActor" type="xsd:long"/>
  <xsd:complexType name="Status_Type">
    <xsd:annotation>
      <xsd:documentation>-Represents a Status in SAIB systems</xsd:documentation>
    </xsd:annotation>
    <xsd:sequence>
      <xsd:element ref="StatusCode"/>
      <xsd:element minOccurs="0" ref="OriginalCode"/>
      <xsd:element minOccurs="0" ref="TechDescription"/>
      <xsd:element minOccurs="0" ref="BusinessDescription"/>
      <xsd:element minOccurs="0" ref="Suggestion"/>
      <!--<xsd:element ref="err:Severity" />
			<xsd:element minOccurs="0" ref="err:Parameters" />-->
    </xsd:sequence>
  </xsd:complexType>
  <xsd:element name="Status" type="Status_Type"/>
  <xsd:element name="StartDate" type="sys:Date_SType"/>
  <xsd:element name="EndDate" type="sys:Date_SType"/>
  <xsd:element name="Timestamp" type="sys:Date_SType"/>
  <xsd:element name="Amount" type="sys:Amount_SType"/>
  <xsd:element name="UserName" type="xsd:string"/>
  <xsd:element name="RequesterId" type="sys:C8_SType"/>
  <xsd:element name="TransactionId" type="sys:C16_SType"/>
  <xsd:element name="Password" type="xsd:string"/>
  <xsd:element name="CorrelationId" type="sys:UUID_SType"/>
  <xsd:element name="CustMobileNumber" type="sys:NC16_SType"/>
  <xsd:element name="StatusCode" type="sys:C5_SType"/>
  <xsd:element name="OriginalCode" type="sys:C12_SType"/>
  <xsd:element name="TechDescription" type="sys:C128_SType"/>
  <xsd:element name="BusinessDescription" type="sys:C128_SType"/>
  <xsd:element name="Suggestion" type="sys:C128_SType"/>
  <xsd:element name="StatusDesc" type="xsd:string"/>
  <xsd:element name="Date" type="sys:Date_SType"/>
  <xsd:element default="0" name="Lang" type="sys:LanguagePref_SType"/>
  <xsd:element default="0" name="ProfileLang" type="sys:LanguagePref_SType"/>
  <xsd:element name="UserId" type="sys:C64_SType"/>
  <xsd:element name="MachineIP" type="sys:C32_SType"/>
  <xsd:element name="CustomerNum" type="sys:C6_SType"/>
  <xsd:element name="ConsumerBusinessFunction" type="sys:C32_SType"/>
  <xsd:element name="ScreenName" type="sys:C32_SType"/>
  <xsd:element name="ActionName" type="sys:C32_SType"/>
  <xsd:element name="SessionId" type="sys:C256_SType"/>
  <xsd:element name="EndUserInfo" type="EndUserInfoType"/>
  <xsd:element name="ServiceCode" type="sys:Identifier_SType"/>
  <xsd:element default="GMT+3" name="TimeZone" type="sys:C6_SType"/>
  <xsd:element name="Currency" type="sys:CurrencyType_Enums"/>
  <xsd:element name="Channel" type="Channel_SType"/>
  <xsd:element name="AgentType" type="sys:C256_SType"/>
  <xsd:element name="AccountKey" type="sys:NC32_SType"/>
  <xsd:element name="AccountType" type="AccountType_Enum"/>
  <xsd:simpleType name="AccountType_Enum">
    <xsd:annotation>
      <xsd:documentation>Defines the known values for Possible Types of
				Account</xsd:documentation>
    </xsd:annotation>
    <xsd:restriction base="sys:NC32_SType">
      <xsd:enumeration value="SAVINGS"/>
      <xsd:enumeration value="CARPORATE"/>
    </xsd:restriction>
  </xsd:simpleType>
  <xsd:complexType name="EndUserInfoType">
    <xsd:sequence>
      <xsd:element ref="UserId"/>
      <xsd:element ref="Password" maxOccurs="1" minOccurs="0"/>
      <xsd:element ref="Channel"/>
      <xsd:element ref="AgentType" minOccurs="0"/>
      <xsd:element ref="MachineIP"/>
      <xsd:element ref="CustomerNum" maxOccurs="1" minOccurs="0"/>
      <xsd:element ref="ConsumerBusinessFunction" maxOccurs="1" minOccurs="0"/>
      <xsd:element ref="ScreenName" maxOccurs="1" minOccurs="0"/>
      <xsd:element ref="ActionName" maxOccurs="1" minOccurs="0"/>
      <xsd:element ref="SessionId" maxOccurs="1" minOccurs="0"/>
    </xsd:sequence>
  </xsd:complexType>
  <!--<xs:complexType name="ServiceEndPoint_Type"> <xs:annotation> <xs:documentation>-Represents 
		a Service End Point</xs:documentation> </xs:annotation> <xs:sequence> <xs:element 
		ref="PartnerKey"/> <xs:choice> <xs:element name="MQEndPoint" type="MQEndPoint_Type"/> 
		<xs:element name="SOAPEndPoint" type="SOAPEndPoint_Type"/> </xs:choice> <xs:element 
		ref="Platform" minOccurs="0"/> </xs:sequence> </xs:complexType>-->
  <xsd:complexType name="BaseEndPoint_Type">
    <xsd:annotation>
      <xsd:documentation>-Represents a Base Service End Point</xsd:documentation>
    </xsd:annotation>
    <xsd:sequence>
      <xsd:element minOccurs="0" ref="Version"/>
      <xsd:element minOccurs="0" name="Namespace"/>
      <xsd:element name="ServiceName" type="sys:C255_SType"/>
      <xsd:element name="ServiceNamespace" type="sys:C255_SType"/>
      <xsd:element minOccurs="0" name="ServiceVersion" type="sys:NC8_SType"/>
      <xsd:element minOccurs="0" name="PortName" type="sys:NC8_SType"/>
    </xsd:sequence>
  </xsd:complexType>
  <xsd:complexType name="MQEndPoint_Type">
    <xsd:annotation>
      <xsd:documentation>-Represents a Service MQ End Point</xsd:documentation>
    </xsd:annotation>
    <xsd:complexContent>
      <xsd:extension base="BaseEndPoint_Type">
        <xsd:sequence>
          <xsd:element name="RequestQ" type="sys:C255_SType"/>
          <xsd:element name="RequestQMGR" type="sys:C255_SType"/>
          <xsd:element name="ResponseQ" type="sys:C255_SType"/>
          <xsd:element name="ResponseQMGR" type="sys:C255_SType"/>
        </xsd:sequence>
      </xsd:extension>
    </xsd:complexContent>
  </xsd:complexType>
  <xsd:complexType name="SOAPEndPoint_Type">
    <xsd:annotation>
      <xsd:documentation>-Represents a Service MQ End Point</xsd:documentation>
    </xsd:annotation>
    <xsd:complexContent>
      <xsd:extension base="BaseEndPoint_Type">
        <xsd:sequence>
          <xsd:element name="EndPointType" type="sys:C255_SType"/>
          <xsd:element name="Address" type="sys:C2048_SType"/>
        </xsd:sequence>
      </xsd:extension>
    </xsd:complexContent>
  </xsd:complexType>
  <xsd:simpleType name="ServiceMsgType_SType">
    <xsd:annotation>
      <xsd:documentation>Closed Enum that identifies Service subscription
				states</xsd:documentation>
    </xsd:annotation>
    <xsd:restriction base="sys:NC32_SType">
      <xsd:enumeration value="XML"/>
      <xsd:enumeration value="SOAP"/>
    </xsd:restriction>
  </xsd:simpleType>
  <xsd:simpleType name="Channel_SType">
    <xsd:annotation>
      <xsd:documentation>The channel that the end users uses. 0: Browser,
				1:PhoneApp, 2: Terminal, 3: DesktopApp, 4: IVR, 5: ATM,
				6: System</xsd:documentation>
    </xsd:annotation>
    <xsd:restriction base="xsd:int">
      <xsd:enumeration value="0"/>
      <xsd:enumeration value="1"/>
      <xsd:enumeration value="2"/>
      <xsd:enumeration value="3"/>
      <xsd:enumeration value="4"/>
      <xsd:enumeration value="5"/>
      <xsd:enumeration value="6"/>
      <xsd:enumeration value="7"/>
      <xsd:enumeration value="8"/>
    </xsd:restriction>
  </xsd:simpleType>
  <xsd:complexType name="DateRange_CType">
    <xsd:annotation>
      <xsd:documentation>-Represents a date range</xsd:documentation>
    </xsd:annotation>
    <xsd:sequence>
      <xsd:element name="From" type="sys:Date_SType"/>
      <xsd:element name="To" type="sys:Date_SType"/>
    </xsd:sequence>
  </xsd:complexType>
  <xsd:element default="1.0" name="Version" type="sys:C6_SType"/>
  <xsd:element default="1.0" name="MinorVersion" type="sys:NC8_SType"/>
  <xsd:element default="XML" name="ServiceMsgType" type="ServiceMsgType_SType"/>
  <xsd:element name="ReferenceNum" type="sys:C32_SType"/>
  <xsd:complexType name="RespHeader_Type">
    <xsd:annotation>
      <xsd:documentation>Response Header to be included in all Service response</xsd:documentation>
    </xsd:annotation>
    <xsd:sequence>
      <xsd:element ref="TransactionId"/>
      <xsd:element ref="ReferenceNum"/>
      <xsd:element ref="Timestamp"/>
      <xsd:element ref="ProfileLang" maxOccurs="1" minOccurs="0"></xsd:element>
      <xsd:element ref="Status"/>
      <xsd:element name="CustomFields" type="CustomFields" maxOccurs="1" minOccurs="0"/>
    </xsd:sequence>
  </xsd:complexType>
  <xsd:element name="RespHeader" type="RespHeader_Type"/>
  <xsd:complexType name="CustomFields">
    <xsd:sequence>
      <xsd:element name="CustomField" type="CustomField" maxOccurs="unbounded" minOccurs="1"/>
    </xsd:sequence>
  </xsd:complexType>
  <xsd:complexType name="CustomField">
    <xsd:sequence>
      <xsd:element name="Key" type="xsd:string" maxOccurs="1" minOccurs="1"></xsd:element>
      <xsd:element name="Value" type="xsd:string" maxOccurs="1" minOccurs="1"/>
    </xsd:sequence>
  </xsd:complexType>
</xsd:schema>]]></con:content><con:type>http://www.w3.org/2001/XMLSchema</con:type></con:part><con:part><con:url>file:\C:\SAIB\EBPP\SAIBCommonLib\Error.xsd</con:url><con:content><![CDATA[<xsd:schema attributeFormDefault="unqualified" elementFormDefault="qualified" jaxb:version="2.0" targetNamespace="http://www.saib.com.sa/integration/Error/1.0" xmlns:xsd="http://www.w3.org/2001/XMLSchema" xmlns:jaxb="http://java.sun.com/xml/ns/jaxb" xmlns="http://www.saib.com.sa/integration/Error/1.0" xmlns:tns="http://www.saib.com.sa/integration/Error/1.0">
  <xsd:annotation>
    <xsd:appinfo>
      <jaxb:globalBindings>
        <jaxb:serializable uid="1"/>
      </jaxb:globalBindings>
    </xsd:appinfo>
  </xsd:annotation>
  <xsd:complexType name="Parameter_Type">
    <xsd:annotation>
      <xsd:documentation>-Represents a Status Parameter in SADAD systems</xsd:documentation>
    </xsd:annotation>
    <xsd:sequence>
      <xsd:element name="Key" type="xsd:long"/>
      <xsd:element name="Value" type="xsd:string"/>
    </xsd:sequence>
  </xsd:complexType>
  <xsd:element name="Parameter" type="Parameter_Type"/>
  <xsd:complexType name="Parameters_Type">
    <xsd:annotation>
      <xsd:documentation>-Represents a Status in SADAD systems</xsd:documentation>
    </xsd:annotation>
    <xsd:sequence>
      <xsd:element maxOccurs="unbounded" ref="Parameter"/>
    </xsd:sequence>
  </xsd:complexType>
  <xsd:element name="Parameters" type="Parameters_Type"/>
  <xsd:simpleType name="Severity_Type">
    <xsd:annotation>
      <xsd:documentation>Closed Enum: The Severity enum classifies XML documents transferred between Banks/Billers and SADAD into distinct groups</xsd:documentation>
    </xsd:annotation>
    <xsd:restriction base="xsd:string">
      <xsd:enumeration value="Fatal"/>
      <xsd:enumeration value="Error"/>
      <xsd:enumeration value="Warning"/>
      <xsd:enumeration value="Success"/>
      <xsd:enumeration value="Info"/>
    </xsd:restriction>
  </xsd:simpleType>
  <xsd:simpleType name="Error_Type">
    <xsd:annotation>
      <xsd:documentation>Closed Enum: The Error Type enum classifies XML documents transferred between Banks/Billers and SADAD into distinct groups</xsd:documentation>
    </xsd:annotation>
    <xsd:restriction base="xsd:string">
      <xsd:enumeration value="System"/>
      <xsd:enumeration value="Business"/>
    </xsd:restriction>
  </xsd:simpleType>
  <xsd:element name="Fault" type="Fault_Type"/>
  <xsd:element name="Type" type="Error_Type"/>
  <xsd:element name="Severity" type="Severity_Type"/>
  <xsd:complexType name="Fault_Type">
    <xsd:sequence>
      <xsd:element name="Code" type="xsd:long"/>
      <xsd:element ref="Type"/>
      <xsd:element ref="Severity"/>
      <xsd:element minOccurs="0" name="Description" type="xsd:string"/>
      <xsd:element minOccurs="0" ref="Parameters"/>
      <xsd:element minOccurs="0" name="Reason" type="xsd:string"/>
      <xsd:element maxOccurs="unbounded" minOccurs="0" name="Trace" type="xsd:string"/>
    </xsd:sequence>
  </xsd:complexType>
</xsd:schema>]]></con:content><con:type>http://www.w3.org/2001/XMLSchema</con:type></con:part><con:part><con:url>file:\C:\SAIB\EBPP\SAIBCommonLib\SAIBSystemTypes.xsd</con:url><con:content><![CDATA[<xsd:schema attributeFormDefault="unqualified" elementFormDefault="unqualified" targetNamespace="http://www.saib.com.sa/integration/Common/System/1.0" version="1.0" xmlns:xsd="http://www.w3.org/2001/XMLSchema" xmlns="http://www.saib.com.sa/integration/Common/System/1.0" xmlns:tns="http://www.saib.com.sa/integration/Common/System/1.0">
  <xsd:simpleType name="C1_SType">
    <xsd:annotation>
      <xsd:documentation>1 character Unicode string</xsd:documentation>
    </xsd:annotation>
    <xsd:restriction base="xsd:string">
      <xsd:minLength value="1"/>
      <xsd:maxLength value="1"/>
    </xsd:restriction>
  </xsd:simpleType>
  <xsd:simpleType name="C5_SType">
    <xsd:annotation>
      <xsd:documentation>5 character Unicode string</xsd:documentation>
    </xsd:annotation>
    <xsd:restriction base="xsd:string">
      <xsd:minLength value="1"/>
      <xsd:maxLength value="5"/>
    </xsd:restriction>
  </xsd:simpleType>
  <xsd:simpleType name="C6_SType">
    <xsd:annotation>
      <xsd:documentation>6 character Unicode string</xsd:documentation>
    </xsd:annotation>
    <xsd:restriction base="xsd:string">
      <xsd:minLength value="1"/>
      <xsd:maxLength value="6"/>
    </xsd:restriction>
  </xsd:simpleType>
  <xsd:simpleType name="C8_SType">
    <xsd:annotation>
      <xsd:documentation>8 character Unicode string</xsd:documentation>
    </xsd:annotation>
    <xsd:restriction base="xsd:string">
      <xsd:minLength value="1"/>
      <xsd:maxLength value="8"/>
    </xsd:restriction>
  </xsd:simpleType>
  <xsd:simpleType name="C10_SType">
    <xsd:annotation>
      <xsd:documentation>10 character Unicode string</xsd:documentation>
    </xsd:annotation>
    <xsd:restriction base="xsd:string">
      <xsd:minLength value="1"/>
      <xsd:maxLength value="10"/>
    </xsd:restriction>
  </xsd:simpleType>
  <xsd:simpleType name="C11_SType">
    <xsd:annotation>
      <xsd:documentation>11 character Unicode string</xsd:documentation>
    </xsd:annotation>
    <xsd:restriction base="xsd:string">
      <xsd:minLength value="1"/>
      <xsd:maxLength value="11"/>
    </xsd:restriction>
  </xsd:simpleType>
  <xsd:simpleType name="C12_SType">
    <xsd:annotation>
      <xsd:documentation>12 character Unicode string</xsd:documentation>
    </xsd:annotation>
    <xsd:restriction base="xsd:string">
      <xsd:minLength value="1"/>
      <xsd:maxLength value="12"/>
    </xsd:restriction>
  </xsd:simpleType>
  <xsd:simpleType name="C16_SType">
    <xsd:annotation>
      <xsd:documentation>16 character Unicode string</xsd:documentation>
    </xsd:annotation>
    <xsd:restriction base="xsd:string">
      <xsd:minLength value="1"/>
      <xsd:maxLength value="16"/>
    </xsd:restriction>
  </xsd:simpleType>
  <xsd:simpleType name="C32_SType">
    <xsd:annotation>
      <xsd:documentation>32 character Unicode string</xsd:documentation>
    </xsd:annotation>
    <xsd:restriction base="xsd:string">
      <xsd:minLength value="1"/>
      <xsd:maxLength value="32"/>
    </xsd:restriction>
  </xsd:simpleType>
  <xsd:simpleType name="C40_SType">
    <xsd:annotation>
      <xsd:documentation>40 character Unicode string</xsd:documentation>
    </xsd:annotation>
    <xsd:restriction base="xsd:string">
      <xsd:minLength value="1"/>
      <xsd:maxLength value="40"/>
    </xsd:restriction>
  </xsd:simpleType>
  <xsd:simpleType name="C64_SType">
    <xsd:annotation>
      <xsd:documentation>64 character Unicode string</xsd:documentation>
    </xsd:annotation>
    <xsd:restriction base="xsd:string">
      <xsd:minLength value="1"/>
      <xsd:maxLength value="64"/>
    </xsd:restriction>
  </xsd:simpleType>
  <xsd:simpleType name="C128_SType">
    <xsd:annotation>
      <xsd:documentation>128 character Unicode string</xsd:documentation>
    </xsd:annotation>
    <xsd:restriction base="xsd:string">
      <xsd:minLength value="1"/>
      <xsd:maxLength value="128"/>
    </xsd:restriction>
  </xsd:simpleType>
  <xsd:simpleType name="C255_SType">
    <xsd:annotation>
      <xsd:documentation>255 character Unicode string</xsd:documentation>
    </xsd:annotation>
    <xsd:restriction base="xsd:string">
      <xsd:minLength value="1"/>
      <xsd:maxLength value="255"/>
    </xsd:restriction>
  </xsd:simpleType>
  <xsd:simpleType name="C256_SType">
    <xsd:annotation>
      <xsd:documentation>255 character Unicode string</xsd:documentation>
    </xsd:annotation>
    <xsd:restriction base="xsd:string">
      <xsd:minLength value="1"/>
      <xsd:maxLength value="256"/>
    </xsd:restriction>
  </xsd:simpleType>
  <xsd:simpleType name="C2048_SType">
    <xsd:annotation>
      <xsd:documentation>255 character Unicode string</xsd:documentation>
    </xsd:annotation>
    <xsd:restriction base="xsd:string">
      <xsd:minLength value="1"/>
      <xsd:maxLength value="2048"/>
    </xsd:restriction>
  </xsd:simpleType>
  <xsd:simpleType name="C4096_SType">
    <xsd:annotation>
      <xsd:documentation>4096 character Unicode string</xsd:documentation>
    </xsd:annotation>
    <xsd:restriction base="xsd:string">
      <xsd:minLength value="1"/>
      <xsd:maxLength value="4096"/>
    </xsd:restriction>
  </xsd:simpleType>
  <xsd:simpleType name="C2147483647_SType">
    <xsd:annotation>
      <xsd:documentation>2147483647 character Unicode string</xsd:documentation>
    </xsd:annotation>
    <xsd:restriction base="xsd:string">
      <xsd:minLength value="1"/>
      <xsd:maxLength value="2147483647"/>
    </xsd:restriction>
  </xsd:simpleType>
  <xsd:simpleType name="NC2_SType">
    <xsd:annotation>
      <xsd:documentation>2 character ISO Latin-1 string</xsd:documentation>
    </xsd:annotation>
    <xsd:restriction base="xsd:string">
      <xsd:minLength value="1"/>
      <xsd:maxLength value="2"/>
    </xsd:restriction>
  </xsd:simpleType>
  <xsd:simpleType name="NC3_SType">
    <xsd:annotation>
      <xsd:documentation>3 character ISO Latin-1 string</xsd:documentation>
    </xsd:annotation>
    <xsd:restriction base="xsd:string">
      <xsd:minLength value="1"/>
      <xsd:maxLength value="3"/>
    </xsd:restriction>
  </xsd:simpleType>
  <xsd:simpleType name="NC4_SType">
    <xsd:annotation>
      <xsd:documentation>4 character ISO Latin-1 string</xsd:documentation>
    </xsd:annotation>
    <xsd:restriction base="xsd:string">
      <xsd:minLength value="1"/>
      <xsd:maxLength value="4"/>
    </xsd:restriction>
  </xsd:simpleType>
  <xsd:simpleType name="NC6_SType">
    <xsd:annotation>
      <xsd:documentation>6 character ISO Latin-1 string</xsd:documentation>
    </xsd:annotation>
    <xsd:restriction base="xsd:string">
      <xsd:minLength value="1"/>
      <xsd:maxLength value="6"/>
    </xsd:restriction>
  </xsd:simpleType>
  <xsd:simpleType name="NC8_SType">
    <xsd:annotation>
      <xsd:documentation>8 character ISO Latin-1 string</xsd:documentation>
    </xsd:annotation>
    <xsd:restriction base="xsd:string">
      <xsd:minLength value="1"/>
      <xsd:maxLength value="8"/>
    </xsd:restriction>
  </xsd:simpleType>
  <xsd:simpleType name="NC10_SType">
    <xsd:annotation>
      <xsd:documentation>10 character ISO Latin-1 string</xsd:documentation>
    </xsd:annotation>
    <xsd:restriction base="xsd:string">
      <xsd:minLength value="1"/>
      <xsd:maxLength value="10"/>
    </xsd:restriction>
  </xsd:simpleType>
  <xsd:simpleType name="NC11_SType">
    <xsd:annotation>
      <xsd:documentation>11 character ISO Latin-1 string</xsd:documentation>
    </xsd:annotation>
    <xsd:restriction base="xsd:string">
      <xsd:minLength value="1"/>
      <xsd:maxLength value="11"/>
    </xsd:restriction>
  </xsd:simpleType>
  <xsd:simpleType name="NC12_SType">
    <xsd:annotation>
      <xsd:documentation>12 character ISO Latin-1 string</xsd:documentation>
    </xsd:annotation>
    <xsd:restriction base="xsd:string">
      <xsd:minLength value="1"/>
      <xsd:maxLength value="12"/>
    </xsd:restriction>
  </xsd:simpleType>
  <xsd:simpleType name="NC16_SType">
    <xsd:annotation>
      <xsd:documentation>16 character ISO Latin-1 string</xsd:documentation>
    </xsd:annotation>
    <xsd:restriction base="xsd:string">
      <xsd:minLength value="1"/>
      <xsd:maxLength value="16"/>
    </xsd:restriction>
  </xsd:simpleType>
  <xsd:simpleType name="NC18_SType">
    <xsd:annotation>
      <xsd:documentation>18 character ISO Latin-1 string</xsd:documentation>
    </xsd:annotation>
    <xsd:restriction base="xsd:string">
      <xsd:minLength value="1"/>
      <xsd:maxLength value="18"/>
    </xsd:restriction>
  </xsd:simpleType>
  <xsd:simpleType name="NC20_SType">
    <xsd:annotation>
      <xsd:documentation>20 character ISO Latin-1 string</xsd:documentation>
    </xsd:annotation>
    <xsd:restriction base="xsd:string">
      <xsd:minLength value="1"/>
      <xsd:maxLength value="20"/>
    </xsd:restriction>
  </xsd:simpleType>
  <xsd:simpleType name="NC32_SType">
    <xsd:annotation>
      <xsd:documentation>32 character ISO Latin-1 string</xsd:documentation>
    </xsd:annotation>
    <xsd:restriction base="xsd:string">
      <xsd:minLength value="1"/>
      <xsd:maxLength value="32"/>
    </xsd:restriction>
  </xsd:simpleType>
  <xsd:simpleType name="NC34_SType">
    <xsd:annotation>
      <xsd:documentation>34 character ISO Latin-1 string</xsd:documentation>
    </xsd:annotation>
    <xsd:restriction base="xsd:string">
      <xsd:minLength value="1"/>
      <xsd:maxLength value="34"/>
    </xsd:restriction>
  </xsd:simpleType>
  <xsd:simpleType name="NC36_SType">
    <xsd:annotation>
      <xsd:documentation>36 character ISO Latin-1 string</xsd:documentation>
    </xsd:annotation>
    <xsd:restriction base="xsd:string">
      <xsd:minLength value="1"/>
      <xsd:maxLength value="36"/>
    </xsd:restriction>
  </xsd:simpleType>
  <xsd:simpleType name="NC40_SType">
    <xsd:annotation>
      <xsd:documentation>80 character ISO Latin-1 string</xsd:documentation>
    </xsd:annotation>
    <xsd:restriction base="xsd:string">
      <xsd:minLength value="1"/>
      <xsd:maxLength value="80"/>
    </xsd:restriction>
  </xsd:simpleType>
  <xsd:simpleType name="NC80_SType">
    <xsd:annotation>
      <xsd:documentation>80 character ISO Latin-1 string</xsd:documentation>
    </xsd:annotation>
    <xsd:restriction base="xsd:string">
      <xsd:minLength value="1"/>
      <xsd:maxLength value="80"/>
    </xsd:restriction>
  </xsd:simpleType>
  <xsd:simpleType name="NC100_SType">
    <xsd:annotation>
      <xsd:documentation>100 character ISO Latin-1 string</xsd:documentation>
    </xsd:annotation>
    <xsd:restriction base="xsd:string">
      <xsd:minLength value="1"/>
      <xsd:maxLength value="100"/>
    </xsd:restriction>
  </xsd:simpleType>
  <xsd:simpleType name="Amount_SType">
    <xsd:annotation>
      <xsd:documentation>currency amount</xsd:documentation>
    </xsd:annotation>
    <xsd:restriction base="xsd:decimal">
      <xsd:fractionDigits value="2"/>
    </xsd:restriction>
  </xsd:simpleType>
  <xsd:simpleType name="LanguagePref_SType">
    <xsd:annotation>
      <xsd:documentation>0: EN
				1: AR</xsd:documentation>
    </xsd:annotation>
    <xsd:restriction base="xsd:int">
      <xsd:enumeration value="0"/>
      <xsd:enumeration value="1"/>
    </xsd:restriction>
  </xsd:simpleType>
  <xsd:simpleType name="Date_SType">
    <xsd:annotation>
      <xsd:documentation>Date or DateTime type</xsd:documentation>
    </xsd:annotation>
    <xsd:restriction base="xsd:dateTime"/>
  </xsd:simpleType>
  <xsd:simpleType name="Identifier_SType">
    <xsd:annotation>
      <xsd:documentation>Object identifier</xsd:documentation>
    </xsd:annotation>
    <xsd:restriction base="NC36_SType"/>
  </xsd:simpleType>
  <xsd:simpleType name="URL_SType">
    <xsd:annotation>
      <xsd:documentation>Uniform Resource Locator</xsd:documentation>
    </xsd:annotation>
    <xsd:restriction base="xsd:anyURI"/>
  </xsd:simpleType>
  <xsd:simpleType name="UUID_SType">
    <xsd:annotation>
      <xsd:documentation>A UUID is an identifier that is unique across both space and time, with respect to the space of all UUIDs.</xsd:documentation>
    </xsd:annotation>
    <xsd:restriction base="xsd:string">
      <xsd:pattern value=".{8}-.{4}-.{4}-.{4}-.{12}"/>
    </xsd:restriction>
  </xsd:simpleType>
  <xsd:simpleType name="CurrencyType_Enums">
    <xsd:annotation>
      <xsd:documentation>currency</xsd:documentation>
    </xsd:annotation>
    <xsd:restriction base="xsd:string">
      <xsd:enumeration value="SAR"/>
    </xsd:restriction>
  </xsd:simpleType>
  <xsd:simpleType name="Email_SType">
    <xsd:restriction base="xsd:string">
      <xsd:pattern value="[^@]+@[^\.]+\..+"/>
      <!--<xs:pattern value="[a-zA-Z0-9._%+-]+@[a-zA-Z0-9.-]+\.[a-zA-Z]{2,4}"></xs:pattern>-->
    </xsd:restriction>
  </xsd:simpleType>
  <xsd:simpleType name="MobileNumber_SType">
    <xsd:restriction base="xsd:string">
      <xsd:pattern value="[+]\d+-\d+"/>
    </xsd:restriction>
  </xsd:simpleType>
  <xsd:simpleType name="FaxNumber_SType">
    <xsd:restriction base="xsd:string">
      <xsd:pattern value="[+]\d+-\d+-\d+"/>
    </xsd:restriction>
  </xsd:simpleType>
  <xsd:simpleType name="NotificationType_Enums">
    <xsd:annotation>
      <xsd:documentation>currency</xsd:documentation>
    </xsd:annotation>
    <xsd:restriction base="xsd:string">
      <xsd:enumeration value="EMAIL"/>
      <xsd:enumeration value="TESTMESSAGE"/>
      <xsd:enumeration value="FAX"/>
    </xsd:restriction>
  </xsd:simpleType>
  <!--[05-May-2013][BW] 4.7 add new type for saudi mobile phone number-->
  <xsd:simpleType name="Phone_SType">
    <xsd:annotation>
      <xsd:documentation>Saudi mobile phone type</xsd:documentation>
    </xsd:annotation>
    <xsd:restriction base="xsd:string">
      <xsd:pattern value="(00){0,1}(966)(05|5|08|8)[0-9]{8,14}"/>
    </xsd:restriction>
  </xsd:simpleType>
  <xsd:simpleType name="FourDigitCount_SType">
    <xsd:restriction base="xsd:long">
      <xsd:minInclusive value="0"/>
      <xsd:maxInclusive value="9999"/>
    </xsd:restriction>
  </xsd:simpleType>
  <xsd:simpleType name="TwoDigitCount_SType">
    <xsd:restriction base="xsd:long">
      <xsd:minInclusive value="0"/>
      <xsd:maxInclusive value="99"/>
    </xsd:restriction>
  </xsd:simpleType>
  <xsd:simpleType name="C60_SType">
    <xsd:annotation>
      <xsd:documentation>60 character Unicode string</xsd:documentation>
    </xsd:annotation>
    <xsd:restriction base="xsd:string">
      <xsd:minLength value="1"/>
      <xsd:maxLength value="60"/>
    </xsd:restriction>
  </xsd:simpleType>
</xsd:schema>]]></con:content><con:type>http://www.w3.org/2001/XMLSchema</con:type></con:part></con:definitionCache><con:endpoints><con:endpoint>http://localhost:7800/integration/SADADEOD/v1</con:endpoint></con:endpoints><con:operation id="861217b8-be94-4501-8a3f-f1c2faa1d775" isOneWay="false" action="BankCutOff" name="BankCutOff" bindingOperationName="BankCutOff" type="Request-Response" outputName="BankCutOffResponse" inputName="BankCutOffRequest" receivesAttachments="false" sendsAttachments="false" anonymous="optional"><con:settings/><con:call id="a2a6b19e-c366-42d4-9fb3-521ecb25f676" name="Request 1"><con:settings><con:setting id="com.eviware.soapui.impl.wsdl.WsdlRequest@request-headers">&lt;xml-fragment/></con:setting></con:settings><con:encoding>UTF-8</con:encoding><con:endpoint>http://192.168.105.110:9080/integration/SADADEOD/v1</con:endpoint><con:request><![CDATA[<soapenv:Envelope xmlns:soapenv="http://schemas.xmlsoap.org/soap/envelope/" xmlns:ns="http://www.saib.com.sa/integration/Common/1.0" xmlns:v1="http://www.saib.com.sa/integration/sadadeod/v1">\r
   <soapenv:Header>
      <ns:ReqHeader>
         <ns:ServiceCode>?</ns:ServiceCode>
         <ns:Version>1.0</ns:Version>
         <ns:RequesterId>SADAD290</ns:RequesterId>
         <ns:TransactionId>SADAD290</ns:TransactionId>
         <!--Optional:-->
         <ns:CorrelationId>00000000-0000-0000-0000-000000000000</ns:CorrelationId>
         <ns:Timestamp>2018-12-12T00:00:00</ns:Timestamp>
         <!--Optional:-->
         <ns:TimeZone>GMT+3</ns:TimeZone>
         <!--Optional:-->
         <ns:Lang>0</ns:Lang>
         <!--Optional:-->
         <ns:ProfileLang>0</ns:ProfileLang>
         <ns:EndUserInfo>
            <ns:UserId>?</ns:UserId>
            <!--Optional:-->
<!--            <ns:Password>?</ns:Password>-->
            <ns:Channel>1</ns:Channel>
            <!--Optional:-->
<!--            <ns:AgentType>?</ns:AgentType>-->
            <ns:MachineIP>192.168.0.1</ns:MachineIP>
            <!--Optional:-->
<!--            <ns:CustomerNum>123</ns:CustomerNum>-->
            <!--Optional:-->
<!--            <ns:ConsumerBusinessFunction>?</ns:ConsumerBusinessFunction>-->
            <!--Optional:-->
<!--            <ns:ScreenName>?</ns:ScreenName>-->
            <!--Optional:-->
<!--            <ns:ActionName>?</ns:ActionName>-->
            <!--Optional:-->
<!--            <ns:SessionId>?</ns:SessionId>-->
         </ns:EndUserInfo>
      </ns:ReqHeader>
   </soapenv:Header>
   <soapenv:Body>\r
      <v1:BankCutOffRequest>
      <SADAD>
    <SignonRq>
        <ClientDt>2018-06-24T01:23:39</ClientDt>
        <SignonProfile>
            <Sender>SADAD-001</Sender>
            <Receiver>SIBCSARI</Receiver>
            <MsgCode>BCUTRQ</MsgCode>
        </SignonProfile>
    </SignonRq>
    <BankSvcRq>
        <Status>
            <StatusCode>0</StatusCode>
            <ShortDesc>Success</ShortDesc>
            <Severity>Info</Severity>
        </Status>
        <RqUID>6EDPWS4R-D5DA-00D9-F030-0A0B207EB562</RqUID>
        <BankCutOffRq>
            <PrcDt>2018-06-23T00:00:00</PrcDt>
            <PmtRec>
                <PmtTransId>
                    <PmtId>1982599684</PmtId>
                    <PmtIdType>SPTN</PmtIdType>
                </PmtTransId>
                <PmtTransId>
                    <PmtId>IBK77EY-472134</PmtId>
                    <PmtIdType>BNKPTN</PmtIdType>
                </PmtTransId>
                <PmtStatus>
                    <PmtStatusCode>PmtNew</PmtStatusCode>
                    <EffDt>2018-06-23T00:00:00</EffDt>
                </PmtStatus>
                <PmtInfo>
                    <CurAmt>21.00</CurAmt>
                    <PrcDt>2018-06-23T23:59:15</PrcDt>
                    <DueDt>2018-06-23T23:59:15</DueDt>
                    <AccountId>
                        <BillingAcct>966550960898</BillingAcct>
                        <BillerId>149</BillerId>
                    </AccountId>
                    <BankId>SIBCSARI</BankId>
                    <DistrictCode>101</DistrictCode>
                    <BranchCode>0101</BranchCode>
                    <AccessChannel>INTERNET</AccessChannel>
                    <PmtMethod>ACTDEB</PmtMethod>
                    <ServiceType>CCRD</ServiceType>
                </PmtInfo>
            </PmtRec>
            <PmtRec>
                <PmtTransId>
                    <PmtId>2018950318</PmtId>
                    <PmtIdType>SPTN</PmtIdType>
                </PmtTransId>
                <PmtTransId>
                    <PmtId>IBK4RKU-472133</PmtId>
                    <PmtIdType>BNKPTN</PmtIdType>
                </PmtTransId>
                <PmtStatus>
                    <PmtStatusCode>PmtNew</PmtStatusCode>
                    <EffDt>2018-06-22T00:00:00</EffDt>
                </PmtStatus>
                <PmtInfo>
                    <CurAmt>2442.00</CurAmt>
                    <PrcDt>2018-06-23T23:59:04</PrcDt>
                    <DueDt>2018-06-23T00:00:00</DueDt>
                    <BillNumber>2003110719280</BillNumber>
                    <AccountId>
                        <BillingAcct>200311071928</BillingAcct>
                        <BillerId>022</BillerId>
                    </AccountId>
                    <BankId>SIBCSARI</BankId>
                    <DistrictCode>101</DistrictCode>
                    <BranchCode>0101</BranchCode>
                    <AccessChannel>INTERNET</AccessChannel>
                    <PmtMethod>ACTDEB</PmtMethod>
                    <ServiceType>TRAN</ServiceType>
                    <PmtRefInfo>None</PmtRefInfo>
                </PmtInfo>
            </PmtRec>
            <PmtRec>
                <PmtTransId>
                    <PmtId>2018950303</PmtId>
                    <PmtIdType>SPTN</PmtIdType>
                </PmtTransId>
                <PmtTransId>
                    <PmtId>IBKB6MZ-472132</PmtId>
                    <PmtIdType>BNKPTN</PmtIdType>
                </PmtTransId>
                <PmtStatus>
                    <PmtStatusCode>PmtNew</PmtStatusCode>
                    <EffDt>2018-06-22T00:00:00</EffDt>
                </PmtStatus>
                <PmtInfo>
                    <CurAmt>2976.15</CurAmt>
                    <PrcDt>2018-06-23T23:57:48</PrcDt>
                    <DueDt>2018-06-23T00:00:00</DueDt>
                    <AccountId>
                        <BillingAcct>1086100000011455</BillingAcct>
                        <BillerId>031</BillerId>
                    </AccountId>
                    <BankId>SIBCSARI</BankId>
                    <DistrictCode>101</DistrictCode>
                    <BranchCode>0101</BranchCode>
                    <AccessChannel>INTERNET</AccessChannel>
                    <PmtMethod>ACTDEB</PmtMethod>
                    <ServiceType>CCRD</ServiceType>
                </PmtInfo>
            </PmtRec>
            <PmtRec>
                <PmtTransId>
                    <PmtId>2018952340</PmtId>
                    <PmtIdType>SPTN</PmtIdType>
                </PmtTransId>
                <PmtTransId>
                    <PmtId>IBKPFXH-472130</PmtId>
                    <PmtIdType>BNKPTN</PmtIdType>
                </PmtTransId>
                <PmtStatus>
                    <PmtStatusCode>PmtNew</PmtStatusCode>
                    <EffDt>2018-06-22T00:00:00</EffDt>
                </PmtStatus>
                <PmtInfo>
                    <CurAmt>137.55</CurAmt>
                    <PrcDt>2018-06-23T23:56:47</PrcDt>
                    <DueDt>2018-06-23T00:00:00</DueDt>
                    <AccountId>
                        <BillingAcct>597001110</BillingAcct>
                        <BillerId>044</BillerId>
                    </AccountId>
                    <BankId>SIBCSARI</BankId>
                    <DistrictCode>101</DistrictCode>
                    <BranchCode>0101</BranchCode>
                    <AccessChannel>INTERNET</AccessChannel>
                    <PmtMethod>ACTDEB</PmtMethod>
                    <ServiceType>MPRE</ServiceType>
                </PmtInfo>
            </PmtRec>
            <PmtRec>
                <PmtTransId>
                    <PmtId>2018950300</PmtId>
                    <PmtIdType>SPTN</PmtIdType>
                </PmtTransId>
                <PmtTransId>
                    <PmtId>IBKJS6K-472129</PmtId>
                    <PmtIdType>BNKPTN</PmtIdType>
                </PmtTransId>
                <PmtStatus>
                    <PmtStatusCode>PmtNew</PmtStatusCode>
                    <EffDt>2018-06-22T00:00:00</EffDt>
                </PmtStatus>
                <PmtInfo>
                    <CurAmt>327.05</CurAmt>
                    <PrcDt>2018-06-23T23:56:30</PrcDt>
                    <DueDt>2018-06-23T00:00:00</DueDt>
                    <AccountId>
                        <BillingAcct>966549098517</BillingAcct>
                        <BillerId>005</BillerId>
                    </AccountId>
                    <BankId>SIBCSARI</BankId>
                    <DistrictCode>101</DistrictCode>
                    <BranchCode>0101</BranchCode>
                    <AccessChannel>INTERNET</AccessChannel>
                    <PmtMethod>ACTDEB</PmtMethod>
                    <ServiceType>GSM</ServiceType>
                    <PmtRefInfo>MPOSLN0.0.0.1 /bill 309464175321012127 7</PmtRefInfo>
                </PmtInfo>
            </PmtRec>
            <PmtRec>
                <PmtTransId>
                    <PmtId>2018969916</PmtId>
                    <PmtIdType>SPTN</PmtIdType>
                </PmtTransId>
                <PmtTransId>
                    <PmtId>IBKWE2Y-472128</PmtId>
                    <PmtIdType>BNKPTN</PmtIdType>
                </PmtTransId>
                <PmtStatus>
                    <PmtStatusCode>PmtNew</PmtStatusCode>
                    <EffDt>2018-06-22T00:00:00</EffDt>
                </PmtStatus>
                <PmtInfo>
                    <CurAmt>145.33</CurAmt>
                    <PrcDt>2018-06-23T23:56:16</PrcDt>
                    <DueDt>2018-06-23T00:00:00</DueDt>
                    <AccountId>
                        <BillingAcct>831031121437</BillingAcct>
                        <BillerId>044</BillerId>
                    </AccountId>
                    <BankId>SIBCSARI</BankId>
                    <DistrictCode>101</DistrictCode>
                    <BranchCode>0101</BranchCode>
                    <AccessChannel>INTERNET</AccessChannel>
                    <PmtMethod>ACTDEB</PmtMethod>
                    <ServiceType>GSM</ServiceType>
                    <PmtRefInfo>S</PmtRefInfo>
                </PmtInfo>
            </PmtRec>
            <PmtRec>
                <PmtTransId>
                    <PmtId>2018964215</PmtId>
                    <PmtIdType>SPTN</PmtIdType>
                </PmtTransId>
                <PmtTransId>
                    <PmtId>IBKQOHI-472127</PmtId>
                    <PmtIdType>BNKPTN</PmtIdType>
                </PmtTransId>
                <PmtStatus>
                    <PmtStatusCode>PmtNew</PmtStatusCode>
                    <EffDt>2018-06-22T00:00:00</EffDt>
                </PmtStatus>
                <PmtInfo>
                    <CurAmt>210.00</CurAmt>
                    <PrcDt>2018-06-23T23:55:45</PrcDt>
                    <DueDt>2018-06-23T00:00:00</DueDt>
                    <AccountId>
                        <BillingAcct>00981646541</BillingAcct>
                        <BillerId>001</BillerId>
                    </AccountId>
                    <BankId>SIBCSARI</BankId>
                    <DistrictCode>101</DistrictCode>
                    <BranchCode>0101</BranchCode>
                    <AccessChannel>INTERNET</AccessChannel>
                    <PmtMethod>ACTDEB</PmtMethod>
                    <ChkDigit>5</ChkDigit>
                    <ServiceType>GSM</ServiceType>
                    <PmtRefInfo>sqkcAeTB6zTsH5BVz1foQg==</PmtRefInfo>
                </PmtInfo>
            </PmtRec>
            <PmtRec>
                <PmtTransId>
                    <PmtId>2018969906</PmtId>
                    <PmtIdType>SPTN</PmtIdType>
                </PmtTransId>
                <PmtTransId>
                    <PmtId>IBKJK8T-472122</PmtId>
                    <PmtIdType>BNKPTN</PmtIdType>
                </PmtTransId>
                <PmtStatus>
                    <PmtStatusCode>PmtNew</PmtStatusCode>
                    <EffDt>2018-06-22T00:00:00</EffDt>
                </PmtStatus>
                <PmtInfo>
                    <CurAmt>945.00</CurAmt>
                    <PrcDt>2018-06-23T23:55:13</PrcDt>
                    <DueDt>2018-06-23T00:00:00</DueDt>
                    <BillNumber>5056846274</BillNumber>
                    <AccountId>
                        <BillingAcct>5056846274</BillingAcct>
                        <BillerId>167</BillerId>
                    </AccountId>
                    <BankId>SIBCSARI</BankId>
                    <DistrictCode>101</DistrictCode>
                    <BranchCode>0101</BranchCode>
                    <AccessChannel>INTERNET</AccessChannel>
                    <PmtMethod>ACTDEB</PmtMethod>
                    <ServiceType>UTIL</ServiceType>
                    <PmtRefInfo>SMC-R-C-0981933</PmtRefInfo>
                </PmtInfo>
            </PmtRec>
            <PmtRec>
                <PmtTransId>
                    <PmtId>1982599359</PmtId>
                    <PmtIdType>SPTN</PmtIdType>
                </PmtTransId>
                <PmtTransId>
                    <PmtId>IBKUELF-472124</PmtId>
                    <PmtIdType>BNKPTN</PmtIdType>
                </PmtTransId>
                <PmtStatus>
                    <PmtStatusCode>PmtNew</PmtStatusCode>
                    <EffDt>2018-06-23T00:00:00</EffDt>
                </PmtStatus>
                <PmtInfo>
                    <CurAmt>52.50</CurAmt>
                    <PrcDt>2018-06-23T23:55:13</PrcDt>
                    <DueDt>2018-06-23T23:55:13</DueDt>
                    <AccountId>
                        <BillingAcct>966550961482</BillingAcct>
                        <BillerId>149</BillerId>
                    </AccountId>
                    <BankId>SIBCSARI</BankId>
                    <DistrictCode>101</DistrictCode>
                    <BranchCode>0101</BranchCode>
                    <AccessChannel>INTERNET</AccessChannel>
                    <PmtMethod>ACTDEB</PmtMethod>
                    <ServiceType>CCRD</ServiceType>
                </PmtInfo>
            </PmtRec>
            <PmtRec>
                <PmtTransId>
                    <PmtId>2018964207</PmtId>
                    <PmtIdType>SPTN</PmtIdType>
                </PmtTransId>
                <PmtTransId>
                    <PmtId>CIBJAIZ-472115</PmtId>
                    <PmtIdType>BNKPTN</PmtIdType>
                </PmtTransId>
                <PmtStatus>
                    <PmtStatusCode>PmtNew</PmtStatusCode>
                    <EffDt>2018-06-22T00:00:00</EffDt>
                </PmtStatus>
                <PmtInfo>
                    <CurAmt>41494.00</CurAmt>
                    <PrcDt>2018-06-23T23:54:33</PrcDt>
                    <DueDt>2018-06-23T00:00:00</DueDt>
                    <BillNumber>11391004509649</BillNumber>
                    <AccountId>
                        <BillingAcct>11391004509649</BillingAcct>
                        <BillerId>050</BillerId>
                    </AccountId>
                    <BankId>SIBCSARI</BankId>
                    <DistrictCode>101</DistrictCode>
                    <BranchCode>2500</BranchCode>
                    <AccessChannel>CORP</AccessChannel>
                    <PmtMethod>ACTDEB</PmtMethod>
                    <ServiceType>GOVT</ServiceType>
                    <PmtRefInfo>04013910509649@1</PmtRefInfo>
                </PmtInfo>
            </PmtRec>
        </BankCutOffRq>
    </BankSvcRq>
</SADAD>
      </v1:BankCutOffRequest>\r
   </soapenv:Body>\r
</soapenv:Envelope>]]></con:request><con:credentials><con:authType>No Authorization</con:authType></con:credentials><con:jmsConfig JMSDeliveryMode="PERSISTENT"/><con:jmsPropertyConfig/><con:wsaConfig mustUnderstand="NONE" version="200508" action="BankCutOff"/><con:wsrmConfig version="1.2"/></con:call><con:call id="2dc1667f-c345-4b70-a6fb-f16838a74781" name="Request 2"><con:settings/><con:encoding>UTF-8</con:encoding><con:endpoint>http://localhost:7800/integration/SADADEOD/v1</con:endpoint><con:request><![CDATA[<soapenv:Envelope xmlns:soapenv="http://schemas.xmlsoap.org/soap/envelope/" xmlns:ns="http://www.saib.com.sa/integration/Common/1.0" xmlns:v1="http://www.saib.com.sa/integration/sadadeod/v1">\r
   <soapenv:Header>\r
      <ns:ReqHeader>\r
         <ns:ServiceCode>?</ns:ServiceCode>\r
         <ns:Version>1.0</ns:Version>\r
         <ns:RequesterId>?</ns:RequesterId>\r
         <ns:TransactionId>?</ns:TransactionId>\r
         <!--Optional:-->\r
         <ns:CorrelationId>?</ns:CorrelationId>\r
         <ns:Timestamp>?</ns:Timestamp>\r
         <!--Optional:-->\r
         <ns:TimeZone>GMT+3</ns:TimeZone>\r
         <!--Optional:-->\r
         <ns:Lang>0</ns:Lang>\r
         <!--Optional:-->\r
         <ns:ProfileLang>0</ns:ProfileLang>\r
         <ns:EndUserInfo>\r
            <ns:UserId>?</ns:UserId>\r
            <!--Optional:-->\r
            <ns:Password>?</ns:Password>\r
            <ns:Channel>?</ns:Channel>\r
            <!--Optional:-->\r
            <ns:AgentType>?</ns:AgentType>\r
            <ns:MachineIP>?</ns:MachineIP>\r
            <!--Optional:-->\r
            <ns:CustomerNum>?</ns:CustomerNum>\r
            <!--Optional:-->\r
            <ns:ConsumerBusinessFunction>?</ns:ConsumerBusinessFunction>\r
            <!--Optional:-->\r
            <ns:ScreenName>?</ns:ScreenName>\r
            <!--Optional:-->\r
            <ns:ActionName>?</ns:ActionName>\r
            <!--Optional:-->\r
            <ns:SessionId>?</ns:SessionId>\r
         </ns:EndUserInfo>\r
      </ns:ReqHeader>\r
   </soapenv:Header>\r
   <soapenv:Body>\r
      <v1:BankCutOffRequest>?</v1:BankCutOffRequest>\r
   </soapenv:Body>\r
</soapenv:Envelope>]]></con:request><con:credentials><con:authType>No Authorization</con:authType></con:credentials><con:jmsConfig JMSDeliveryMode="PERSISTENT"/><con:jmsPropertyConfig/><con:wsaConfig mustUnderstand="NONE" version="200508" action="BankCutOff"/><con:wsrmConfig version="1.2"/></con:call></con:operation><con:operation id="8dde1876-e82c-4ab3-a312-bc784e30117b" isOneWay="false" action="BankReconDownload" name="BankReconDownload" bindingOperationName="BankReconDownload" type="Request-Response" outputName="BankReconDownloadResponse" inputName="BankReconDownloadRequest" receivesAttachments="false" sendsAttachments="false" anonymous="optional"><con:settings/><con:call id="6a1e775e-2ecc-4bd6-9a83-c17598e399db" name="Request 1"><con:settings/><con:encoding>UTF-8</con:encoding><con:endpoint>http://localhost:7800/integration/SADADEOD/v1</con:endpoint><con:request><![CDATA[<soapenv:Envelope xmlns:soapenv="http://schemas.xmlsoap.org/soap/envelope/" xmlns:ns="http://www.saib.com.sa/integration/Common/1.0" xmlns:v1="http://www.saib.com.sa/integration/sadadeod/v1">\r
   <soapenv:Header>\r
      <ns:ReqHeader>\r
         <ns:ServiceCode>?</ns:ServiceCode>\r
         <ns:Version>1.0</ns:Version>\r
         <ns:RequesterId>?</ns:RequesterId>\r
         <ns:TransactionId>?</ns:TransactionId>\r
         <!--Optional:-->\r
         <ns:CorrelationId>?</ns:CorrelationId>\r
         <ns:Timestamp>?</ns:Timestamp>\r
         <!--Optional:-->\r
         <ns:TimeZone>GMT+3</ns:TimeZone>\r
         <!--Optional:-->\r
         <ns:Lang>0</ns:Lang>\r
         <!--Optional:-->\r
         <ns:ProfileLang>0</ns:ProfileLang>\r
         <ns:EndUserInfo>\r
            <ns:UserId>?</ns:UserId>\r
            <!--Optional:-->\r
            <ns:Password>?</ns:Password>\r
            <ns:Channel>?</ns:Channel>\r
            <!--Optional:-->\r
            <ns:AgentType>?</ns:AgentType>\r
            <ns:MachineIP>?</ns:MachineIP>\r
            <!--Optional:-->\r
            <ns:CustomerNum>?</ns:CustomerNum>\r
            <!--Optional:-->\r
            <ns:ConsumerBusinessFunction>?</ns:ConsumerBusinessFunction>\r
            <!--Optional:-->\r
            <ns:ScreenName>?</ns:ScreenName>\r
            <!--Optional:-->\r
            <ns:ActionName>?</ns:ActionName>\r
            <!--Optional:-->\r
            <ns:SessionId>?</ns:SessionId>\r
         </ns:EndUserInfo>\r
      </ns:ReqHeader>\r
   </soapenv:Header>\r
   <soapenv:Body>\r
      <v1:BankReconDownloadRequest>?</v1:BankReconDownloadRequest>\r
   </soapenv:Body>\r
</soapenv:Envelope>]]></con:request><con:credentials><con:authType>No Authorization</con:authType></con:credentials><con:jmsConfig JMSDeliveryMode="PERSISTENT"/><con:jmsPropertyConfig/><con:wsaConfig mustUnderstand="NONE" version="200508" action="BankReconDownload"/><con:wsrmConfig version="1.2"/></con:call></con:operation><con:operation id="3c2a76fe-9ce8-4839-945a-d1894f4b21b6" isOneWay="false" action="BankRefundCutOff" name="BankRefundCutOff" bindingOperationName="BankRefundCutOff" type="Request-Response" outputName="BankRefundCutOffResponse" inputName="BankRefundCutOffRequest" receivesAttachments="false" sendsAttachments="false" anonymous="optional"><con:settings/><con:call id="c126344d-3d0b-450e-91ed-56f01cec4312" name="Request 1"><con:settings/><con:encoding>UTF-8</con:encoding><con:endpoint>http://localhost:7800/integration/SADADEOD/v1</con:endpoint><con:request><![CDATA[<soapenv:Envelope xmlns:soapenv="http://schemas.xmlsoap.org/soap/envelope/" xmlns:ns="http://www.saib.com.sa/integration/Common/1.0" xmlns:v1="http://www.saib.com.sa/integration/sadadeod/v1">\r
   <soapenv:Header>\r
      <ns:ReqHeader>\r
         <ns:ServiceCode>?</ns:ServiceCode>\r
         <ns:Version>1.0</ns:Version>\r
         <ns:RequesterId>?</ns:RequesterId>\r
         <ns:TransactionId>?</ns:TransactionId>\r
         <!--Optional:-->\r
         <ns:CorrelationId>?</ns:CorrelationId>\r
         <ns:Timestamp>?</ns:Timestamp>\r
         <!--Optional:-->\r
         <ns:TimeZone>GMT+3</ns:TimeZone>\r
         <!--Optional:-->\r
         <ns:Lang>0</ns:Lang>\r
         <!--Optional:-->\r
         <ns:ProfileLang>0</ns:ProfileLang>\r
         <ns:EndUserInfo>\r
            <ns:UserId>?</ns:UserId>\r
            <!--Optional:-->\r
            <ns:Password>?</ns:Password>\r
            <ns:Channel>?</ns:Channel>\r
            <!--Optional:-->\r
            <ns:AgentType>?</ns:AgentType>\r
            <ns:MachineIP>?</ns:MachineIP>\r
            <!--Optional:-->\r
            <ns:CustomerNum>?</ns:CustomerNum>\r
            <!--Optional:-->\r
            <ns:ConsumerBusinessFunction>?</ns:ConsumerBusinessFunction>\r
            <!--Optional:-->\r
            <ns:ScreenName>?</ns:ScreenName>\r
            <!--Optional:-->\r
            <ns:ActionName>?</ns:ActionName>\r
            <!--Optional:-->\r
            <ns:SessionId>?</ns:SessionId>\r
         </ns:EndUserInfo>\r
      </ns:ReqHeader>\r
   </soapenv:Header>\r
   <soapenv:Body>\r
      <v1:BankRefundCutOffRequest>?</v1:BankRefundCutOffRequest>\r
   </soapenv:Body>\r
</soapenv:Envelope>]]></con:request><con:credentials><con:authType>No Authorization</con:authType></con:credentials><con:jmsConfig JMSDeliveryMode="PERSISTENT"/><con:jmsPropertyConfig/><con:wsaConfig mustUnderstand="NONE" version="200508" action="BankRefundCutOff"/><con:wsrmConfig version="1.2"/></con:call></con:operation><con:operation id="78d304ba-9e90-4a23-b265-48f50b0c2d3e" isOneWay="false" action="BankSplUpload" name="BankSplUpload" bindingOperationName="BankSplUpload" type="Request-Response" outputName="BankSplUploadResponse" inputName="BankSplUploadRequest" receivesAttachments="false" sendsAttachments="false" anonymous="optional"><con:settings/><con:call id="84f53ce0-a9c5-4ba1-a28b-62f332b7ba3d" name="Request 1"><con:settings/><con:encoding>UTF-8</con:encoding><con:endpoint>http://localhost:7800/integration/SADADEOD/v1</con:endpoint><con:request><![CDATA[<soapenv:Envelope xmlns:soapenv="http://schemas.xmlsoap.org/soap/envelope/" xmlns:ns="http://www.saib.com.sa/integration/Common/1.0" xmlns:v1="http://www.saib.com.sa/integration/sadadeod/v1">\r
   <soapenv:Header>\r
      <ns:ReqHeader>\r
         <ns:ServiceCode>?</ns:ServiceCode>\r
         <ns:Version>1.0</ns:Version>\r
         <ns:RequesterId>?</ns:RequesterId>\r
         <ns:TransactionId>?</ns:TransactionId>\r
         <!--Optional:-->\r
         <ns:CorrelationId>?</ns:CorrelationId>\r
         <ns:Timestamp>?</ns:Timestamp>\r
         <!--Optional:-->\r
         <ns:TimeZone>GMT+3</ns:TimeZone>\r
         <!--Optional:-->\r
         <ns:Lang>0</ns:Lang>\r
         <!--Optional:-->\r
         <ns:ProfileLang>0</ns:ProfileLang>\r
         <ns:EndUserInfo>\r
            <ns:UserId>?</ns:UserId>\r
            <!--Optional:-->\r
            <ns:Password>?</ns:Password>\r
            <ns:Channel>?</ns:Channel>\r
            <!--Optional:-->\r
            <ns:AgentType>?</ns:AgentType>\r
            <ns:MachineIP>?</ns:MachineIP>\r
            <!--Optional:-->\r
            <ns:CustomerNum>?</ns:CustomerNum>\r
            <!--Optional:-->\r
            <ns:ConsumerBusinessFunction>?</ns:ConsumerBusinessFunction>\r
            <!--Optional:-->\r
            <ns:ScreenName>?</ns:ScreenName>\r
            <!--Optional:-->\r
            <ns:ActionName>?</ns:ActionName>\r
            <!--Optional:-->\r
            <ns:SessionId>?</ns:SessionId>\r
         </ns:EndUserInfo>\r
      </ns:ReqHeader>\r
   </soapenv:Header>\r
   <soapenv:Body>\r
      <v1:BankSplUploadRequest>?</v1:BankSplUploadRequest>\r
   </soapenv:Body>\r
</soapenv:Envelope>]]></con:request><con:credentials><con:authType>No Authorization</con:authType></con:credentials><con:jmsConfig JMSDeliveryMode="PERSISTENT"/><con:jmsPropertyConfig/><con:wsaConfig mustUnderstand="NONE" version="200508" action="BankSplUpload"/><con:wsrmConfig version="1.2"/></con:call></con:operation><con:operation id="f5d08922-9526-4738-bdbb-0fbd0faabd4f" isOneWay="false" action="BankSrlUpload" name="BankSrlUpload" bindingOperationName="BankSrlUpload" type="Request-Response" outputName="BankSrlUploadResponse" inputName="BankSrlUploadRequest" receivesAttachments="false" sendsAttachments="false" anonymous="optional"><con:settings/><con:call id="0771dbdb-88df-4501-8824-fcf4c8c804e7" name="Request 1"><con:settings/><con:encoding>UTF-8</con:encoding><con:endpoint>http://localhost:7800/integration/SADADEOD/v1</con:endpoint><con:request><![CDATA[<soapenv:Envelope xmlns:soapenv="http://schemas.xmlsoap.org/soap/envelope/" xmlns:ns="http://www.saib.com.sa/integration/Common/1.0" xmlns:v1="http://www.saib.com.sa/integration/sadadeod/v1">\r
   <soapenv:Header>\r
      <ns:ReqHeader>\r
         <ns:ServiceCode>?</ns:ServiceCode>\r
         <ns:Version>1.0</ns:Version>\r
         <ns:RequesterId>?</ns:RequesterId>\r
         <ns:TransactionId>?</ns:TransactionId>\r
         <!--Optional:-->\r
         <ns:CorrelationId>?</ns:CorrelationId>\r
         <ns:Timestamp>?</ns:Timestamp>\r
         <!--Optional:-->\r
         <ns:TimeZone>GMT+3</ns:TimeZone>\r
         <!--Optional:-->\r
         <ns:Lang>0</ns:Lang>\r
         <!--Optional:-->\r
         <ns:ProfileLang>0</ns:ProfileLang>\r
         <ns:EndUserInfo>\r
            <ns:UserId>?</ns:UserId>\r
            <!--Optional:-->\r
            <ns:Password>?</ns:Password>\r
            <ns:Channel>?</ns:Channel>\r
            <!--Optional:-->\r
            <ns:AgentType>?</ns:AgentType>\r
            <ns:MachineIP>?</ns:MachineIP>\r
            <!--Optional:-->\r
            <ns:CustomerNum>?</ns:CustomerNum>\r
            <!--Optional:-->\r
            <ns:ConsumerBusinessFunction>?</ns:ConsumerBusinessFunction>\r
            <!--Optional:-->\r
            <ns:ScreenName>?</ns:ScreenName>\r
            <!--Optional:-->\r
            <ns:ActionName>?</ns:ActionName>\r
            <!--Optional:-->\r
            <ns:SessionId>?</ns:SessionId>\r
         </ns:EndUserInfo>\r
      </ns:ReqHeader>\r
   </soapenv:Header>\r
   <soapenv:Body>\r
      <v1:BankSrlUploadRequest>?</v1:BankSrlUploadRequest>\r
   </soapenv:Body>\r
</soapenv:Envelope>]]></con:request><con:credentials><con:authType>No Authorization</con:authType></con:credentials><con:jmsConfig JMSDeliveryMode="PERSISTENT"/><con:jmsPropertyConfig/><con:wsaConfig mustUnderstand="NONE" version="200508" action="BankSrlUpload"/><con:wsrmConfig version="1.2"/></con:call></con:operation><con:operation id="0627328d-7c05-4a41-a10c-252bf2aefecd" isOneWay="false" action="ReconRefundRec" name="ReconRefundRec" bindingOperationName="ReconRefundRec" type="Request-Response" outputName="ReconRefundRecResponse" inputName="ReconRefundRecRequest" receivesAttachments="false" sendsAttachments="false" anonymous="optional"><con:settings/><con:call id="d4f33cff-d3e6-477e-b1a4-e3fc79653c18" name="Request 1"><con:settings/><con:encoding>UTF-8</con:encoding><con:endpoint>http://localhost:7800/integration/SADADEOD/v1</con:endpoint><con:request><![CDATA[<soapenv:Envelope xmlns:soapenv="http://schemas.xmlsoap.org/soap/envelope/" xmlns:ns="http://www.saib.com.sa/integration/Common/1.0" xmlns:v1="http://www.saib.com.sa/integration/sadadeod/v1">\r
   <soapenv:Header>\r
      <ns:ReqHeader>\r
         <ns:ServiceCode>?</ns:ServiceCode>\r
         <ns:Version>1.0</ns:Version>\r
         <ns:RequesterId>?</ns:RequesterId>\r
         <ns:TransactionId>?</ns:TransactionId>\r
         <!--Optional:-->\r
         <ns:CorrelationId>?</ns:CorrelationId>\r
         <ns:Timestamp>?</ns:Timestamp>\r
         <!--Optional:-->\r
         <ns:TimeZone>GMT+3</ns:TimeZone>\r
         <!--Optional:-->\r
         <ns:Lang>0</ns:Lang>\r
         <!--Optional:-->\r
         <ns:ProfileLang>0</ns:ProfileLang>\r
         <ns:EndUserInfo>\r
            <ns:UserId>?</ns:UserId>\r
            <!--Optional:-->\r
            <ns:Password>?</ns:Password>\r
            <ns:Channel>?</ns:Channel>\r
            <!--Optional:-->\r
            <ns:AgentType>?</ns:AgentType>\r
            <ns:MachineIP>?</ns:MachineIP>\r
            <!--Optional:-->\r
            <ns:CustomerNum>?</ns:CustomerNum>\r
            <!--Optional:-->\r
            <ns:ConsumerBusinessFunction>?</ns:ConsumerBusinessFunction>\r
            <!--Optional:-->\r
            <ns:ScreenName>?</ns:ScreenName>\r
            <!--Optional:-->\r
            <ns:ActionName>?</ns:ActionName>\r
            <!--Optional:-->\r
            <ns:SessionId>?</ns:SessionId>\r
         </ns:EndUserInfo>\r
      </ns:ReqHeader>\r
   </soapenv:Header>\r
   <soapenv:Body>\r
      <v1:ReconRefundRecRequest>?</v1:ReconRefundRecRequest>\r
   </soapenv:Body>\r
</soapenv:Envelope>]]></con:request><con:credentials><con:authType>No Authorization</con:authType></con:credentials><con:jmsConfig JMSDeliveryMode="PERSISTENT"/><con:jmsPropertyConfig/><con:wsaConfig mustUnderstand="NONE" version="200508" action="ReconRefundRec"/><con:wsrmConfig version="1.2"/></con:call></con:operation></con:interface><con:properties/><con:wssContainer/><con:oAuth2ProfileContainer/><con:oAuth1ProfileContainer/><con:databaseConnectionContainer/><con:reporting><con:xmlTemplates/><con:parameters/></con:reporting></con:soapui-project>