<?xml version="1.0" encoding="UTF-8"?>
<con:soapui-project id="45e2bf09-4b17-4dbf-abf2-0fcb21fa3533" activeEnvironment="Default" name="IBRefundManagerDataPower'sWSDL" resourceRoot="${projectDir}" soapui-version="5.4.0" abortOnError="false" runType="SEQUENTIAL" xmlns:con="http://eviware.com/soapui/config"><con:settings/><con:interface xsi:type="con:WsdlInterface" id="b1d21d0f-572a-435b-b2f9-220ef24f3135" wsaVersion="NONE" name="IBRefundManagerBinding" type="wsdl" bindingName="{http://www.saib.com.sa/OLPWareAcquirer/IBRefundManager/}IBRefundManagerBinding" soapVersion="1_2" anonymous="optional" definition="file:/C:/SAIB/OLP%20Modules%20Docu/TestData/OLP%20Test%20Data/DataPower's%20WSDL/IBRefundManager/IBRefundManager.wsdl" xmlns:xsi="http://www.w3.org/2001/XMLSchema-instance"><con:settings/><con:definitionCache type="TEXT" rootPart="file:\C:\SAIB\OLP%20Modules%20Docu\TestData\OLP%20Test%20Data\DataPower's%20WSDL\IBRefundManager\IBRefundManager.wsdl"><con:part><con:url>file:\C:\SAIB\OLP%20Modules%20Docu\TestData\OLP%20Test%20Data\DataPower's%20WSDL\IBRefundManager\IBRefundManager.wsdl</con:url><con:content><![CDATA[<!--Copyright All Rights Reserved. This software is the proprietary information of SADAD. Use is subject to license terms.-->
<!--RefundManagement WSDL Version- V3.7-->
<!--Modified on 18/01/2015 for BISS Version V6.0-->
<definitions name="IBRefundManager" targetNamespace="http://www.saib.com.sa/OLPWareAcquirer/IBRefundManager/" xmlns="http://schemas.xmlsoap.org/wsdl/" xmlns:soap="http://schemas.xmlsoap.org/wsdl/soap12/" xmlns:tns="http://www.saib.com.sa/OLPWareAcquirer/IBRefundManager/" xmlns:ds="http://www.w3.org/2000/09/xmldsig#" xmlns:header="http://www.saib.com.sa/OLPWareAcquirer/" xmlns:wsp="http://www.w3.org/ns/ws-policy" xmlns:wsp1_2="http://schemas.xmlsoap.org/ws/2004/09/policy" xmlns:wsu="http://docs.oasis-open.org/wss/2004/01/oasis-200401-wss-wssecurity-utility-1.0.xsd" xmlns:wsdl="http://schemas.xmlsoap.org/wsdl/" xmlns:xsd="http://www.w3.org/2001/XMLSchema">
  <wsdl:documentation>Refund manager service definition is used to perform the functionalities related with
		Refund Initiation and management. This includes
		1. Initiating a refund
		2. Processing a refund
		3. Retrieve a list of refund transactions
		4. Retrieve a particular refund transaction</wsdl:documentation>
  <wsdl:import location="MessageHeader.wsdl" namespace="http://www.saib.com.sa/OLPWareAcquirer/"/>
  <types>
    <xsd:schema>
      <xsd:import namespace="http://www.saib.com.sa/OLPWareAcquirer/IBRefundManager/" schemaLocation="IBRefundManager.xsd"/>
    </xsd:schema>
  </types>
  <wsdl:message name="MessageHeader">
    <wsdl:part element="header:messageHeader" name="messageHeader"/>
  </wsdl:message>
  <message name="InitiateRefund">
    <part element="tns:InitiateRefund" name="parameters"/>
  </message>
  <message name="InitiateRefundResponse">
    <part element="tns:InitiateRefundResponse" name="parameters"/>
  </message>
  <message name="RetrieveRefundList">
    <part element="tns:RetrieveRefundList" name="parameters"/>
  </message>
  <message name="RetrieveRefundListResponse">
    <part element="tns:RetrieveRefundListResponse" name="parameters"/>
  </message>
  <message name="RetrieveRefund">
    <part element="tns:RetrieveRefund" name="parameters"/>
  </message>
  <message name="RetrieveRefundResponse">
    <part element="tns:RetrieveRefundResponse" name="parameters"/>
  </message>
  <message name="ProcessRefund">
    <part element="tns:ProcessRefund" name="parameters"/>
  </message>
  <message name="ProcessRefundResponse">
    <part element="tns:ProcessRefundResponse" name="parameters"/>
  </message>
  <portType name="IBRefundManager">
    <operation name="InitiateRefund">
      <input message="tns:InitiateRefund"/>
      <output message="tns:InitiateRefundResponse"/>
    </operation>
    <operation name="RetrieveRefundList">
      <input message="tns:RetrieveRefundList"/>
      <output message="tns:RetrieveRefundListResponse"/>
    </operation>
    <operation name="RetrieveRefund">
      <input message="tns:RetrieveRefund"/>
      <output message="tns:RetrieveRefundResponse"/>
    </operation>
    <operation name="ProcessRefund">
      <input message="tns:ProcessRefund"/>
      <output message="tns:ProcessRefundResponse"/>
    </operation>
  </portType>
  <binding name="IBRefundManagerBinding" type="tns:IBRefundManager">
    <soap:binding style="document" transport="http://schemas.xmlsoap.org/soap/http"/>
    <operation name="InitiateRefund">
      <soap:operation soapAction=""/>
      <input>
        <soap:body use="literal"/>
        <soap:header message="header:HeaderMessage" part="Header" use="literal"/>
      </input>
      <output>
        <soap:body use="literal"/>
      </output>
    </operation>
    <operation name="RetrieveRefundList">
      <soap:operation soapAction=""/>
      <input>
        <soap:body use="literal"/>
        <soap:header message="header:HeaderMessage" part="Header" use="literal"/>
      </input>
      <output>
        <soap:body use="literal"/>
      </output>
    </operation>
    <operation name="RetrieveRefund">
      <soap:operation soapAction=""/>
      <input>
        <soap:body use="literal"/>
        <soap:header message="header:HeaderMessage" part="Header" use="literal"/>
      </input>
      <output>
        <soap:body use="literal"/>
      </output>
    </operation>
    <operation name="ProcessRefund">
      <soap:operation soapAction=""/>
      <input>
        <soap:body use="literal"/>
        <soap:header message="header:HeaderMessage" part="Header" use="literal"/>
      </input>
      <output>
        <soap:body use="literal"/>
      </output>
    </operation>
  </binding>
  <service name="IBRefundManagerService">
    <port binding="tns:IBRefundManagerBinding" name="IBRefundManagerPort">
      <soap:address location="http://localhost:9080/AcquirerWebService/IBRefundManagerService"/>
    </port>
  </service>
</definitions>]]></con:content><con:type>http://schemas.xmlsoap.org/wsdl/</con:type></con:part><con:part><con:url>file:\C:\SAIB\OLP%20Modules%20Docu\TestData\OLP%20Test%20Data\DataPower's%20WSDL\IBRefundManager\MessageHeader.wsdl</con:url><con:content><![CDATA[<wsdl:definitions targetNamespace="http://www.saib.com.sa/OLPWareAcquirer/" xmlns:s2="http://www.saib.com.sa/OLPWareAcquirer/" xmlns:wsdl="http://schemas.xmlsoap.org/wsdl/" xmlns:xsd="http://www.w3.org/2001/XMLSchema">
  <wsdl:types>
    <xsd:schema targetNamespace="http://www.saib.com.sa/OLPWareAcquirer/">
      <xsd:include schemaLocation="MessageHeader.xsd"/>
    </xsd:schema>
  </wsdl:types>
  <wsdl:message name="HeaderMessage">
    <wsdl:part element="s2:messageHeader" name="Header"/>
  </wsdl:message>
</wsdl:definitions>]]></con:content><con:type>http://schemas.xmlsoap.org/wsdl/</con:type></con:part><con:part><con:url>file:\C:\SAIB\OLP%20Modules%20Docu\TestData\OLP%20Test%20Data\DataPower's%20WSDL\IBRefundManager\MessageHeader.xsd</con:url><con:content><![CDATA[<xsd:schema xml:lang="en" elementFormDefault="qualified" attributeFormDefault="unqualified" targetNamespace="http://www.saib.com.sa/OLPWareAcquirer/" xmlns="http://www.saib.com.sa/OLPWareAcquirer/" xmlns:xsd="http://www.w3.org/2001/XMLSchema">
  <xsd:element name="messageHeader">
    <xsd:complexType>
      <xsd:sequence>
        <xsd:element name="ProcessContextId" minOccurs="1" maxOccurs="1">
          <xsd:simpleType>
            <xsd:restriction base="xsd:string">
              <xsd:maxLength value="50"/>
            </xsd:restriction>
          </xsd:simpleType>
        </xsd:element>
        <xsd:element name="businessContextId" minOccurs="1" maxOccurs="1">
          <xsd:simpleType>
            <xsd:restriction base="xsd:string">
              <xsd:maxLength value="2"/>
            </xsd:restriction>
          </xsd:simpleType>
        </xsd:element>
        <xsd:element name="applicationContextId" type="xsd:int" minOccurs="1" maxOccurs="1"/>
        <xsd:element name="requesterCode" minOccurs="1" maxOccurs="1">
          <xsd:simpleType>
            <xsd:restriction base="xsd:string">
              <xsd:maxLength value="20"/>
            </xsd:restriction>
          </xsd:simpleType>
        </xsd:element>
        <xsd:element name="machineIPAddress" minOccurs="1" maxOccurs="1">
          <xsd:simpleType>
            <xsd:restriction base="xsd:string">
              <xsd:maxLength value="23"/>
            </xsd:restriction>
          </xsd:simpleType>
        </xsd:element>
        <xsd:element name="userPrincipleName" minOccurs="1" maxOccurs="1">
          <xsd:simpleType>
            <xsd:restriction base="xsd:string">
              <xsd:maxLength value="15"/>
            </xsd:restriction>
          </xsd:simpleType>
        </xsd:element>
        <xsd:element name="requestedTimestamp" type="xsd:dateTime" minOccurs="1" maxOccurs="1"/>
        <xsd:element name="channelId" minOccurs="1" maxOccurs="1">
          <xsd:simpleType>
            <xsd:restriction base="xsd:int">
              <xsd:totalDigits value="2"/>
            </xsd:restriction>
          </xsd:simpleType>
        </xsd:element>
        <xsd:element name="LanguageCode" minOccurs="0" maxOccurs="1">
          <xsd:simpleType>
            <xsd:restriction base="xsd:string">
              <xsd:maxLength value="20"/>
            </xsd:restriction>
          </xsd:simpleType>
        </xsd:element>
        <xsd:element name="VersionNumber" minOccurs="0" maxOccurs="1">
          <xsd:simpleType>
            <xsd:restriction base="xsd:string">
              <xsd:maxLength value="20"/>
            </xsd:restriction>
          </xsd:simpleType>
        </xsd:element>
      </xsd:sequence>
    </xsd:complexType>
  </xsd:element>
</xsd:schema>]]></con:content><con:type>http://www.w3.org/2001/XMLSchema</con:type></con:part><con:part><con:url>file:\C:\SAIB\OLP%20Modules%20Docu\TestData\OLP%20Test%20Data\DataPower's%20WSDL\IBRefundManager\IBRefundManager.xsd</con:url><con:content><![CDATA[<xs:schema targetNamespace="http://www.saib.com.sa/OLPWareAcquirer/IBRefundManager/" version="1.0" xmlns:xs="http://www.w3.org/2001/XMLSchema" xmlns:tns="http://www.saib.com.sa/OLPWareAcquirer/IBRefundManager/" xmlns:xsd="http://www.w3.org/2001/XMLSchema">
  <xsd:annotation>
    <xsd:documentation>This schema defines the data transfer objects used
			by the OLP Refund Manager service.</xsd:documentation>
  </xsd:annotation>
  <xsd:annotation>
    <xsd:documentation>Below element tag shows the @RequestWrapper and @ResponseWrapper name and type.
			The default value of the localName is the operationName for Request wrapper and
			operationName appended by Response for Response wrapper</xsd:documentation>
  </xsd:annotation>
  <xs:element name="InitiateRefund" type="tns:InitiateRefund">
    <xsd:annotation>
      <xsd:documentation>InitiateRefund request element wrapper.</xsd:documentation>
    </xsd:annotation>
  </xs:element>
  <xs:element name="InitiateRefundResponse" type="tns:InitiateRefundResponse">
    <xsd:annotation>
      <xsd:documentation>InitiateRefund response element wrapper.</xsd:documentation>
    </xsd:annotation>
  </xs:element>
  <xs:element name="RetrieveRefundList" type="tns:RetrieveRefundList">
    <xsd:annotation>
      <xsd:documentation>RetrieveRefundList request element wrapper.</xsd:documentation>
    </xsd:annotation>
  </xs:element>
  <xs:element name="RetrieveRefundListResponse" type="tns:RetrieveRefundListResponse">
    <xsd:annotation>
      <xsd:documentation>RetrieveRefundList response element wrapper.</xsd:documentation>
    </xsd:annotation>
  </xs:element>
  <xs:element name="RetrieveRefund" type="tns:RetrieveRefund">
    <xsd:annotation>
      <xsd:documentation>RetrieveRefund request element wrapper.</xsd:documentation>
    </xsd:annotation>
  </xs:element>
  <xs:element name="RetrieveRefundResponse" type="tns:RetrieveRefundResponse">
    <xsd:annotation>
      <xsd:documentation>RetrieveRefund response element wrapper.</xsd:documentation>
    </xsd:annotation>
  </xs:element>
  <xs:element name="ProcessRefund" type="tns:ProcessRefund">
    <xsd:annotation>
      <xsd:documentation>ProcessRefund request element wrapper.</xsd:documentation>
    </xsd:annotation>
  </xs:element>
  <xs:element name="ProcessRefundResponse" type="tns:ProcessRefundResponse">
    <xsd:annotation>
      <xsd:documentation>ProcessRefund response element wrapper.</xsd:documentation>
    </xsd:annotation>
  </xs:element>
  <xs:element name="Fault" type="tns:Fault">
    <xsd:annotation>
      <xsd:documentation>Fault response element wrapper.</xsd:documentation>
    </xsd:annotation>
  </xs:element>
  <!--Below given are the request and response elements and corresponding attributes.-->
  <xs:complexType name="OlpBusinessException">
    <xs:sequence>
      <xs:element minOccurs="1" maxOccurs="1" name="errorCode" type="xs:string">
        <xsd:annotation>
          <xsd:documentation>Error code of the exception occured</xsd:documentation>
        </xsd:annotation>
      </xs:element>
      <xs:element minOccurs="1" maxOccurs="1" name="errorMessage" type="xs:string">
        <xsd:annotation>
          <xsd:documentation>Error message of the exception occured</xsd:documentation>
        </xsd:annotation>
      </xs:element>
      <xs:element minOccurs="0" maxOccurs="1" name="reasonCode" type="xs:string">
        <xsd:annotation>
          <xsd:documentation>Reason code of the exception occured</xsd:documentation>
        </xsd:annotation>
      </xs:element>
      <xs:element minOccurs="0" maxOccurs="1" name="reasonDescription" type="xs:string">
        <xsd:annotation>
          <xsd:documentation>Reason description of the exception occured</xsd:documentation>
        </xsd:annotation>
      </xs:element>
    </xs:sequence>
  </xs:complexType>
  <xs:complexType name="Fault">
    <xs:sequence>
      <xs:element minOccurs="1" maxOccurs="1" name="faultCode" type="xs:string">
        <xsd:annotation>
          <xsd:documentation>Fault Type of the fault occured</xsd:documentation>
        </xsd:annotation>
      </xs:element>
      <xs:element minOccurs="1" maxOccurs="1" name="faultString" type="xs:string">
        <xsd:annotation>
          <xsd:documentation>Error message of the fault occured</xsd:documentation>
        </xsd:annotation>
      </xs:element>
      <xs:element minOccurs="1" maxOccurs="1" name="timeStamp" type="xs:dateTime">
        <xsd:annotation>
          <xsd:documentation>Time when the fault occured</xsd:documentation>
        </xsd:annotation>
      </xs:element>
    </xs:sequence>
  </xs:complexType>
  <xs:complexType name="InitiateRefund">
    <xsd:annotation>
      <xsd:documentation>InitiateRefund request wrapper.</xsd:documentation>
    </xsd:annotation>
    <xs:sequence>
      <xs:element minOccurs="1" maxOccurs="1" name="InitiateRefundRequest" type="tns:InitiateRefundRequest"/>
    </xs:sequence>
  </xs:complexType>
  <xs:complexType name="InitiateRefundRequest">
    <xs:sequence>
      <xs:element minOccurs="1" maxOccurs="200" nillable="true" name="initiateRefundInfo" type="tns:InitiateRefundInfo"></xs:element>
    </xs:sequence>
  </xs:complexType>
  <xs:complexType name="InitiateRefundInfo">
    <xs:sequence>
      <xs:element minOccurs="1" maxOccurs="1" name="refundType" type="xs:int">
        <xsd:annotation>
          <xsd:documentation>This identifies whether the refund is raised by
						1.Merchant
						2.Consumer
						3.Forced refund(This is triggered in SADAD)</xsd:documentation>
        </xsd:annotation>
      </xs:element>
      <xs:element minOccurs="1" maxOccurs="1" name="refundRequestAmount" type="xs:double">
        <xsd:annotation>
          <xsd:documentation>The amount requested to be refunded.</xsd:documentation>
        </xsd:annotation>
      </xs:element>
      <xs:element minOccurs="1" maxOccurs="1" name="refundReason" type="xs:string">
        <xsd:annotation>
          <xsd:documentation>The reason for raising refund</xsd:documentation>
        </xsd:annotation>
      </xs:element>
      <xs:element minOccurs="1" maxOccurs="1" name="remarks" type="xs:string">
        <xsd:annotation>
          <xsd:documentation>Remarks</xsd:documentation>
        </xsd:annotation>
      </xs:element>
      <xs:element minOccurs="1" maxOccurs="1" name="parentSadadTransactionNumber" type="xs:string">
        <xsd:annotation>
          <xsd:documentation>The Sadad Transaction Number against which refund is initiated</xsd:documentation>
        </xsd:annotation>
      </xs:element>
      <xs:element minOccurs="0" maxOccurs="1" name="disputeId" type="xs:long">
        <xsd:annotation>
          <xsd:documentation>The dispute id against which forced refund is initiated.</xsd:documentation>
        </xsd:annotation>
      </xs:element>
      <xs:element minOccurs="1" maxOccurs="1" name="affectedPartyDetails" type="tns:AffectedPartyDetails">
        <xsd:annotation>
          <xsd:documentation>The reference object of AffectedPartyDetails</xsd:documentation>
        </xsd:annotation>
      </xs:element>
    </xs:sequence>
  </xs:complexType>
  <xs:complexType name="AffectedPartyDetails">
    <xs:sequence>
      <xs:element minOccurs="1" maxOccurs="1" name="affectedPartyId" type="xs:long">
        <xsd:annotation>
          <xsd:documentation>The unique identifier to identify for whom the initiator is raising refund.</xsd:documentation>
        </xsd:annotation>
      </xs:element>
      <xs:element minOccurs="1" maxOccurs="1" name="affectedPartyType" type="xs:int">
        <xsd:annotation>
          <xsd:documentation>The affected party type :
						2.Consumer</xsd:documentation>
        </xsd:annotation>
      </xs:element>
    </xs:sequence>
  </xs:complexType>
  <xs:complexType name="InitiateRefundResponse">
    <xsd:annotation>
      <xsd:documentation>InitiateRefund response wrapper.</xsd:documentation>
    </xsd:annotation>
    <xs:sequence>
      <xs:element minOccurs="1" maxOccurs="1" name="InitiateRefundReply" type="tns:InitiateRefundReply"/>
    </xs:sequence>
  </xs:complexType>
  <xs:complexType name="InitiateRefundReply">
    <xs:sequence>
      <xs:element minOccurs="1" maxOccurs="1" name="responseCode" type="xs:string">
        <xsd:annotation>
          <xsd:documentation>Response Code
						00(Success)
						01(Failure)
						02(Partial success)</xsd:documentation>
        </xsd:annotation>
      </xs:element>
      <xs:element minOccurs="0" maxOccurs="200" nillable="true" name="initiatedRefundResDetails" type="tns:InitiatedRefundResDetails">
        <xsd:annotation>
          <xsd:documentation>List of initiatedRefundResDetails</xsd:documentation>
        </xsd:annotation>
      </xs:element>
      <xs:element minOccurs="0" maxOccurs="1" name="olpBusinessException" type="tns:OlpBusinessException">
        <xsd:annotation>
          <xsd:documentation>Element to hold olpBusinessException</xsd:documentation>
        </xsd:annotation>
      </xs:element>
    </xs:sequence>
  </xs:complexType>
  <xs:complexType name="InitiatedRefundResDetails">
    <xs:sequence>
      <xs:element minOccurs="1" maxOccurs="1" name="parentSadadTransactionNumber" type="xs:string">
        <xsd:annotation>
          <xsd:documentation>Parent transaction id for which refund is initiated</xsd:documentation>
        </xsd:annotation>
      </xs:element>
      <xs:element minOccurs="0" maxOccurs="1" name="refundStatus" type="xs:int">
        <xsd:annotation>
          <xsd:documentation>The status of refund:
						1.Initiated
						2.In progress
						3.Completed
						4.Failed
						5.Rejected
						6.Cancelled</xsd:documentation>
        </xsd:annotation>
      </xs:element>
      <xs:element minOccurs="0" maxOccurs="1" name="refundRequestId" type="xs:long">
        <xsd:annotation>
          <xsd:documentation>The unique Id of refund request</xsd:documentation>
        </xsd:annotation>
      </xs:element>
      <xs:element minOccurs="0" maxOccurs="1" name="olpBusinessException" type="tns:OlpBusinessException">
        <xsd:annotation>
          <xsd:documentation>Element to hold olpBusinessException</xsd:documentation>
        </xsd:annotation>
      </xs:element>
    </xs:sequence>
  </xs:complexType>
  <xs:complexType name="RetrieveRefundList">
    <xsd:annotation>
      <xsd:documentation>RetrieveRefundList request wrapper.</xsd:documentation>
    </xsd:annotation>
    <xs:sequence>
      <xs:element minOccurs="1" maxOccurs="1" name="RetrieveRefundListRequest" type="tns:RetrieveRefundListRequest"/>
    </xs:sequence>
  </xs:complexType>
  <xs:complexType name="RetrieveRefundListRequest">
    <xs:sequence>
      <xs:element minOccurs="1" maxOccurs="1" nillable="true" name="refundSearchCriteria" type="tns:RefundSearchCriteria">
        <xsd:annotation>
          <xsd:documentation>RefundSearchCriteria wrapper.</xsd:documentation>
        </xsd:annotation>
      </xs:element>
      <xs:element minOccurs="1" maxOccurs="1" name="pagination" type="tns:Pagination">
        <xsd:annotation>
          <xsd:documentation>Pagination wrapper.</xsd:documentation>
        </xsd:annotation>
      </xs:element>
    </xs:sequence>
  </xs:complexType>
  <xs:complexType name="Pagination">
    <xs:sequence>
      <xs:element minOccurs="0" maxOccurs="1" name="startIndex" type="xs:int">
        <xsd:annotation>
          <xsd:documentation>Index for pagination</xsd:documentation>
        </xsd:annotation>
      </xs:element>
      <xs:element minOccurs="0" maxOccurs="1" name="totalNumberOfrecords" type="xs:int"/>
      <xs:element minOccurs="0" maxOccurs="1" name="sortingOrder" type="xs:int">
        <xsd:annotation>
          <xsd:documentation>
            Sorting order :
            <br/>
            1:ascending
            <br/>
            2:descending
            <br/>
            Note : default value is descending
          </xsd:documentation>
        </xsd:annotation>
      </xs:element>
      <xs:element minOccurs="0" maxOccurs="1" name="sortingIndex" type="xs:string">
        <xsd:annotation>
          <xsd:documentation>
            These are the possible parameter which are used for sorting:
            <br/>
            opVersion
            <br/>
            Note : 	opVersion is default parameter for sorting .
          </xsd:documentation>
        </xsd:annotation>
      </xs:element>
    </xs:sequence>
  </xs:complexType>
  <xs:complexType name="RefundSearchCriteria">
    <xs:sequence>
      <xs:element minOccurs="0" maxOccurs="1" name="affectedPartyDetails" type="tns:AffectedPartyDetails">
        <xsd:annotation>
          <xsd:documentation>The reference object of AffectedPartyDetails</xsd:documentation>
        </xsd:annotation>
      </xs:element>
      <xs:element minOccurs="0" maxOccurs="1" name="refundRequestId" type="xs:long">
        <xsd:annotation>
          <xsd:documentation>Unique Id of Refund request</xsd:documentation>
        </xsd:annotation>
      </xs:element>
      <xs:element minOccurs="0" maxOccurs="1" name="fromDate" type="xs:date">
        <xsd:annotation>
          <xsd:documentation>Start Date Range within which the dispute request was logged</xsd:documentation>
        </xsd:annotation>
      </xs:element>
      <xs:element minOccurs="0" maxOccurs="1" name="toDate" type="xs:date">
        <xsd:annotation>
          <xsd:documentation>End Date Range within which the dispute request was logged</xsd:documentation>
        </xsd:annotation>
      </xs:element>
      <xs:element minOccurs="0" maxOccurs="1" name="refundStatus" type="xs:int">
        <xsd:annotation>
          <xsd:documentation>The status of refund:
						1.Initiated
						2.In progress
						3.Completed
						4.Failed
						5.Rejected
						6.Cancelled</xsd:documentation>
        </xsd:annotation>
      </xs:element>
      <xs:element minOccurs="0" maxOccurs="1" name="parentSadadTransactionNumber" type="xs:string">
        <xsd:annotation>
          <xsd:documentation>The unique ID of transaction for which refund is raised</xsd:documentation>
        </xsd:annotation>
      </xs:element>
      <xs:element minOccurs="0" maxOccurs="1" name="refundType" type="xs:int">
        <xsd:annotation>
          <xsd:documentation>This identifies whether the refund is raised by
						1.Merchant
						2.Consumer
						3.Forced refund(This is triggered in SADAD)</xsd:documentation>
        </xsd:annotation>
      </xs:element>
      <xs:element name="refundReason" type="xs:string" maxOccurs="1" minOccurs="0">
        <xsd:annotation>
          <xsd:documentation>Reason for raising refund</xsd:documentation>
        </xsd:annotation>
      </xs:element>
      <xs:element name="rejectionReason" type="xs:string" maxOccurs="1" minOccurs="0">
        <xsd:annotation>
          <xsd:documentation>Reason for rejecting refund request</xsd:documentation>
        </xsd:annotation>
      </xs:element>
      <xs:element minOccurs="0" maxOccurs="1" name="bankCode" type="xs:string">
        <xsd:annotation>
          <xsd:documentation>The unique id of bank</xsd:documentation>
        </xsd:annotation>
      </xs:element>
      <xs:element minOccurs="0" maxOccurs="1" name="requestedBy" type="xs:int">
        <xsd:annotation>
          <xsd:documentation>The user who is raising the refund.
						1.Merchant
						2.Consumer
						3.Bank User
						4.Sadad User</xsd:documentation>
        </xsd:annotation>
      </xs:element>
    </xs:sequence>
  </xs:complexType>
  <xs:complexType name="RetrieveRefundListResponse">
    <xsd:annotation>
      <xsd:documentation>RetrieveRefundList response wrapper.</xsd:documentation>
    </xsd:annotation>
    <xs:sequence>
      <xs:element minOccurs="1" maxOccurs="1" name="RetrieveRefundListReply" type="tns:RetrieveRefundListReply"/>
    </xs:sequence>
  </xs:complexType>
  <xs:complexType name="RetrieveRefundListReply">
    <xs:sequence>
      <xs:element minOccurs="0" maxOccurs="200" nillable="true" name="refundList" type="tns:RefundInfo">
        <xsd:annotation>
          <xsd:documentation>RefundInfo wrapper class.</xsd:documentation>
        </xsd:annotation>
      </xs:element>
      <xs:element minOccurs="0" maxOccurs="1" name="olpBusinessException" type="tns:OlpBusinessException">
        <xsd:annotation>
          <xsd:documentation>OlpBusinessException wrapper class.</xsd:documentation>
        </xsd:annotation>
      </xs:element>
      <xs:element minOccurs="0" maxOccurs="1" name="totalNumberOfRecords" type="xs:int"/>
      <xs:element minOccurs="1" maxOccurs="1" name="responseCode" type="xs:string">
        <xsd:annotation>
          <xsd:documentation>Response Code
						00(Success)
						01(Failure)
						02(Partial success)</xsd:documentation>
        </xsd:annotation>
      </xs:element>
    </xs:sequence>
  </xs:complexType>
  <xs:complexType name="RefundInfo">
    <xs:sequence>
      <xs:element minOccurs="1" maxOccurs="1" name="refundRequestId" type="xs:long">
        <xsd:annotation>
          <xsd:documentation>Unique Id of Refund Request</xsd:documentation>
        </xsd:annotation>
      </xs:element>
      <xs:element minOccurs="1" maxOccurs="1" name="parentTransactionDetails" type="tns:ParentTransactionDetails">
        <xsd:annotation>
          <xsd:documentation>ParentTransactionDetails wrapper</xsd:documentation>
        </xsd:annotation>
      </xs:element>
      <xs:element minOccurs="1" maxOccurs="1" name="requestedDate" type="xs:date">
        <xsd:annotation>
          <xsd:documentation>The date on which the refund request is raised.</xsd:documentation>
        </xsd:annotation>
      </xs:element>
      <xs:element minOccurs="1" maxOccurs="1" name="requestedAmount" type="xs:double">
        <xsd:annotation>
          <xsd:documentation>The requested amount</xsd:documentation>
        </xsd:annotation>
      </xs:element>
      <xs:element minOccurs="0" maxOccurs="1" name="remarks" type="xs:string">
        <xsd:annotation>
          <xsd:documentation>Remarks</xsd:documentation>
        </xsd:annotation>
      </xs:element>
      <xs:element minOccurs="1" maxOccurs="1" name="refundStatus" type="xs:int">
        <xsd:annotation>
          <xsd:documentation>The status of refund: 1.Initiated 2.In progress
						3.Completed 4.Failed 5.Rejected 6.Cancelled</xsd:documentation>
        </xsd:annotation>
      </xs:element>
      <xs:element minOccurs="0" maxOccurs="1" name="closedDate" type="xs:date">
        <xsd:annotation>
          <xsd:documentation>The date in which the refund is closed</xsd:documentation>
        </xsd:annotation>
      </xs:element>
      <xs:element minOccurs="0" maxOccurs="1" name="refundSadadTransactionNumber" type="xs:string">
        <xsd:annotation>
          <xsd:documentation>The unique Id of Refund Transaction</xsd:documentation>
        </xsd:annotation>
      </xs:element>
      <xs:element minOccurs="0" maxOccurs="1" name="approvedAmount" type="xs:double">
        <xsd:annotation>
          <xsd:documentation>The approved amount for refund request</xsd:documentation>
        </xsd:annotation>
      </xs:element>
      <xs:element name="refundReason" type="xs:string" maxOccurs="1" minOccurs="0">
        <xsd:annotation>
          <xsd:documentation>Reason for raising refund</xsd:documentation>
        </xsd:annotation>
      </xs:element>
      <xs:element name="rejectionReason" type="xs:string" maxOccurs="1" minOccurs="0">
        <xsd:annotation>
          <xsd:documentation>Reason for rejecting refund request</xsd:documentation>
        </xsd:annotation>
      </xs:element>
      <xs:element minOccurs="1" maxOccurs="1" name="paymentCurrency" type="xs:string"/>
      <xs:element minOccurs="0" maxOccurs="1" name="requestedBy" type="xs:int"></xs:element>
    </xs:sequence>
  </xs:complexType>
  <xs:complexType name="ParentTransactionDetails">
    <xs:sequence>
      <xs:element minOccurs="1" maxOccurs="1" name="parentSadadTransactionNumber" type="xs:string">
        <xsd:annotation>
          <xsd:documentation>Parent transaction id against which refund is raised</xsd:documentation>
        </xsd:annotation>
      </xs:element>
      <xs:element minOccurs="1" maxOccurs="1" name="parentTransactionAmount" type="xs:double">
        <xsd:annotation>
          <xsd:documentation>The transaction amount against which refund is raised</xsd:documentation>
        </xsd:annotation>
      </xs:element>
      <xs:element minOccurs="1" maxOccurs="1" name="parentTransactionDate" type="xs:dateTime">
        <xsd:annotation>
          <xsd:documentation>Date and time of the original transaction</xsd:documentation>
        </xsd:annotation>
      </xs:element>
    </xs:sequence>
  </xs:complexType>
  <xs:complexType name="RetrieveRefund">
    <xsd:annotation>
      <xsd:documentation>RetrieveRefund request wrapper.</xsd:documentation>
    </xsd:annotation>
    <xs:sequence>
      <xs:element minOccurs="1" maxOccurs="1" name="RetrieveRefundRequest" type="tns:RetrieveRefundRequest"/>
    </xs:sequence>
  </xs:complexType>
  <xs:complexType name="RetrieveRefundRequest">
    <xs:sequence>
      <xs:element minOccurs="1" maxOccurs="1" name="refundRequestId" type="xs:long">
        <xsd:annotation>
          <xsd:documentation>Unique Id of refund request</xsd:documentation>
        </xsd:annotation>
      </xs:element>
    </xs:sequence>
  </xs:complexType>
  <xs:complexType name="RetrieveRefundResponse">
    <xsd:annotation>
      <xsd:documentation>RetrieveRefund response wrapper.</xsd:documentation>
    </xsd:annotation>
    <xs:sequence>
      <xs:element minOccurs="1" maxOccurs="1" name="RetrieveRefundReply" type="tns:RetrieveRefundReply"/>
    </xs:sequence>
  </xs:complexType>
  <xs:complexType name="RetrieveRefundReply">
    <xs:sequence>
      <xs:element minOccurs="0" maxOccurs="1" name="olpBusinessException" type="tns:OlpBusinessException">
        <xsd:annotation>
          <xsd:documentation>Element to hold OlpBusinessException</xsd:documentation>
        </xsd:annotation>
      </xs:element>
      <xs:element minOccurs="1" maxOccurs="1" name="responseCode" type="xs:string">
        <xsd:annotation>
          <xsd:documentation>Response Code
						00(Success)
						01(Failure)</xsd:documentation>
        </xsd:annotation>
      </xs:element>
      <xs:element minOccurs="0" maxOccurs="1" name="refund" type="tns:Refund">
        <xsd:annotation>
          <xsd:documentation>Refund Wrapper class</xsd:documentation>
        </xsd:annotation>
      </xs:element>
    </xs:sequence>
  </xs:complexType>
  <xsd:complexType name="Refund">
    <xsd:sequence>
      <xs:element minOccurs="1" maxOccurs="1" name="affectedPartyDetails" type="tns:AffectedPartyDetails">
        <xsd:annotation>
          <xsd:documentation>AffectedPartyDetails Wrapper class</xsd:documentation>
        </xsd:annotation>
      </xs:element>
      <xs:element minOccurs="1" maxOccurs="1" name="refundDetails" type="tns:RefundDetails">
        <xsd:annotation>
          <xsd:documentation>RefundDetails Wrapper class</xsd:documentation>
        </xsd:annotation>
      </xs:element>
    </xsd:sequence>
  </xsd:complexType>
  <xsd:complexType name="RefundDetails">
    <xs:sequence>
      <xs:element minOccurs="1" maxOccurs="1" name="refundRequestId" type="xs:long">
        <xsd:annotation>
          <xsd:documentation>The unique ID of refund request</xsd:documentation>
        </xsd:annotation>
      </xs:element>
      <xs:element minOccurs="0" maxOccurs="1" name="approvedAmount" type="xs:double">
        <xsd:annotation>
          <xsd:documentation>The amount approved for refund</xsd:documentation>
        </xsd:annotation>
      </xs:element>
      <xs:element minOccurs="0" maxOccurs="1" name="disputeId" type="xs:long">
        <xsd:annotation>
          <xsd:documentation>The unique id of dispute</xsd:documentation>
        </xsd:annotation>
      </xs:element>
      <xs:element minOccurs="1" maxOccurs="1" name="refundReason" type="xs:string">
        <xsd:annotation>
          <xsd:documentation>The reason for raising refund</xsd:documentation>
        </xsd:annotation>
      </xs:element>
      <xs:element minOccurs="1" maxOccurs="1" name="refundType" type="xs:int">
        <xsd:annotation>
          <xsd:documentation>This identifies whether the refund is raised by
						1.Merchant 2.Consumer 3.Forced refund(This is
						triggered in SADAD)</xsd:documentation>
        </xsd:annotation>
      </xs:element>
      <xs:element minOccurs="1" maxOccurs="1" name="parentTransactionDetails" type="tns:ParentTransactionDetails">
        <xsd:annotation>
          <xsd:documentation>ParentTransactionDetails wrapper calss</xsd:documentation>
        </xsd:annotation>
      </xs:element>
      <xs:element minOccurs="1" maxOccurs="1" name="requestedAmount" type="xs:double">
        <xsd:annotation>
          <xsd:documentation>The requested amount</xsd:documentation>
        </xsd:annotation>
      </xs:element>
      <xs:element minOccurs="1" maxOccurs="1" name="requestedDate" type="xs:date">
        <xsd:annotation>
          <xsd:documentation>The date in which refund is raised</xsd:documentation>
        </xsd:annotation>
      </xs:element>
      <xs:element minOccurs="0" maxOccurs="1" name="remarks" type="xs:string">
        <xsd:annotation>
          <xsd:documentation>Remarks</xsd:documentation>
        </xsd:annotation>
      </xs:element>
      <xs:element minOccurs="0" maxOccurs="1" name="closedDate" type="xs:date">
        <xsd:annotation>
          <xsd:documentation>The closed date of the refund request</xsd:documentation>
        </xsd:annotation>
      </xs:element>
      <xs:element minOccurs="1" maxOccurs="1" name="refundSadadTransactionNumber" type="xs:string">
        <xsd:annotation>
          <xsd:documentation>The unique ID of Refund Transaction</xsd:documentation>
        </xsd:annotation>
      </xs:element>
      <xs:element minOccurs="1" maxOccurs="1" name="refundStatus" type="xs:int">
        <xsd:annotation>
          <xsd:documentation>The status of refund: 1.Initiated 2.In progress
						3.Completed 4.Failed 5.Rejected 6.Cancelled</xsd:documentation>
        </xsd:annotation>
      </xs:element>
      <xs:element minOccurs="1" maxOccurs="1" name="merchantStatus" type="xs:int">
        <xsd:annotation>
          <xsd:documentation>The status of merchant</xsd:documentation>
        </xsd:annotation>
      </xs:element>
      <xs:element minOccurs="1" maxOccurs="1" name="consumerStatus" type="xs:int">
        <xsd:annotation>
          <xsd:documentation>The status of consumer</xsd:documentation>
        </xsd:annotation>
      </xs:element>
      <xs:element name="rejectionReason" type="xs:string" maxOccurs="1" minOccurs="0">
        <xsd:annotation>
          <xsd:documentation>Reason for rejecting refund</xsd:documentation>
        </xsd:annotation>
      </xs:element>
      <xs:element minOccurs="1" maxOccurs="1" name="paymentCurrency" type="xs:string"/>
      <xs:element minOccurs="0" maxOccurs="1" name="requestedBy" type="xs:int"></xs:element>
    </xs:sequence>
  </xsd:complexType>
  <xs:complexType name="ProcessRefund">
    <xsd:annotation>
      <xsd:documentation>ProcessRefund request wrapper.</xsd:documentation>
    </xsd:annotation>
    <xs:sequence>
      <xs:element minOccurs="1" maxOccurs="1" name="ProcessRefundRequest" type="tns:ProcessRefundRequest"/>
    </xs:sequence>
  </xs:complexType>
  <xs:complexType name="ProcessRefundRequest">
    <xs:sequence>
      <xs:element minOccurs="1" maxOccurs="200" nillable="true" name="processRefundPaymentList" type="tns:ProcessRefundPayment"/>
    </xs:sequence>
  </xs:complexType>
  <xsd:complexType name="ProcessRefundPayment">
    <xsd:sequence>
      <xs:element minOccurs="1" maxOccurs="1" name="refundRequestId" type="xs:long">
        <xsd:annotation>
          <xsd:documentation>The unique id of refund request</xsd:documentation>
        </xsd:annotation>
      </xs:element>
      <xs:element minOccurs="0" maxOccurs="1" name="approvedAmount" type="xs:double">
        <xsd:annotation>
          <xsd:documentation>The amount which is approved for refund</xsd:documentation>
        </xsd:annotation>
      </xs:element>
      <xs:element minOccurs="0" maxOccurs="1" name="remarks" type="xs:string">
        <xsd:annotation>
          <xsd:documentation>Remarks</xsd:documentation>
        </xsd:annotation>
      </xs:element>
      <xs:element minOccurs="0" maxOccurs="1" name="rejectionReason" type="xs:string">
        <xsd:annotation>
          <xsd:documentation>The reason for rejection</xsd:documentation>
        </xsd:annotation>
      </xs:element>
      <xs:element minOccurs="1" maxOccurs="1" name="action" type="xs:int">
        <xsd:annotation>
          <xsd:documentation>The action against refund:
						0.Approved
						1.Rejected</xsd:documentation>
        </xsd:annotation>
      </xs:element>
    </xsd:sequence>
  </xsd:complexType>
  <xs:complexType name="ProcessRefundResponse">
    <xsd:annotation>
      <xsd:documentation>ProcessRefund response wrapper.</xsd:documentation>
    </xsd:annotation>
    <xs:sequence>
      <xs:element minOccurs="1" maxOccurs="1" name="ProcessRefundReply" type="tns:ProcessRefundReply"/>
    </xs:sequence>
  </xs:complexType>
  <xs:complexType name="ProcessRefundReply">
    <xs:sequence>
      <xs:element minOccurs="0" maxOccurs="1" name="olpBusinessException" type="tns:OlpBusinessException">
        <xsd:annotation>
          <xsd:documentation>OlpBusinessException wrapper.</xsd:documentation>
        </xsd:annotation>
      </xs:element>
      <xs:element minOccurs="1" maxOccurs="1" name="responseCode" type="xs:string">
        <xsd:annotation>
          <xsd:documentation>Response Code
						00(Success)
						01(Failure)
						02(Partial success)</xsd:documentation>
        </xsd:annotation>
      </xs:element>
      <xs:element minOccurs="0" maxOccurs="200" nillable="true" name="processRefundResList" type="tns:ProcessRefundResDeatils"/>
    </xs:sequence>
  </xs:complexType>
  <xsd:complexType name="ProcessRefundResDeatils">
    <xsd:sequence>
      <xs:element minOccurs="1" maxOccurs="1" name="refundRequestId" type="xs:long">
        <xsd:annotation>
          <xsd:documentation>The unique Id of refund</xsd:documentation>
        </xsd:annotation>
      </xs:element>
      <xs:element minOccurs="0" maxOccurs="1" name="refundSadadTransactionNumber" type="xs:string">
        <xsd:annotation>
          <xsd:documentation>The unique ID of Refund Transaction</xsd:documentation>
        </xsd:annotation>
      </xs:element>
      <xs:element minOccurs="0" maxOccurs="1" name="olpBusinessException" type="tns:OlpBusinessException"></xs:element>
    </xsd:sequence>
  </xsd:complexType>
</xs:schema>]]></con:content><con:type>http://www.w3.org/2001/XMLSchema</con:type></con:part></con:definitionCache><con:endpoints><con:endpoint>http://localhost:9080/AcquirerWebService/IBRefundManagerService</con:endpoint></con:endpoints><con:operation id="2c287887-d694-4a42-be9d-4ee805242eb2" isOneWay="false" action="" name="InitiateRefund" bindingOperationName="InitiateRefund" type="Request-Response" inputName="" receivesAttachments="false" sendsAttachments="false" anonymous="optional"><con:settings/><con:call id="18d58575-f0ce-4d07-8a34-abb9a86d6616" name="Request 1"><con:settings><con:setting id="com.eviware.soapui.impl.wsdl.WsdlRequest@request-headers">&lt;xml-fragment/></con:setting></con:settings><con:encoding>UTF-8</con:encoding><con:endpoint>http://192.168.105.110:9080/integration/AcquirerWebService/IBRefundManagerService/1.0</con:endpoint><con:request><![CDATA[<soap:Envelope xmlns:soap="http://www.w3.org/2003/05/soap-envelope" xmlns:olp="http://www.saib.com.sa/OLPWareAcquirer/" xmlns:ibr="http://www.saib.com.sa/OLPWareAcquirer/IBRefundManager/">\r
   <soap:Header>\r
      <olp:messageHeader>
         <olp:ProcessContextId>SIBC1955992483443030476</olp:ProcessContextId>
         <olp:businessContextId>RF</olp:businessContextId>
         <olp:applicationContextId>4</olp:applicationContextId>
         <olp:requesterCode>SIBC</olp:requesterCode>
         <olp:machineIPAddress>10.10.21.57</olp:machineIPAddress>
         <olp:userPrincipleName>1026</olp:userPrincipleName>
         <olp:requestedTimestamp>2018-01-03T14:45:33</olp:requestedTimestamp>
         <olp:channelId>1</olp:channelId>
         <olp:LanguageCode>en</olp:LanguageCode>
         <olp:VersionNumber>1.0</olp:VersionNumber>
      </olp:messageHeader>
   </soap:Header>\r
   <soap:Body>\r
      <ibr:InitiateRefund>\r
         <InitiateRefundRequest>\r
            <!--1 to 200 repetitions:-->\r
            <initiateRefundInfo>\r
               <refundType>1</refundType>\r
               <refundRequestAmount>10.0</refundRequestAmount>\r
               <refundReason>1</refundReason>\r
               <remarks>1</remarks>\r
               <parentSadadTransactionNumber>P1000000000000015160</parentSadadTransactionNumber>\r
               <!--Optional:-->\r
               
               <affectedPartyDetails>\r
                  <affectedPartyId>105815</affectedPartyId>\r
                  <affectedPartyType>2</affectedPartyType>\r
               </affectedPartyDetails>\r
            </initiateRefundInfo>\r
         </InitiateRefundRequest>\r
      </ibr:InitiateRefund>\r
   </soap:Body>\r
</soap:Envelope>]]></con:request><con:credentials><con:authType>No Authorization</con:authType></con:credentials><con:jmsConfig JMSDeliveryMode="PERSISTENT"/><con:jmsPropertyConfig/><con:wsaConfig mustUnderstand="NONE" version="200508" action="http://www.saib.com.sa/OLPWareAcquirer/IBRefundManager/IBRefundManager/InitiateRefundRequest"/><con:wsrmConfig version="1.2"/></con:call><con:call id="23d50c5a-037d-4abb-acf5-9f440a3b5800" name="Request 2"><con:settings/><con:encoding>UTF-8</con:encoding><con:endpoint>http://localhost:9080/AcquirerWebService/IBRefundManagerService</con:endpoint><con:request><![CDATA[<soap:Envelope xmlns:soap="http://www.w3.org/2003/05/soap-envelope" xmlns:olp="http://www.saib.com.sa/OLPWareAcquirer/" xmlns:ibr="http://www.saib.com.sa/OLPWareAcquirer/IBRefundManager/">\r
   <soap:Header>\r
      <olp:messageHeader>\r
         <olp:ProcessContextId>?</olp:ProcessContextId>\r
         <olp:businessContextId>?</olp:businessContextId>\r
         <olp:applicationContextId>?</olp:applicationContextId>\r
         <olp:requesterCode>?</olp:requesterCode>\r
         <olp:machineIPAddress>?</olp:machineIPAddress>\r
         <olp:userPrincipleName>?</olp:userPrincipleName>\r
         <olp:requestedTimestamp>?</olp:requestedTimestamp>\r
         <olp:channelId>?</olp:channelId>\r
         <!--Optional:-->\r
         <olp:LanguageCode>?</olp:LanguageCode>\r
         <!--Optional:-->\r
         <olp:VersionNumber>?</olp:VersionNumber>\r
      </olp:messageHeader>\r
   </soap:Header>\r
   <soap:Body>\r
      <ibr:InitiateRefund>\r
         <InitiateRefundRequest>\r
            <!--1 to 200 repetitions:-->\r
            <initiateRefundInfo>\r
               <refundType>?</refundType>\r
               <refundRequestAmount>?</refundRequestAmount>\r
               <refundReason>?</refundReason>\r
               <remarks>?</remarks>\r
               <parentSadadTransactionNumber>?</parentSadadTransactionNumber>\r
               <!--Optional:-->\r
               <disputeId>?</disputeId>\r
               <affectedPartyDetails>\r
                  <affectedPartyId>?</affectedPartyId>\r
                  <affectedPartyType>?</affectedPartyType>\r
               </affectedPartyDetails>\r
            </initiateRefundInfo>\r
         </InitiateRefundRequest>\r
      </ibr:InitiateRefund>\r
   </soap:Body>\r
</soap:Envelope>]]></con:request><con:credentials><con:authType>No Authorization</con:authType></con:credentials><con:jmsConfig JMSDeliveryMode="PERSISTENT"/><con:jmsPropertyConfig/><con:wsaConfig mustUnderstand="NONE" version="200508" action="http://www.saib.com.sa/OLPWareAcquirer/IBRefundManager/IBRefundManager/InitiateRefundRequest"/><con:wsrmConfig version="1.2"/></con:call></con:operation><con:operation id="fb19ccb5-27ec-48bf-a070-77d379f35de0" isOneWay="false" action="" name="ProcessRefund" bindingOperationName="ProcessRefund" type="Request-Response" inputName="" receivesAttachments="false" sendsAttachments="false" anonymous="optional"><con:settings/><con:call id="a026c50a-300d-4a51-8e6d-f021dc85b6ad" name="Request 1"><con:settings><con:setting id="com.eviware.soapui.impl.wsdl.WsdlRequest@request-headers">&lt;xml-fragment/></con:setting></con:settings><con:encoding>UTF-8</con:encoding><con:endpoint>http://192.168.105.110:9080/integration/AcquirerWebService/IBRefundManagerService/1.0</con:endpoint><con:request><![CDATA[<soap:Envelope xmlns:soap="http://www.w3.org/2003/05/soap-envelope" xmlns:olp="http://www.saib.com.sa/OLPWareAcquirer/" xmlns:ibr="http://www.saib.com.sa/OLPWareAcquirer/IBRefundManager/">\r
   <soap:Header>\r
      <olp:messageHeader>
         <olp:ProcessContextId>SIBC1955991483443933579</olp:ProcessContextId>
         <olp:businessContextId>RF</olp:businessContextId>
         <olp:applicationContextId>4</olp:applicationContextId>
         <olp:requesterCode>SIBC</olp:requesterCode>
         <olp:machineIPAddress>10.10.21.57</olp:machineIPAddress>
         <olp:userPrincipleName>1026</olp:userPrincipleName>
         <olp:requestedTimestamp>2018-01-03T14:45:33</olp:requestedTimestamp>
         <olp:channelId>1</olp:channelId>
         <olp:LanguageCode>en</olp:LanguageCode>
         <olp:VersionNumber>1.0</olp:VersionNumber>
      </olp:messageHeader>
   </soap:Header>\r
   <soap:Body>\r
      <ibr:ProcessRefund>\r
         <ProcessRefundRequest>\r
            <!--1 to 200 repetitions:-->\r
            <processRefundPaymentList>\r
               <refundRequestId>1000012669</refundRequestId>\r
               <!--Optional:-->\r
               <approvedAmount>10.0</approvedAmount>\r
               <!--Optional:-->\r
               
               <!--Optional:-->\r
               <rejectionReason>1</rejectionReason>\r
               <action>1</action>\r
            </processRefundPaymentList>\r
         </ProcessRefundRequest>\r
      </ibr:ProcessRefund>\r
   </soap:Body>\r
</soap:Envelope>]]></con:request><con:credentials><con:authType>No Authorization</con:authType></con:credentials><con:jmsConfig JMSDeliveryMode="PERSISTENT"/><con:jmsPropertyConfig/><con:wsaConfig mustUnderstand="NONE" version="200508" action="http://www.saib.com.sa/OLPWareAcquirer/IBRefundManager/IBRefundManager/ProcessRefundRequest"/><con:wsrmConfig version="1.2"/></con:call></con:operation><con:operation id="930ed360-0b3c-4f4b-a56a-05f8fac6f1e7" isOneWay="false" action="" name="RetrieveRefund" bindingOperationName="RetrieveRefund" type="Request-Response" inputName="" receivesAttachments="false" sendsAttachments="false" anonymous="optional"><con:settings/><con:call id="9e458090-2fe6-4609-86ba-9c61694cfa7c" name="Request 1"><con:settings><con:setting id="com.eviware.soapui.impl.wsdl.WsdlRequest@request-headers">&lt;xml-fragment/></con:setting></con:settings><con:encoding>UTF-8</con:encoding><con:endpoint>http://192.168.105.110:9080/integration/AcquirerWebService/IBRefundManagerService/1.0</con:endpoint><con:request><![CDATA[<soap:Envelope xmlns:soap="http://www.w3.org/2003/05/soap-envelope" xmlns:olp="http://www.saib.com.sa/OLPWareAcquirer/" xmlns:ibr="http://www.saib.com.sa/OLPWareAcquirer/IBRefundManager/">\r
   <soap:Header>\r
      <olp:messageHeader>
         <olp:ProcessContextId>SIBC1955991483443933446</olp:ProcessContextId>
         <olp:businessContextId>RF</olp:businessContextId>
         <olp:applicationContextId>4</olp:applicationContextId>
         <olp:requesterCode>SIBC</olp:requesterCode>
         <olp:machineIPAddress>10.10.21.57</olp:machineIPAddress>
         <olp:userPrincipleName>1026</olp:userPrincipleName>
         <olp:requestedTimestamp>2018-01-03T14:45:33</olp:requestedTimestamp>
         <olp:channelId>1</olp:channelId>
         <olp:LanguageCode>en</olp:LanguageCode>
         <olp:VersionNumber>1.0</olp:VersionNumber>
      </olp:messageHeader>
   </soap:Header>\r
   <soap:Body>\r
      <ibr:RetrieveRefund>\r
         <RetrieveRefundRequest>\r
            <refundRequestId>1000012669</refundRequestId>\r
         </RetrieveRefundRequest>\r
      </ibr:RetrieveRefund>\r
   </soap:Body>\r
</soap:Envelope>]]></con:request><con:credentials><con:authType>No Authorization</con:authType></con:credentials><con:jmsConfig JMSDeliveryMode="PERSISTENT"/><con:jmsPropertyConfig/><con:wsaConfig mustUnderstand="NONE" version="200508" action="http://www.saib.com.sa/OLPWareAcquirer/IBRefundManager/IBRefundManager/RetrieveRefundRequest"/><con:wsrmConfig version="1.2"/></con:call></con:operation><con:operation id="cdf9059c-8161-49e6-91dc-f69b256c8932" isOneWay="false" action="" name="RetrieveRefundList" bindingOperationName="RetrieveRefundList" type="Request-Response" inputName="" receivesAttachments="false" sendsAttachments="false" anonymous="optional"><con:settings/><con:call id="ae577f41-1759-4ebf-9b15-4e6b74349c8f" name="Request 1"><con:settings><con:setting id="com.eviware.soapui.impl.wsdl.WsdlRequest@request-headers">&lt;xml-fragment/></con:setting></con:settings><con:encoding>UTF-8</con:encoding><con:endpoint>http://192.168.105.110:9080/integration/AcquirerWebService/IBRefundManagerService/1.0</con:endpoint><con:request><![CDATA[<soap:Envelope xmlns:soap="http://www.w3.org/2003/05/soap-envelope" xmlns:olp="http://www.saib.com.sa/OLPWareAcquirer/" xmlns:ibr="http://www.saib.com.sa/OLPWareAcquirer/IBRefundManager/">\r
   <soap:Header>\r
      <olp:messageHeader>\r
         <olp:ProcessContextId>SIBC1955991480443933427</olp:ProcessContextId>\r
         <olp:businessContextId>RF</olp:businessContextId>\r
         <olp:applicationContextId>4</olp:applicationContextId>\r
         <olp:requesterCode>SIBC</olp:requesterCode>\r
         <olp:machineIPAddress>10.10.21.57</olp:machineIPAddress>\r
         <olp:userPrincipleName>1026</olp:userPrincipleName>\r
         <olp:requestedTimestamp>2018-01-03T14:45:33</olp:requestedTimestamp>\r
         <olp:channelId>1</olp:channelId>\r
         <olp:LanguageCode>en</olp:LanguageCode>\r
         <olp:VersionNumber>1.0</olp:VersionNumber>\r
      </olp:messageHeader>\r
   </soap:Header>\r
   <soap:Body>\r
      <ibr:RetrieveRefundList>\r
         <RetrieveRefundListRequest>\r
            <refundSearchCriteria></refundSearchCriteria>\r
            <pagination>\r
               <!--Optional:-->\r
               <startIndex>1</startIndex>\r
               <!--Optional:-->\r
               <totalNumberOfrecords>10</totalNumberOfrecords>\r
               <!--Optional:-->\r
               <sortingOrder>1</sortingOrder>\r
               <!--Optional:-->\r
               <sortingIndex>1</sortingIndex>\r
            </pagination>\r
         </RetrieveRefundListRequest>\r
      </ibr:RetrieveRefundList>\r
   </soap:Body>\r
</soap:Envelope>]]></con:request><con:credentials><con:authType>No Authorization</con:authType></con:credentials><con:jmsConfig JMSDeliveryMode="PERSISTENT"/><con:jmsPropertyConfig/><con:wsaConfig mustUnderstand="NONE" version="200508" action="http://www.saib.com.sa/OLPWareAcquirer/IBRefundManager/IBRefundManager/RetrieveRefundListRequest"/><con:wsrmConfig version="1.2"/></con:call><con:call id="e523dee9-9c58-4856-8671-de5bd9ccc480" name="Request 2"><con:settings/><con:encoding>UTF-8</con:encoding><con:endpoint>http://localhost:9080/AcquirerWebService/IBRefundManagerService</con:endpoint><con:request><![CDATA[<soap:Envelope xmlns:soap="http://www.w3.org/2003/05/soap-envelope" xmlns:olp="http://www.saib.com.sa/OLPWareAcquirer/" xmlns:ibr="http://www.saib.com.sa/OLPWareAcquirer/IBRefundManager/">\r
   <soap:Header>\r
      <olp:messageHeader>\r
         <olp:ProcessContextId>?</olp:ProcessContextId>\r
         <olp:businessContextId>?</olp:businessContextId>\r
         <olp:applicationContextId>?</olp:applicationContextId>\r
         <olp:requesterCode>?</olp:requesterCode>\r
         <olp:machineIPAddress>?</olp:machineIPAddress>\r
         <olp:userPrincipleName>?</olp:userPrincipleName>\r
         <olp:requestedTimestamp>?</olp:requestedTimestamp>\r
         <olp:channelId>?</olp:channelId>\r
         <!--Optional:-->\r
         <olp:LanguageCode>?</olp:LanguageCode>\r
         <!--Optional:-->\r
         <olp:VersionNumber>?</olp:VersionNumber>\r
      </olp:messageHeader>\r
   </soap:Header>\r
   <soap:Body>\r
      <ibr:RetrieveRefundList>\r
         <RetrieveRefundListRequest>\r
            <refundSearchCriteria>\r
               <!--Optional:-->\r
               <affectedPartyDetails>\r
                  <affectedPartyId>?</affectedPartyId>\r
                  <affectedPartyType>?</affectedPartyType>\r
               </affectedPartyDetails>\r
               <!--Optional:-->\r
               <refundRequestId>?</refundRequestId>\r
               <!--Optional:-->\r
               <fromDate>?</fromDate>\r
               <!--Optional:-->\r
               <toDate>?</toDate>\r
               <!--Optional:-->\r
               <refundStatus>?</refundStatus>\r
               <!--Optional:-->\r
               <parentSadadTransactionNumber>?</parentSadadTransactionNumber>\r
               <!--Optional:-->\r
               <refundType>?</refundType>\r
               <!--Optional:-->\r
               <refundReason>?</refundReason>\r
               <!--Optional:-->\r
               <rejectionReason>?</rejectionReason>\r
               <!--Optional:-->\r
               <bankCode>?</bankCode>\r
               <!--Optional:-->\r
               <requestedBy>?</requestedBy>\r
            </refundSearchCriteria>\r
            <pagination>\r
               <!--Optional:-->\r
               <startIndex>?</startIndex>\r
               <!--Optional:-->\r
               <totalNumberOfrecords>?</totalNumberOfrecords>\r
               <!--Optional:-->\r
               <sortingOrder>?</sortingOrder>\r
               <!--Optional:-->\r
               <sortingIndex>?</sortingIndex>\r
            </pagination>\r
         </RetrieveRefundListRequest>\r
      </ibr:RetrieveRefundList>\r
   </soap:Body>\r
</soap:Envelope>]]></con:request><con:credentials><con:authType>No Authorization</con:authType></con:credentials><con:jmsConfig JMSDeliveryMode="PERSISTENT"/><con:jmsPropertyConfig/><con:wsaConfig mustUnderstand="NONE" version="200508" action="http://www.saib.com.sa/OLPWareAcquirer/IBRefundManager/IBRefundManager/RetrieveRefundListRequest"/><con:wsrmConfig version="1.2"/></con:call></con:operation></con:interface><con:properties/><con:wssContainer/><con:oAuth2ProfileContainer/><con:oAuth1ProfileContainer/><con:databaseConnectionContainer/><con:reporting><con:xmlTemplates/><con:parameters/></con:reporting></con:soapui-project>