<?xml version="1.0" encoding="UTF-8"?>
<con:soapui-project id="ea1dbb7f-5d95-484a-bd6d-82c69c296f4f" activeEnvironment="Default" name="IssuerConsumerManager" resourceRoot="" soapui-version="5.4.0" abortOnError="false" runType="SEQUENTIAL" xmlns:con="http://eviware.com/soapui/config"><con:settings/><con:interface xsi:type="con:WsdlInterface" id="e56c361f-81a1-41b9-b687-42e3c45296ef" wsaVersion="NONE" name="IBConsumerManagerBinding" type="wsdl" bindingName="{http://www.saib.com.sa/OLPWareIssuer/IBConsumerManager/}IBConsumerManagerBinding" soapVersion="1_1" anonymous="optional" definition="file:/C:/SAIB/OLP%20Modules%20Docu/TestData/OLP%20Test%20Data/Issuer%20Wsdls/ISSUER_SADAD_DP/IssuerConsumerManager/IBConsumerManager.wsdl" xmlns:xsi="http://www.w3.org/2001/XMLSchema-instance"><con:settings/><con:definitionCache type="TEXT" rootPart="file:\C:\SAIB\OLP%20Modules%20Docu\TestData\OLP%20Test%20Data\Issuer%20Wsdls\ISSUER_SADAD_DP\IssuerConsumerManager\IBConsumerManager.wsdl"><con:part><con:url>file:\C:\SAIB\OLP%20Modules%20Docu\TestData\OLP%20Test%20Data\Issuer%20Wsdls\ISSUER_SADAD_DP\IssuerConsumerManager\IBConsumerManager.wsdl</con:url><con:content><![CDATA[<wsdl:definitions name="IBConsumerManager" targetNamespace="http://www.saib.com.sa/OLPWareIssuer/IBConsumerManager/" xmlns:wsdl="http://schemas.xmlsoap.org/wsdl/" xmlns:olp="http://www.saib.com.sa/OLPWareIssuer/IBConsumerManager/" xmlns:header="http://www.saib.com.sa/OLPWareIssuer/" xmlns:soap="http://schemas.xmlsoap.org/wsdl/soap/" xmlns:xsd="http://www.w3.org/2001/XMLSchema">
  <wsdl:import location="MessageHeader.wsdl" namespace="http://www.saib.com.sa/OLPWareIssuer/"/>
  <wsdl:types>
    <xsd:schema>
      <xsd:import namespace="http://www.saib.com.sa/OLPWareIssuer/IBConsumerManager/" schemaLocation="IBConsumerManager.xsd"/>
    </xsd:schema>
  </wsdl:types>
  <wsdl:message name="MessageHeader">
    <wsdl:part element="header:messageHeader" name="messageHeader"/>
  </wsdl:message>
  <wsdl:message name="RetrieveConsumerRequest">
    <wsdl:part element="olp:RetrieveConsumer" name="Request"/>
  </wsdl:message>
  <wsdl:message name="RetrieveConsumerResponse">
    <wsdl:part element="olp:RetrieveConsumerResponse" name="Response"/>
  </wsdl:message>
  <wsdl:message name="RegisterConsumerRequest">
    <wsdl:part element="olp:RegisterConsumer" name="Request"/>
  </wsdl:message>
  <wsdl:message name="RegisterConsumerResponse">
    <wsdl:part element="olp:RegisterConsumerResponse" name="Response"/>
  </wsdl:message>
  <wsdl:message name="ActivateConsumerRequest">
    <wsdl:part element="olp:ActivateConsumer" name="Request"/>
  </wsdl:message>
  <wsdl:message name="ActivateConsumerResponse">
    <wsdl:part element="olp:ActivateConsumerResponse" name="Response"/>
  </wsdl:message>
  <wsdl:message name="UpdateConsumerDetailsRequest">
    <wsdl:part element="olp:UpdateConsumerDetails" name="Request"/>
  </wsdl:message>
  <wsdl:message name="UpdateConsumerDetailsResponse">
    <wsdl:part element="olp:UpdateConsumerDetailsResponse" name="Response"/>
  </wsdl:message>
  <wsdl:message name="UpdateConsumerStatusRequest">
    <wsdl:part element="olp:UpdateConsumerStatus" name="Request"/>
  </wsdl:message>
  <wsdl:message name="UpdateConsumerStatusResponse">
    <wsdl:part element="olp:UpdateConsumerStatusResponse" name="Response"/>
  </wsdl:message>
  <wsdl:message name="ChangePasswordRequest">
    <wsdl:part element="olp:ChangePassword" name="Request"/>
  </wsdl:message>
  <wsdl:message name="ChangePasswordResponse">
    <wsdl:part element="olp:ChangePasswordResponse" name="Response"/>
  </wsdl:message>
  <wsdl:message name="listConsumerSaltRequest">
    <wsdl:part element="olp:listConsumerSalt" name="Request"/>
  </wsdl:message>
  <wsdl:message name="listConsumerSaltResponse">
    <wsdl:part element="olp:listConsumerSaltResponse" name="Response"/>
  </wsdl:message>
  <wsdl:portType name="IBConsumerManager">
    <wsdl:operation name="RetrieveConsumer">
      <wsdl:input message="olp:RetrieveConsumerRequest"/>
      <wsdl:output message="olp:RetrieveConsumerResponse"/>
    </wsdl:operation>
    <wsdl:operation name="RegisterConsumer">
      <wsdl:input message="olp:RegisterConsumerRequest"/>
      <wsdl:output message="olp:RegisterConsumerResponse"/>
    </wsdl:operation>
    <wsdl:operation name="ActivateConsumer">
      <wsdl:input message="olp:ActivateConsumerRequest"/>
      <wsdl:output message="olp:ActivateConsumerResponse"/>
    </wsdl:operation>
    <wsdl:operation name="UpdateConsumerDetails">
      <wsdl:input message="olp:UpdateConsumerDetailsRequest"/>
      <wsdl:output message="olp:UpdateConsumerDetailsResponse"/>
    </wsdl:operation>
    <wsdl:operation name="UpdateConsumerStatus">
      <wsdl:input message="olp:UpdateConsumerStatusRequest"/>
      <wsdl:output message="olp:UpdateConsumerStatusResponse"/>
    </wsdl:operation>
    <wsdl:operation name="ChangePassword">
      <wsdl:input message="olp:ChangePasswordRequest"/>
      <wsdl:output message="olp:ChangePasswordResponse"/>
    </wsdl:operation>
    <wsdl:operation name="listConsumerSalt">
      <wsdl:input message="olp:listConsumerSaltRequest"/>
      <wsdl:output message="olp:listConsumerSaltResponse"/>
    </wsdl:operation>
  </wsdl:portType>
  <wsdl:binding name="IBConsumerManagerBinding" type="olp:IBConsumerManager">
    <soap:binding style="document" transport="http://schemas.xmlsoap.org/soap/http"/>
    <wsdl:operation name="RetrieveConsumer">
      <soap:operation soapAction=""/>
      <wsdl:input>
        <soap:body use="literal"/>
        <soap:header message="header:HeaderMessage" part="Header" use="literal"/>
      </wsdl:input>
      <wsdl:output>
        <soap:body use="literal"/>
      </wsdl:output>
    </wsdl:operation>
    <wsdl:operation name="RegisterConsumer">
      <soap:operation soapAction=""/>
      <wsdl:input>
        <soap:body use="literal"/>
        <soap:header message="header:HeaderMessage" part="Header" use="literal"/>
      </wsdl:input>
      <wsdl:output>
        <soap:body use="literal"/>
      </wsdl:output>
    </wsdl:operation>
    <wsdl:operation name="ActivateConsumer">
      <soap:operation soapAction=""/>
      <wsdl:input>
        <soap:body use="literal"/>
        <soap:header message="header:HeaderMessage" part="Header" use="literal"/>
      </wsdl:input>
      <wsdl:output>
        <soap:body use="literal"/>
      </wsdl:output>
    </wsdl:operation>
    <wsdl:operation name="UpdateConsumerDetails">
      <soap:operation soapAction=""/>
      <wsdl:input>
        <soap:body use="literal"/>
        <soap:header message="header:HeaderMessage" part="Header" use="literal"/>
      </wsdl:input>
      <wsdl:output>
        <soap:body use="literal"/>
      </wsdl:output>
    </wsdl:operation>
    <wsdl:operation name="UpdateConsumerStatus">
      <soap:operation soapAction=""/>
      <wsdl:input>
        <soap:body use="literal"/>
        <soap:header message="header:HeaderMessage" part="Header" use="literal"/>
      </wsdl:input>
      <wsdl:output>
        <soap:body use="literal"/>
      </wsdl:output>
    </wsdl:operation>
    <wsdl:operation name="ChangePassword">
      <soap:operation soapAction=""/>
      <wsdl:input>
        <soap:body use="literal"/>
        <soap:header message="header:HeaderMessage" part="Header" use="literal"/>
      </wsdl:input>
      <wsdl:output>
        <soap:body use="literal"/>
      </wsdl:output>
    </wsdl:operation>
    <wsdl:operation name="listConsumerSalt">
      <soap:operation soapAction=""/>
      <wsdl:input>
        <soap:body use="literal"/>
        <soap:header message="header:HeaderMessage" part="Header" use="literal"/>
      </wsdl:input>
      <wsdl:output>
        <soap:body use="literal"/>
      </wsdl:output>
    </wsdl:operation>
  </wsdl:binding>
  <wsdl:service name="IBConsumerManagerService">
    <wsdl:port binding="olp:IBConsumerManagerBinding" name="IBConsumerManagerPort">
      <soap:address location="http://localhost:8080/IssuerWebService/IBConsumerManagerService"/>
    </wsdl:port>
  </wsdl:service>
</wsdl:definitions>]]></con:content><con:type>http://schemas.xmlsoap.org/wsdl/</con:type></con:part><con:part><con:url>file:\C:\SAIB\OLP%20Modules%20Docu\TestData\OLP%20Test%20Data\Issuer%20Wsdls\ISSUER_SADAD_DP\IssuerConsumerManager\MessageHeader.wsdl</con:url><con:content><![CDATA[<wsdl:definitions targetNamespace="http://www.saib.com.sa/OLPWareIssuer/" xmlns:s2="http://www.saib.com.sa/OLPWareIssuer/" xmlns:wsdl="http://schemas.xmlsoap.org/wsdl/" xmlns:xsd="http://www.w3.org/2001/XMLSchema">
  <wsdl:types>
    <xsd:schema targetNamespace="http://www.saib.com.sa/OLPWareIssuer/">
      <xsd:include schemaLocation="MessageHeader.xsd"/>
    </xsd:schema>
  </wsdl:types>
  <wsdl:message name="HeaderMessage">
    <wsdl:part element="s2:messageHeader" name="Header"/>
  </wsdl:message>
</wsdl:definitions>]]></con:content><con:type>http://schemas.xmlsoap.org/wsdl/</con:type></con:part><con:part><con:url>file:\C:\SAIB\OLP%20Modules%20Docu\TestData\OLP%20Test%20Data\Issuer%20Wsdls\ISSUER_SADAD_DP\IssuerConsumerManager\MessageHeader.xsd</con:url><con:content><![CDATA[<xsd:schema xml:lang="en" elementFormDefault="qualified" attributeFormDefault="unqualified" targetNamespace="http://www.saib.com.sa/OLPWareIssuer/" xmlns="http://www.saib.com.sa/OLPWareIssuer/" xmlns:xsd="http://www.w3.org/2001/XMLSchema">
  <xsd:element name="messageHeader">
    <xsd:complexType>
      <xsd:sequence>
        <xsd:element name="ProcessContextId" minOccurs="1" maxOccurs="1">
          <xsd:simpleType>
            <xsd:restriction base="xsd:string">
              <xsd:maxLength value="50"/>
            </xsd:restriction>
          </xsd:simpleType>
        </xsd:element>
        <xsd:element name="businessContextId" minOccurs="1" maxOccurs="1">
          <xsd:simpleType>
            <xsd:restriction base="xsd:string">
              <xsd:maxLength value="2"/>
            </xsd:restriction>
          </xsd:simpleType>
        </xsd:element>
        <xsd:element name="applicationContextId" type="xsd:int" minOccurs="1" maxOccurs="1"/>
        <xsd:element name="requesterCode" minOccurs="1" maxOccurs="1">
          <xsd:simpleType>
            <xsd:restriction base="xsd:string">
              <xsd:maxLength value="20"/>
            </xsd:restriction>
          </xsd:simpleType>
        </xsd:element>
        <xsd:element name="machineIPAddress" minOccurs="1" maxOccurs="1">
          <xsd:simpleType>
            <xsd:restriction base="xsd:string">
              <xsd:maxLength value="23"/>
            </xsd:restriction>
          </xsd:simpleType>
        </xsd:element>
        <xsd:element name="userPrincipleName" minOccurs="1" maxOccurs="1">
          <xsd:simpleType>
            <xsd:restriction base="xsd:string">
              <xsd:maxLength value="15"/>
            </xsd:restriction>
          </xsd:simpleType>
        </xsd:element>
        <xsd:element name="requestedTimestamp" type="xsd:dateTime" minOccurs="1" maxOccurs="1"/>
        <xsd:element name="channelId" minOccurs="1" maxOccurs="1">
          <xsd:simpleType>
            <xsd:restriction base="xsd:int">
              <xsd:totalDigits value="2"/>
            </xsd:restriction>
          </xsd:simpleType>
        </xsd:element>
        <xsd:element name="LanguageCode" minOccurs="0" maxOccurs="1">
          <xsd:simpleType>
            <xsd:restriction base="xsd:string">
              <xsd:maxLength value="20"/>
            </xsd:restriction>
          </xsd:simpleType>
        </xsd:element>
        <xsd:element name="VersionNumber" minOccurs="0" maxOccurs="1">
          <xsd:simpleType>
            <xsd:restriction base="xsd:string">
              <xsd:maxLength value="20"/>
            </xsd:restriction>
          </xsd:simpleType>
        </xsd:element>
      </xsd:sequence>
    </xsd:complexType>
  </xsd:element>
</xsd:schema>]]></con:content><con:type>http://www.w3.org/2001/XMLSchema</con:type></con:part><con:part><con:url>file:\C:\SAIB\OLP%20Modules%20Docu\TestData\OLP%20Test%20Data\Issuer%20Wsdls\ISSUER_SADAD_DP\IssuerConsumerManager\IBConsumerManager.xsd</con:url><con:content><![CDATA[<schema targetNamespace="http://www.saib.com.sa/OLPWareIssuer/IBConsumerManager/" xmlns="http://www.w3.org/2001/XMLSchema" xmlns:olp="http://www.saib.com.sa/OLPWareIssuer/IBConsumerManager/">
  <!--Data Model-->
  <complexType name="Consumer">
    <sequence>
      <element minOccurs="0" maxOccurs="1" name="bankCode" type="string"/>
      <element minOccurs="0" maxOccurs="1" name="dateOfActivation" type="date"/>
      <element minOccurs="1" maxOccurs="1" name="identity" type="olp:ConsumerIdentity"/>
      <element minOccurs="0" maxOccurs="1" name="individualConsumer" type="olp:IndividualConsumer"/>
      <element minOccurs="0" maxOccurs="1" name="businessConsumer" type="olp:BusinessConsumer"/>
      <element minOccurs="1" maxOccurs="1" name="olpDetails" type="olp:OlpDetails"/>
      <element minOccurs="0" maxOccurs="1" name="consumerStatus" type="olp:ConsumerStatus"/>
      <element minOccurs="0" maxOccurs="1" name="mobileNumber" type="string"/>
    </sequence>
  </complexType>
  <complexType name="ConsumerIdentity">
    <sequence>
      <element minOccurs="1" maxOccurs="1" name="idType" type="int"/>
      <element minOccurs="1" maxOccurs="1" name="idNumber" type="string"/>
      <element minOccurs="0" maxOccurs="1" name="issueDate" type="date"/>
      <element minOccurs="0" maxOccurs="1" name="expiryDate" type="date"/>
    </sequence>
  </complexType>
  <complexType name="IndividualConsumer">
    <sequence>
      <element minOccurs="1" maxOccurs="1" name="dateOfBirth" type="date"/>
      <element minOccurs="1" maxOccurs="1" name="gender" type="int"/>
      <element minOccurs="0" maxOccurs="1" name="middleName" type="string"/>
      <element minOccurs="1" maxOccurs="1" name="lastName" type="string"/>
      <element minOccurs="1" maxOccurs="1" name="firstName" type="string"/>
    </sequence>
  </complexType>
  <complexType name="BusinessConsumer">
    <sequence>
      <element minOccurs="1" maxOccurs="1" name="establishmentName" type="string"/>
    </sequence>
  </complexType>
  <complexType name="OlpDetails">
    <sequence>
      <element minOccurs="1" maxOccurs="1" name="olpIdAlias" type="string"/>
      <element minOccurs="0" maxOccurs="1" name="olpRegistrationDate" type="date"/>
      <element minOccurs="0" maxOccurs="1" name="olpId" type="long"/>
    </sequence>
  </complexType>
  <complexType name="ConsumerStatus">
    <sequence>
      <element minOccurs="0" maxOccurs="1" name="statusReason" type="string"/>
      <element minOccurs="1" maxOccurs="1" name="status" type="int">
        <annotation>
          <documentation>Status of the consumer
						In SADAD OLP System, consumer has the following status:
						1.registered
						2.active
						3.blacklisted
						4.on hold
						5.inactive
						6.closed
						7.disabled
						8.expired</documentation>
        </annotation>
      </element>
    </sequence>
  </complexType>
  <complexType name="OlpBusinessException">
    <sequence>
      <element minOccurs="1" maxOccurs="1" name="errorCode" type="string"/>
      <element minOccurs="1" maxOccurs="1" name="errorMessage" type="string"/>
      <element minOccurs="0" maxOccurs="1" name="reasonCode" type="string"/>
      <element minOccurs="0" maxOccurs="1" name="reasonDescription" type="string"/>
    </sequence>
  </complexType>
  <!--Operations-->
  <!--Retrieve Consumer-->
  <element name="RetrieveConsumer">
    <complexType>
      <sequence>
        <element minOccurs="1" maxOccurs="1" name="RetrieveConsumerRequest">
          <complexType>
            <sequence>
              <element minOccurs="1" maxOccurs="1" name="customerNumber" type="string"/>
            </sequence>
          </complexType>
        </element>
      </sequence>
    </complexType>
  </element>
  <element name="RetrieveConsumerResponse">
    <complexType>
      <sequence>
        <element minOccurs="1" maxOccurs="1" name="RetrieveConsumerReply">
          <complexType>
            <sequence>
              <element minOccurs="1" maxOccurs="1" name="responseCode" type="string"/>
              <element minOccurs="0" maxOccurs="1" name="consumer" type="olp:Consumer"/>
              <element minOccurs="0" maxOccurs="1" name="olpBusinessException" type="olp:OlpBusinessException"/>
            </sequence>
          </complexType>
        </element>
      </sequence>
    </complexType>
  </element>
  <!--Register Consumer-->
  <element name="RegisterConsumer">
    <complexType>
      <sequence>
        <element minOccurs="1" maxOccurs="1" name="RegisterConsumerRequest">
          <complexType>
            <sequence>
              <element minOccurs="1" maxOccurs="1" name="customerNumber" type="string"/>
              <element minOccurs="1" maxOccurs="1" name="consumer" type="olp:Consumer"/>
            </sequence>
          </complexType>
        </element>
      </sequence>
    </complexType>
  </element>
  <element name="RegisterConsumerResponse">
    <complexType>
      <sequence>
        <element minOccurs="1" maxOccurs="1" name="RegisterConsumerReply">
          <complexType>
            <sequence>
              <element minOccurs="1" maxOccurs="1" name="responseCode" type="string"/>
              <element minOccurs="0" maxOccurs="1" name="olpId" type="long"/>
              <element minOccurs="0" maxOccurs="3" name="olpIdAliasSuggestionList" nillable="true" type="string"/>
              <element minOccurs="0" maxOccurs="200" name="olpBusinessException" type="olp:OlpBusinessException"/>
            </sequence>
          </complexType>
        </element>
      </sequence>
    </complexType>
  </element>
  <!--Activate Consumer-->
  <element name="ActivateConsumer">
    <complexType>
      <sequence>
        <element minOccurs="1" maxOccurs="1" name="ActivateConsumerRequest">
          <complexType>
            <sequence>
              <element minOccurs="1" maxOccurs="1" name="customerNumber" type="string"/>
              <element minOccurs="1" maxOccurs="1" name="isReactivation" type="boolean"/>
              <element minOccurs="1" maxOccurs="1" name="password" type="string"/>
              <element minOccurs="0" maxOccurs="1" name="salt" type="string"/>
            </sequence>
          </complexType>
        </element>
      </sequence>
    </complexType>
  </element>
  <element name="ActivateConsumerResponse">
    <complexType>
      <sequence>
        <element minOccurs="1" maxOccurs="1" name="ActivateConsumerReply">
          <complexType>
            <sequence>
              <element minOccurs="1" maxOccurs="1" name="responseCode" type="string"/>
              <element minOccurs="0" maxOccurs="1" name="olpBusinessException" type="olp:OlpBusinessException"/>
            </sequence>
          </complexType>
        </element>
      </sequence>
    </complexType>
  </element>
  <!--Change Password-->
  <element name="ChangePassword">
    <complexType>
      <sequence>
        <element minOccurs="1" maxOccurs="1" name="ChangePasswordRequest" type="olp:ChangePasswordRequest"/>
      </sequence>
    </complexType>
  </element>
  <complexType name="ChangePasswordRequest">
    <sequence>
      <element minOccurs="1" maxOccurs="1" name="customerNumber" type="string"/>
      <element minOccurs="1" maxOccurs="1" name="newPassword" type="string"/>
      <element minOccurs="0" maxOccurs="1" name="salt" type="string"/>
      <element minOccurs="0" maxOccurs="1" name="passwordHistory" type="olp:passwordHistory"/>
    </sequence>
  </complexType>
  <element name="ChangePasswordResponse">
    <complexType>
      <sequence>
        <element minOccurs="1" maxOccurs="1" name="ChangePasswordReply">
          <complexType>
            <sequence>
              <element minOccurs="1" maxOccurs="1" name="responseCode" type="string"/>
              <element minOccurs="0" maxOccurs="1" name="olpBusinessException" type="olp:OlpBusinessException"/>
            </sequence>
          </complexType>
        </element>
      </sequence>
    </complexType>
  </element>
  <!--Update Consumer Details-->
  <element name="UpdateConsumerDetails">
    <complexType>
      <sequence>
        <element minOccurs="1" maxOccurs="1" name="UpdateConsumerDetailsRequest">
          <complexType>
            <sequence>
              <element minOccurs="1" maxOccurs="1" name="consumerIdentity" type="olp:ConsumerIdentity"/>
              <element minOccurs="0" maxOccurs="1" name="individualConsumer" type="olp:IndividualConsumer"/>
              <element minOccurs="0" maxOccurs="1" name="businessConsumer" type="olp:BusinessConsumer"/>
              <element minOccurs="1" maxOccurs="1" name="olpId" type="long"/>
              <element minOccurs="0" maxOccurs="1" name="consumerStatus" type="olp:ConsumerStatus"/>
            </sequence>
          </complexType>
        </element>
      </sequence>
    </complexType>
  </element>
  <element name="UpdateConsumerDetailsResponse">
    <complexType>
      <sequence>
        <element minOccurs="1" maxOccurs="1" name="UpdateConsumerDetailsReply">
          <complexType>
            <sequence>
              <element minOccurs="1" maxOccurs="1" name="responseCode" type="string"/>
              <element minOccurs="0" maxOccurs="1" name="olpBusinessException" type="olp:OlpBusinessException"/>
            </sequence>
          </complexType>
        </element>
      </sequence>
    </complexType>
  </element>
  <!--Update Consumer Status-->
  <element name="UpdateConsumerStatus">
    <complexType>
      <sequence>
        <element minOccurs="1" maxOccurs="1" name="UpdateConsumerStatusRequest">
          <complexType>
            <sequence>
              <element minOccurs="1" maxOccurs="1" name="customerNumber" type="string"/>
              <element minOccurs="1" maxOccurs="1" name="statusReason" type="string"/>
              <element minOccurs="1" maxOccurs="1" name="status" type="int"/>
              <element minOccurs="0" maxOccurs="1" name="fromDate" type="date"/>
              <element minOccurs="0" maxOccurs="1" name="toDate" type="date"/>
            </sequence>
          </complexType>
        </element>
      </sequence>
    </complexType>
  </element>
  <element name="UpdateConsumerStatusResponse">
    <complexType>
      <sequence>
        <element minOccurs="1" maxOccurs="1" name="UpdateConsumerStatusReply">
          <complexType>
            <sequence>
              <element minOccurs="1" maxOccurs="1" name="responseCode" type="string"/>
              <element minOccurs="0" maxOccurs="1" name="olpBusinessException" type="olp:OlpBusinessException"/>
            </sequence>
          </complexType>
        </element>
      </sequence>
    </complexType>
  </element>
  <complexType name="passwordHistory">
    <sequence>
      <element minOccurs="0" maxOccurs="6" name="password" type="string"/>
    </sequence>
  </complexType>
  <!--listConsumerSalt-->
  <element name="listConsumerSalt">
    <complexType>
      <sequence>
        <element minOccurs="1" maxOccurs="1" name="listConsumerSaltRequest">
          <complexType>
            <sequence>
              <element minOccurs="1" maxOccurs="1" name="customerNumber" type="string"/>
            </sequence>
          </complexType>
        </element>
      </sequence>
    </complexType>
  </element>
  <element name="listConsumerSaltResponse">
    <complexType>
      <sequence>
        <element minOccurs="1" maxOccurs="1" name="listConsumerSaltReply" type="olp:listConsumerSaltReply"/>
      </sequence>
    </complexType>
  </element>
  <complexType name="listConsumerSaltReply">
    <sequence>
      <element minOccurs="1" maxOccurs="1" name="responseCode" type="string"/>
      <element minOccurs="0" maxOccurs="6" name="salt" type="string"/>
      <element minOccurs="0" maxOccurs="1" name="olpBusinessException" type="olp:OlpBusinessException"/>
    </sequence>
  </complexType>
</schema>]]></con:content><con:type>http://www.w3.org/2001/XMLSchema</con:type></con:part></con:definitionCache><con:endpoints><con:endpoint>http://localhost:8080/IssuerWebService/IBConsumerManagerService</con:endpoint></con:endpoints><con:operation id="a8dfc74f-73a0-42bb-8400-af20df463527" isOneWay="false" action="" name="ActivateConsumer" bindingOperationName="ActivateConsumer" type="Request-Response" inputName="" receivesAttachments="false" sendsAttachments="false" anonymous="optional"><con:settings/><con:call id="2f575bb7-47f4-432e-bc0a-d232ad7150e0" name="Request 1"><con:settings/><con:encoding>UTF-8</con:encoding><con:endpoint>http://localhost:8080/IssuerWebService/IBConsumerManagerService</con:endpoint><con:request><![CDATA[<soapenv:Envelope xmlns:soapenv="http://schemas.xmlsoap.org/soap/envelope/" xmlns:olp="http://www.saib.com.sa/OLPWareIssuer/" xmlns:ibc="http://www.saib.com.sa/OLPWareIssuer/IBConsumerManager/">\r
   <soapenv:Header>\r
      <olp:messageHeader>\r
         <olp:ProcessContextId>?</olp:ProcessContextId>\r
         <olp:businessContextId>?</olp:businessContextId>\r
         <olp:applicationContextId>?</olp:applicationContextId>\r
         <olp:requesterCode>?</olp:requesterCode>\r
         <olp:machineIPAddress>?</olp:machineIPAddress>\r
         <olp:userPrincipleName>?</olp:userPrincipleName>\r
         <olp:requestedTimestamp>?</olp:requestedTimestamp>\r
         <olp:channelId>?</olp:channelId>\r
         <!--Optional:-->\r
         <olp:LanguageCode>?</olp:LanguageCode>\r
         <!--Optional:-->\r
         <olp:VersionNumber>?</olp:VersionNumber>\r
      </olp:messageHeader>\r
   </soapenv:Header>\r
   <soapenv:Body>\r
      <ibc:ActivateConsumer>\r
         <ActivateConsumerRequest>\r
            <customerNumber>?</customerNumber>\r
            <isReactivation>?</isReactivation>\r
            <password>?</password>\r
            <!--Optional:-->\r
            <salt>?</salt>\r
         </ActivateConsumerRequest>\r
      </ibc:ActivateConsumer>\r
   </soapenv:Body>\r
</soapenv:Envelope>]]></con:request><con:wsaConfig mustUnderstand="NONE" version="200508" action="http://www.saib.com.sa/OLPWareIssuer/IBConsumerManager/IBConsumerManager/ActivateConsumerRequest"/></con:call></con:operation><con:operation id="a7181536-9887-46c3-8f02-6254a75e5e1a" isOneWay="false" action="" name="ChangePassword" bindingOperationName="ChangePassword" type="Request-Response" inputName="" receivesAttachments="false" sendsAttachments="false" anonymous="optional"><con:settings/><con:call id="cc730469-46a6-4305-a63c-6c94199669a6" name="Request 1"><con:settings/><con:encoding>UTF-8</con:encoding><con:endpoint>http://localhost:8080/IssuerWebService/IBConsumerManagerService</con:endpoint><con:request><![CDATA[<soapenv:Envelope xmlns:soapenv="http://schemas.xmlsoap.org/soap/envelope/" xmlns:olp="http://www.saib.com.sa/OLPWareIssuer/" xmlns:ibc="http://www.saib.com.sa/OLPWareIssuer/IBConsumerManager/">\r
   <soapenv:Header>\r
      <olp:messageHeader>\r
         <olp:ProcessContextId>?</olp:ProcessContextId>\r
         <olp:businessContextId>?</olp:businessContextId>\r
         <olp:applicationContextId>?</olp:applicationContextId>\r
         <olp:requesterCode>?</olp:requesterCode>\r
         <olp:machineIPAddress>?</olp:machineIPAddress>\r
         <olp:userPrincipleName>?</olp:userPrincipleName>\r
         <olp:requestedTimestamp>?</olp:requestedTimestamp>\r
         <olp:channelId>?</olp:channelId>\r
         <!--Optional:-->\r
         <olp:LanguageCode>?</olp:LanguageCode>\r
         <!--Optional:-->\r
         <olp:VersionNumber>?</olp:VersionNumber>\r
      </olp:messageHeader>\r
   </soapenv:Header>\r
   <soapenv:Body>\r
      <ibc:ChangePassword>\r
         <ChangePasswordRequest>\r
            <customerNumber>?</customerNumber>\r
            <newPassword>?</newPassword>\r
            <!--Optional:-->\r
            <salt>?</salt>\r
            <!--Optional:-->\r
            <passwordHistory>\r
               <!--0 to 6 repetitions:-->\r
               <password>?</password>\r
            </passwordHistory>\r
         </ChangePasswordRequest>\r
      </ibc:ChangePassword>\r
   </soapenv:Body>\r
</soapenv:Envelope>]]></con:request><con:wsaConfig mustUnderstand="NONE" version="200508" action="http://www.saib.com.sa/OLPWareIssuer/IBConsumerManager/IBConsumerManager/ChangePasswordRequest"/></con:call></con:operation><con:operation id="3c7481d1-485f-4d4d-8357-728e9f8239b4" isOneWay="false" action="" name="listConsumerSalt" bindingOperationName="listConsumerSalt" type="Request-Response" inputName="" receivesAttachments="false" sendsAttachments="false" anonymous="optional"><con:settings/><con:call id="bffd74a8-8732-452c-bc21-4c528e60f716" name="Request 1"><con:settings><con:setting id="com.eviware.soapui.impl.wsdl.WsdlRequest@request-headers">&lt;xml-fragment/></con:setting></con:settings><con:encoding>UTF-8</con:encoding><con:endpoint>http://192.168.105.110:9080/integration/IssuerWebService/IBConsumerManagerService/1.0</con:endpoint><con:request><![CDATA[<soapenv:Envelope xmlns:soapenv="http://schemas.xmlsoap.org/soap/envelope/" xmlns:olp="http://www.saib.com.sa/OLPWareIssuer/" xmlns:ibc="http://www.saib.com.sa/OLPWareIssuer/IBConsumerManager/">\r
   <soapenv:Header>
      <olp:messageHeader>
         <olp:ProcessContextId>SIBC1955991483003932016</olp:ProcessContextId>
         <olp:businessContextId>TM</olp:businessContextId>
         <olp:applicationContextId>4</olp:applicationContextId>
         <olp:requesterCode>SIBC</olp:requesterCode>
         <olp:machineIPAddress>10.10.21.57</olp:machineIPAddress>
         <olp:userPrincipleName>1026</olp:userPrincipleName>
         <olp:requestedTimestamp>2018-01-03T14:45:33</olp:requestedTimestamp>
         <olp:channelId>1</olp:channelId>
         <olp:LanguageCode>en</olp:LanguageCode>
         <olp:VersionNumber>1.0</olp:VersionNumber>
      </olp:messageHeader>
   </soapenv:Header>
   <soapenv:Body>\r
      <ibc:listConsumerSalt>\r
         <listConsumerSaltRequest>\r
            <customerNumber>000308</customerNumber>\r
         </listConsumerSaltRequest>\r
      </ibc:listConsumerSalt>\r
   </soapenv:Body>\r
</soapenv:Envelope>]]></con:request><con:credentials><con:authType>No Authorization</con:authType></con:credentials><con:jmsConfig JMSDeliveryMode="PERSISTENT"/><con:jmsPropertyConfig/><con:wsaConfig mustUnderstand="NONE" version="200508" action="http://www.saib.com.sa/OLPWareIssuer/IBConsumerManager/IBConsumerManager/listConsumerSaltRequest"/><con:wsrmConfig version="1.2"/></con:call></con:operation><con:operation id="739c976a-4333-4409-971c-1d96d2d80bf3" isOneWay="false" action="" name="RegisterConsumer" bindingOperationName="RegisterConsumer" type="Request-Response" inputName="" receivesAttachments="false" sendsAttachments="false" anonymous="optional"><con:settings/><con:call id="bb267002-c2e1-4e28-9025-ea45e5ead1d6" name="Request 1"><con:settings><con:setting id="com.eviware.soapui.impl.wsdl.WsdlRequest@request-headers">&lt;xml-fragment/></con:setting></con:settings><con:encoding>UTF-8</con:encoding><con:endpoint>http://192.168.105.110:9080/integration/IssuerWebService/IBConsumerManagerService/1.0</con:endpoint><con:request><![CDATA[<soapenv:Envelope xmlns:soapenv="http://schemas.xmlsoap.org/soap/envelope/" xmlns:olp="http://www.saib.com.sa/OLPWareIssuer/" xmlns:ibc="http://www.saib.com.sa/OLPWareIssuer/IBConsumerManager/">\r
  <soapenv:Header>
      <olp:messageHeader>
         <olp:ProcessContextId>SIBC1955991483003948417</olp:ProcessContextId>
         <olp:businessContextId>TM</olp:businessContextId>
         <olp:applicationContextId>4</olp:applicationContextId>
         <olp:requesterCode>SIBC</olp:requesterCode>
         <olp:machineIPAddress>10.10.21.57</olp:machineIPAddress>
         <olp:userPrincipleName>1026</olp:userPrincipleName>
         <olp:requestedTimestamp>2018-01-03T14:45:33</olp:requestedTimestamp>
         <olp:channelId>1</olp:channelId>
         <olp:LanguageCode>en</olp:LanguageCode>
         <olp:VersionNumber>1.0</olp:VersionNumber>
      </olp:messageHeader>
   </soapenv:Header>
<soapenv:Body>
      <ibc:RegisterConsumer>
         <RegisterConsumerRequest>
            <customerNumber>000256</customerNumber>
            <consumer>
               <identity>
                  <idType>0</idType>
                  <idNumber>1025029115</idNumber>
               </identity>
               <!--Optional:-->
               <businessConsumer>
                  <establishmentName>testing</establishmentName>
               </businessConsumer>
               <olpDetails>
                  <olpIdAlias>OLPUser01</olpIdAlias>
               </olpDetails>
               <!--Optional:-->
               <consumerStatus>
                  <!--Optional:-->
                  <statusReason>dddd</statusReason>
                  <status>1</status>
               </consumerStatus>
               <!--Optional:-->
               <mobileNumber>+966XXXXXX403</mobileNumber>
            </consumer>
         </RegisterConsumerRequest>
      </ibc:RegisterConsumer>
   </soapenv:Body> 

</soapenv:Envelope>]]></con:request><con:credentials><con:authType>No Authorization</con:authType></con:credentials><con:jmsConfig JMSDeliveryMode="PERSISTENT"/><con:jmsPropertyConfig/><con:wsaConfig mustUnderstand="NONE" version="200508" action="http://www.saib.com.sa/OLPWareIssuer/IBConsumerManager/IBConsumerManager/RegisterConsumerRequest"/><con:wsrmConfig version="1.2"/></con:call></con:operation><con:operation id="74d8a0fc-a6b3-4e4a-ba7e-81ad4f32d7de" isOneWay="false" action="" name="RetrieveConsumer" bindingOperationName="RetrieveConsumer" type="Request-Response" inputName="" receivesAttachments="false" sendsAttachments="false" anonymous="optional"><con:settings/><con:call id="e1beb46d-36e3-44de-a97d-28e826eb4803" name="Request 1"><con:settings><con:setting id="com.eviware.soapui.impl.wsdl.WsdlRequest@request-headers">&lt;xml-fragment/></con:setting></con:settings><con:encoding>UTF-8</con:encoding><con:endpoint>http://192.168.105.110:9080/integration/IssuerWebService/IBConsumerManagerService/1.0</con:endpoint><con:request><![CDATA[<soapenv:Envelope xmlns:soapenv="http://schemas.xmlsoap.org/soap/envelope/" xmlns:olp="http://www.saib.com.sa/OLPWareIssuer/" xmlns:ibc="http://www.saib.com.sa/OLPWareIssuer/IBConsumerManager/">\r
   <soapenv:Header>
      <olp:messageHeader>
         <olp:ProcessContextId>SIBC1955991483003979716</olp:ProcessContextId>
         <olp:businessContextId>TM</olp:businessContextId>
         <olp:applicationContextId>4</olp:applicationContextId>
         <olp:requesterCode>SIBC</olp:requesterCode>
         <olp:machineIPAddress>10.10.21.57</olp:machineIPAddress>
         <olp:userPrincipleName>1026</olp:userPrincipleName>
         <olp:requestedTimestamp>2018-01-03T14:45:33</olp:requestedTimestamp>
         <olp:channelId>1</olp:channelId>
         <olp:LanguageCode>en</olp:LanguageCode>
         <olp:VersionNumber>1.0</olp:VersionNumber>
      </olp:messageHeader>
   </soapenv:Header>
   <soapenv:Body>\r
      <ibc:RetrieveConsumer>\r
         <RetrieveConsumerRequest>\r
            <customerNumber>000308</customerNumber>\r
         </RetrieveConsumerRequest>\r
      </ibc:RetrieveConsumer>\r
   </soapenv:Body>\r
</soapenv:Envelope>]]></con:request><con:credentials><con:authType>No Authorization</con:authType></con:credentials><con:jmsConfig JMSDeliveryMode="PERSISTENT"/><con:jmsPropertyConfig/><con:wsaConfig mustUnderstand="NONE" version="200508" action="http://www.saib.com.sa/OLPWareIssuer/IBConsumerManager/IBConsumerManager/RetrieveConsumerRequest"/><con:wsrmConfig version="1.2"/></con:call></con:operation><con:operation id="eb65dd59-43e1-4ae2-b441-ff0e98daeb4c" isOneWay="false" action="" name="UpdateConsumerDetails" bindingOperationName="UpdateConsumerDetails" type="Request-Response" inputName="" receivesAttachments="false" sendsAttachments="false" anonymous="optional"><con:settings/><con:call id="24c37122-a548-4e74-92a2-2223bae51436" name="Request 1"><con:settings><con:setting id="com.eviware.soapui.impl.wsdl.WsdlRequest@request-headers">&lt;xml-fragment/></con:setting></con:settings><con:encoding>UTF-8</con:encoding><con:endpoint>http://192.168.105.110:9080/integration/IssuerWebService/IBConsumerManagerService/1.0</con:endpoint><con:request><![CDATA[<soapenv:Envelope xmlns:soapenv="http://schemas.xmlsoap.org/soap/envelope/" xmlns:olp="http://www.saib.com.sa/OLPWareIssuer/" xmlns:ibc="http://www.saib.com.sa/OLPWareIssuer/IBConsumerManager/">\r
   <soapenv:Header>
      <olp:messageHeader>
         <olp:ProcessContextId>SIBC1955991483003946415</olp:ProcessContextId>
         <olp:businessContextId>TM</olp:businessContextId>
         <olp:applicationContextId>4</olp:applicationContextId>
         <olp:requesterCode>SIBC</olp:requesterCode>
         <olp:machineIPAddress>10.10.21.57</olp:machineIPAddress>
         <olp:userPrincipleName>1026</olp:userPrincipleName>
         <olp:requestedTimestamp>2018-01-03T14:45:33</olp:requestedTimestamp>
         <olp:channelId>1</olp:channelId>
         <olp:LanguageCode>en</olp:LanguageCode>
         <olp:VersionNumber>1.0</olp:VersionNumber>
      </olp:messageHeader>
   </soapenv:Header>
   <soapenv:Body>\r
      <ibc:UpdateConsumerDetails>\r
         <UpdateConsumerDetailsRequest>\r
            <consumerIdentity>\r
               <idType>1</idType>\r
               <idNumber>1011978762</idNumber>\r
               <!--Optional:-->\r
               <issueDate>2006-01-08</issueDate>\r
               <!--Optional:-->\r
               <expiryDate>2020-01-08</expiryDate>\r
            </consumerIdentity>\r
            <!--Optional:-->\r
            <individualConsumer>\r
               <dateOfBirth>2006-01-08</dateOfBirth>\r
               <gender>1</gender>\r
               <!--Optional:-->\r
               <middleName>test</middleName>\r
               <lastName>test</lastName>\r
               <firstName>test</firstName>\r
            </individualConsumer>\r
            <!--Optional:-->\r
            
            <olpId>106108</olpId>\r
            <!--Optional:-->\r
            <consumerStatus>\r
               <!--Optional:-->\r
               <statusReason>success</statusReason>\r
               <status>0</status>\r
            </consumerStatus>\r
         </UpdateConsumerDetailsRequest>\r
      </ibc:UpdateConsumerDetails>\r
   </soapenv:Body>\r
</soapenv:Envelope>]]></con:request><con:credentials><con:authType>No Authorization</con:authType></con:credentials><con:jmsConfig JMSDeliveryMode="PERSISTENT"/><con:jmsPropertyConfig/><con:wsaConfig mustUnderstand="NONE" version="200508" action="http://www.saib.com.sa/OLPWareIssuer/IBConsumerManager/IBConsumerManager/UpdateConsumerDetailsRequest"/><con:wsrmConfig version="1.2"/></con:call></con:operation><con:operation id="6ec724fe-1629-4c52-a9de-32a4df52484e" isOneWay="false" action="" name="UpdateConsumerStatus" bindingOperationName="UpdateConsumerStatus" type="Request-Response" inputName="" receivesAttachments="false" sendsAttachments="false" anonymous="optional"><con:settings/><con:call id="db0e81ac-5e3e-4afe-99d1-c7c718ac46f4" name="Request 1"><con:settings><con:setting id="com.eviware.soapui.impl.wsdl.WsdlRequest@request-headers">&lt;xml-fragment/></con:setting></con:settings><con:encoding>UTF-8</con:encoding><con:endpoint>http://192.168.105.110:9080/integration/IssuerWebService/IBConsumerManagerService/1.0</con:endpoint><con:request><![CDATA[<soapenv:Envelope xmlns:soapenv="http://schemas.xmlsoap.org/soap/envelope/" xmlns:olp="http://www.saib.com.sa/OLPWareIssuer/" xmlns:ibc="http://www.saib.com.sa/OLPWareIssuer/IBConsumerManager/">\r
   <soapenv:Header>\r
      <olp:messageHeader>\r
         <olp:ProcessContextId>SIBC19551991483003932415</olp:ProcessContextId>\r
         <olp:businessContextId>TM</olp:businessContextId>\r
         <olp:applicationContextId>4</olp:applicationContextId>\r
         <olp:requesterCode>SIBC</olp:requesterCode>\r
         <olp:machineIPAddress>10.10.21.57</olp:machineIPAddress>\r
         <olp:userPrincipleName>1026</olp:userPrincipleName>\r
         <olp:requestedTimestamp>2018-01-03T14:45:33</olp:requestedTimestamp>\r
         <olp:channelId>1</olp:channelId>\r
         <olp:LanguageCode>en</olp:LanguageCode>\r
         <olp:VersionNumber>1.0</olp:VersionNumber>\r
      </olp:messageHeader>\r
   </soapenv:Header>\r
   <soapenv:Body>\r
      <ibc:UpdateConsumerStatus>\r
         <UpdateConsumerStatusRequest>\r
            <customerNumber>000308</customerNumber>\r
            <statusReason>success</statusReason>\r
            <status>0</status>\r
         </UpdateConsumerStatusRequest>\r
      </ibc:UpdateConsumerStatus>\r
   </soapenv:Body>\r
</soapenv:Envelope>]]></con:request><con:credentials><con:authType>No Authorization</con:authType></con:credentials><con:jmsConfig JMSDeliveryMode="PERSISTENT"/><con:jmsPropertyConfig/><con:wsaConfig mustUnderstand="NONE" version="200508" action="http://www.saib.com.sa/OLPWareIssuer/IBConsumerManager/IBConsumerManager/UpdateConsumerStatusRequest"/><con:wsrmConfig version="1.2"/></con:call></con:operation></con:interface><con:properties/><con:wssContainer/><con:oAuth2ProfileContainer/><con:oAuth1ProfileContainer/><con:databaseConnectionContainer/><con:reporting><con:xmlTemplates/><con:parameters/></con:reporting><con:sensitiveInformation/></con:soapui-project>