<?xml version="1.0" encoding="UTF-8"?>
<con:soapui-project id="1a443703-fc4f-49ae-aec6-571327b252f6" activeEnvironment="Default" name="IssuerRefundManager" resourceRoot="" soapui-version="5.4.0" abortOnError="false" runType="SEQUENTIAL" xmlns:con="http://eviware.com/soapui/config"><con:settings/><con:interface xsi:type="con:WsdlInterface" id="e042c5ff-1a72-4b7b-955a-a517ca79f805" wsaVersion="NONE" name="IBRefundManagerBinding" type="wsdl" bindingName="{http://www.saib.com.sa/OLPWareIssuer/IBRefundManager/}IBRefundManagerBinding" soapVersion="1_1" anonymous="optional" definition="file:/C:/SAIB/OLP%20Modules%20Docu/TestData/OLP%20Test%20Data/Issuer%20Wsdls/ISSUER_SADAD_DP/IssuerRefundManager/IBRefundManager.wsdl" xmlns:xsi="http://www.w3.org/2001/XMLSchema-instance"><con:settings/><con:definitionCache type="TEXT" rootPart="file:\C:\SAIB\OLP%20Modules%20Docu\TestData\OLP%20Test%20Data\Issuer%20Wsdls\ISSUER_SADAD_DP\IssuerRefundManager\IBRefundManager.wsdl"><con:part><con:url>file:\C:\SAIB\OLP%20Modules%20Docu\TestData\OLP%20Test%20Data\Issuer%20Wsdls\ISSUER_SADAD_DP\IssuerRefundManager\IBRefundManager.wsdl</con:url><con:content><![CDATA[<wsdl:definitions name="IBRefundManager" targetNamespace="http://www.saib.com.sa/OLPWareIssuer/IBRefundManager/" xmlns:wsdl="http://schemas.xmlsoap.org/wsdl/" xmlns:olp="http://www.saib.com.sa/OLPWareIssuer/IBRefundManager/" xmlns:header="http://www.saib.com.sa/OLPWareIssuer/" xmlns:soap="http://schemas.xmlsoap.org/wsdl/soap/" xmlns:xsd="http://www.w3.org/2001/XMLSchema">
  <wsdl:import location="MessageHeader.wsdl" namespace="http://www.saib.com.sa/OLPWareIssuer/"/>
  <wsdl:types>
    <xsd:schema>
      <xsd:import namespace="http://www.saib.com.sa/OLPWareIssuer/IBRefundManager/" schemaLocation="IBRefundManager.xsd"/>
    </xsd:schema>
  </wsdl:types>
  <wsdl:message name="MessageHeader">
    <wsdl:part element="header:messageHeader" name="messageHeader"/>
  </wsdl:message>
  <wsdl:message name="InitiateRefundRequest">
    <wsdl:part element="olp:InitiateRefund" name="Request"/>
  </wsdl:message>
  <wsdl:message name="InitiateRefundResponse">
    <wsdl:part element="olp:InitiateRefundResponse" name="Response"/>
  </wsdl:message>
  <wsdl:message name="RetrieveRefundRequest">
    <wsdl:part element="olp:RetrieveRefund" name="Request"/>
  </wsdl:message>
  <wsdl:message name="RetrieveRefundResponse">
    <wsdl:part element="olp:RetrieveRefundResponse" name="Response"/>
  </wsdl:message>
  <wsdl:message name="RetrieveRefundListRequest">
    <wsdl:part element="olp:RetrieveRefundList" name="Request"/>
  </wsdl:message>
  <wsdl:message name="RetrieveRefundListResponse">
    <wsdl:part element="olp:RetrieveRefundListResponse" name="Response"/>
  </wsdl:message>
  <wsdl:message name="CancelRefundRequest">
    <wsdl:part element="olp:CancelRefund" name="Request"/>
  </wsdl:message>
  <wsdl:message name="CancelRefundResponse">
    <wsdl:part element="olp:CancelRefundResponse" name="Response"/>
  </wsdl:message>
  <wsdl:portType name="IBRefundManager">
    <wsdl:operation name="InitiateRefund">
      <wsdl:input message="olp:InitiateRefundRequest"/>
      <wsdl:output message="olp:InitiateRefundResponse"/>
    </wsdl:operation>
    <wsdl:operation name="RetrieveRefund">
      <wsdl:input message="olp:RetrieveRefundRequest"/>
      <wsdl:output message="olp:RetrieveRefundResponse"/>
    </wsdl:operation>
    <wsdl:operation name="RetrieveRefundList">
      <wsdl:input message="olp:RetrieveRefundListRequest"/>
      <wsdl:output message="olp:RetrieveRefundListResponse"/>
    </wsdl:operation>
    <wsdl:operation name="CancelRefund">
      <wsdl:input message="olp:CancelRefundRequest"/>
      <wsdl:output message="olp:CancelRefundResponse"/>
    </wsdl:operation>
  </wsdl:portType>
  <wsdl:binding name="IBRefundManagerBinding" type="olp:IBRefundManager">
    <soap:binding style="document" transport="http://schemas.xmlsoap.org/soap/http"/>
    <wsdl:operation name="InitiateRefund">
      <soap:operation soapAction=""/>
      <wsdl:input>
        <soap:body use="literal"/>
        <soap:header message="header:HeaderMessage" part="Header" use="literal"/>
      </wsdl:input>
      <wsdl:output>
        <soap:body use="literal"/>
      </wsdl:output>
    </wsdl:operation>
    <wsdl:operation name="RetrieveRefund">
      <soap:operation soapAction=""/>
      <wsdl:input>
        <soap:body use="literal"/>
        <soap:header message="header:HeaderMessage" part="Header" use="literal"/>
      </wsdl:input>
      <wsdl:output>
        <soap:body use="literal"/>
      </wsdl:output>
    </wsdl:operation>
    <wsdl:operation name="RetrieveRefundList">
      <soap:operation soapAction=""/>
      <wsdl:input>
        <soap:body use="literal"/>
        <soap:header message="header:HeaderMessage" part="Header" use="literal"/>
      </wsdl:input>
      <wsdl:output>
        <soap:body use="literal"/>
      </wsdl:output>
    </wsdl:operation>
    <wsdl:operation name="CancelRefund">
      <soap:operation soapAction=""/>
      <wsdl:input>
        <soap:body use="literal"/>
        <soap:header message="header:HeaderMessage" part="Header" use="literal"/>
      </wsdl:input>
      <wsdl:output>
        <soap:body use="literal"/>
      </wsdl:output>
    </wsdl:operation>
  </wsdl:binding>
  <wsdl:service name="IBRefundManagerService">
    <wsdl:port binding="olp:IBRefundManagerBinding" name="IBRefundManagerPort">
      <soap:address location="http://localhost:8080/IssuerWebService/IBRefundManagerService"/>
    </wsdl:port>
  </wsdl:service>
</wsdl:definitions>]]></con:content><con:type>http://schemas.xmlsoap.org/wsdl/</con:type></con:part><con:part><con:url>file:\C:\SAIB\OLP%20Modules%20Docu\TestData\OLP%20Test%20Data\Issuer%20Wsdls\ISSUER_SADAD_DP\IssuerRefundManager\MessageHeader.wsdl</con:url><con:content><![CDATA[<wsdl:definitions targetNamespace="http://www.saib.com.sa/OLPWareIssuer/" xmlns:s2="http://www.saib.com.sa/OLPWareIssuer/" xmlns:wsdl="http://schemas.xmlsoap.org/wsdl/" xmlns:xsd="http://www.w3.org/2001/XMLSchema">
  <wsdl:types>
    <xsd:schema targetNamespace="http://www.saib.com.sa/OLPWareIssuer/">
      <xsd:include schemaLocation="MessageHeader.xsd"/>
    </xsd:schema>
  </wsdl:types>
  <wsdl:message name="HeaderMessage">
    <wsdl:part element="s2:messageHeader" name="Header"/>
  </wsdl:message>
</wsdl:definitions>]]></con:content><con:type>http://schemas.xmlsoap.org/wsdl/</con:type></con:part><con:part><con:url>file:\C:\SAIB\OLP%20Modules%20Docu\TestData\OLP%20Test%20Data\Issuer%20Wsdls\ISSUER_SADAD_DP\IssuerRefundManager\MessageHeader.xsd</con:url><con:content><![CDATA[<xsd:schema xml:lang="en" elementFormDefault="qualified" attributeFormDefault="unqualified" targetNamespace="http://www.saib.com.sa/OLPWareIssuer/" xmlns="http://www.saib.com.sa/OLPWareIssuer/" xmlns:xsd="http://www.w3.org/2001/XMLSchema">
  <xsd:element name="messageHeader">
    <xsd:complexType>
      <xsd:sequence>
        <xsd:element name="ProcessContextId" minOccurs="1" maxOccurs="1">
          <xsd:simpleType>
            <xsd:restriction base="xsd:string">
              <xsd:maxLength value="50"/>
            </xsd:restriction>
          </xsd:simpleType>
        </xsd:element>
        <xsd:element name="businessContextId" minOccurs="1" maxOccurs="1">
          <xsd:simpleType>
            <xsd:restriction base="xsd:string">
              <xsd:maxLength value="2"/>
            </xsd:restriction>
          </xsd:simpleType>
        </xsd:element>
        <xsd:element name="applicationContextId" type="xsd:int" minOccurs="1" maxOccurs="1"/>
        <xsd:element name="requesterCode" minOccurs="1" maxOccurs="1">
          <xsd:simpleType>
            <xsd:restriction base="xsd:string">
              <xsd:maxLength value="20"/>
            </xsd:restriction>
          </xsd:simpleType>
        </xsd:element>
        <xsd:element name="machineIPAddress" minOccurs="1" maxOccurs="1">
          <xsd:simpleType>
            <xsd:restriction base="xsd:string">
              <xsd:maxLength value="23"/>
            </xsd:restriction>
          </xsd:simpleType>
        </xsd:element>
        <xsd:element name="userPrincipleName" minOccurs="1" maxOccurs="1">
          <xsd:simpleType>
            <xsd:restriction base="xsd:string">
              <xsd:maxLength value="15"/>
            </xsd:restriction>
          </xsd:simpleType>
        </xsd:element>
        <xsd:element name="requestedTimestamp" type="xsd:dateTime" minOccurs="1" maxOccurs="1"/>
        <xsd:element name="channelId" minOccurs="1" maxOccurs="1">
          <xsd:simpleType>
            <xsd:restriction base="xsd:int">
              <xsd:totalDigits value="2"/>
            </xsd:restriction>
          </xsd:simpleType>
        </xsd:element>
        <xsd:element name="LanguageCode" minOccurs="0" maxOccurs="1">
          <xsd:simpleType>
            <xsd:restriction base="xsd:string">
              <xsd:maxLength value="20"/>
            </xsd:restriction>
          </xsd:simpleType>
        </xsd:element>
        <xsd:element name="VersionNumber" minOccurs="0" maxOccurs="1">
          <xsd:simpleType>
            <xsd:restriction base="xsd:string">
              <xsd:maxLength value="20"/>
            </xsd:restriction>
          </xsd:simpleType>
        </xsd:element>
      </xsd:sequence>
    </xsd:complexType>
  </xsd:element>
</xsd:schema>]]></con:content><con:type>http://www.w3.org/2001/XMLSchema</con:type></con:part><con:part><con:url>file:\C:\SAIB\OLP%20Modules%20Docu\TestData\OLP%20Test%20Data\Issuer%20Wsdls\ISSUER_SADAD_DP\IssuerRefundManager\IBRefundManager.xsd</con:url><con:content><![CDATA[<schema targetNamespace="http://www.saib.com.sa/OLPWareIssuer/IBRefundManager/" xmlns="http://www.w3.org/2001/XMLSchema" xmlns:olp="http://www.saib.com.sa/OLPWareIssuer/IBRefundManager/">
  <!--Data Model-->
  <complexType name="InitiateRefundInfo">
    <sequence>
      <element minOccurs="1" maxOccurs="1" name="refundType" type="int"/>
      <element minOccurs="1" maxOccurs="1" name="refundRequestAmount" type="double"/>
      <element minOccurs="1" maxOccurs="1" name="refundReason" type="string"/>
      <element minOccurs="1" maxOccurs="1" name="remarks" type="string"/>
      <element minOccurs="1" maxOccurs="1" name="parentSadadTransactionNumber" type="string"/>
      <element minOccurs="0" maxOccurs="1" name="disputeId" type="long"/>
      <element minOccurs="1" maxOccurs="1" name="affectedPartyDetails" type="olp:AffectedPartyDetails"/>
    </sequence>
  </complexType>
  <complexType name="AffectedPartyDetails">
    <sequence>
      <element minOccurs="1" maxOccurs="1" name="affectedPartyId" type="long"/>
      <element minOccurs="1" maxOccurs="1" name="affectedPartyType" type="int"/>
    </sequence>
  </complexType>
  <complexType name="InitiatedRefundResDetails">
    <sequence>
      <element minOccurs="1" maxOccurs="1" name="parentSadadTransactionNumber" type="string"/>
      <element minOccurs="0" maxOccurs="1" name="refundStatus" type="int"/>
      <element minOccurs="0" maxOccurs="1" name="refundRequestId" type="long"/>
      <element minOccurs="0" maxOccurs="1" name="olpBusinessException" type="olp:OlpBusinessException"/>
    </sequence>
  </complexType>
  <complexType name="Pagination">
    <sequence>
      <element minOccurs="0" maxOccurs="1" name="startIndex" type="int"/>
      <element minOccurs="0" maxOccurs="1" name="totalNumberOfrecords" type="int"/>
      <element minOccurs="0" maxOccurs="1" name="sortingOrder" type="int">
        <annotation>
          <documentation>
            Sorting order :
            <br/>
            1:ascending
            <br/>
            2:descending
            <br/>
            Note : default value is descending
          </documentation>
        </annotation>
      </element>
      <element minOccurs="0" maxOccurs="1" name="sortingIndex" type="string">
        <annotation>
          <documentation>
            These are the possible parameter which are used for sorting:
            <br/>
            refundRequestId
            <br/>
            requestedDate
            <br/>
            requestedAmount
            <br/>
            parentSadadTransactionNumber
            <br/>
            approvedAmount
            <br/>
            refundStatus
            <br/>
            parentTransactionAmount
            <br/>
            requestedBy
            <br/>
            Note : 	refundRequestId is default parameter for sorting .
          </documentation>
        </annotation>
      </element>
    </sequence>
  </complexType>
  <complexType name="RefundSearchCriteria">
    <sequence>
      <element minOccurs="0" maxOccurs="1" name="affectedPartyDetails" type="olp:AffectedPartyDetails"/>
      <element minOccurs="0" maxOccurs="1" name="refundRequestId" type="long"/>
      <element minOccurs="0" maxOccurs="1" name="fromDate" type="date"/>
      <element minOccurs="0" maxOccurs="1" name="toDate" type="date"/>
      <element minOccurs="0" maxOccurs="1" name="refundStatus" type="int"/>
      <element minOccurs="0" maxOccurs="1" name="parentSadadTransactionNumber" type="string"/>
      <element minOccurs="0" maxOccurs="1" name="refundType" type="int"/>
      <element minOccurs="0" maxOccurs="1" name="refundReason" type="string"/>
      <element minOccurs="0" maxOccurs="1" name="rejectionReason" type="string"/>
      <element minOccurs="0" maxOccurs="1" name="bankCode" type="string"/>
      <element minOccurs="0" maxOccurs="1" name="requestedBy" type="int"/>
    </sequence>
  </complexType>
  <complexType name="RefundInfo">
    <sequence>
      <element minOccurs="1" maxOccurs="1" name="refundRequestId" type="long"/>
      <element minOccurs="1" maxOccurs="1" name="parentTransactionDetails" type="olp:ParentTransactionDetails"/>
      <element minOccurs="1" maxOccurs="1" name="requestedDate" type="date"/>
      <element minOccurs="1" maxOccurs="1" name="requestedAmount" type="double"/>
      <element minOccurs="0" maxOccurs="1" name="remarks" type="string"/>
      <element minOccurs="1" maxOccurs="1" name="refundStatus" type="int"/>
      <element minOccurs="0" maxOccurs="1" name="closedDate" type="date"/>
      <element minOccurs="0" maxOccurs="1" name="refundSadadTransactionNumber" type="string"/>
      <element minOccurs="0" maxOccurs="1" name="approvedAmount" type="double"/>
      <element minOccurs="0" maxOccurs="1" name="refundReason" type="string"/>
      <element minOccurs="0" maxOccurs="1" name="rejectionReason" type="string"/>
      <element minOccurs="1" maxOccurs="1" name="paymentCurrency" type="string"/>
      <element minOccurs="0" maxOccurs="1" name="requestedBy" type="int"/>
    </sequence>
  </complexType>
  <complexType name="ParentTransactionDetails">
    <sequence>
      <element minOccurs="1" maxOccurs="1" name="parentSadadTransactionNumber" type="string"/>
      <element minOccurs="1" maxOccurs="1" name="parentTransactionAmount" type="double"/>
      <element minOccurs="0" maxOccurs="1" name="parentTransactionDate" type="dateTime"/>
    </sequence>
  </complexType>
  <complexType name="Refund">
    <sequence>
      <element minOccurs="1" maxOccurs="1" name="affectedPartyDetails" type="olp:AffectedPartyDetails"/>
      <element minOccurs="1" maxOccurs="1" name="refundDetails" type="olp:RefundDetails"/>
    </sequence>
  </complexType>
  <complexType name="RefundDetails">
    <sequence>
      <element minOccurs="1" maxOccurs="1" name="refundRequestId" type="long"/>
      <element minOccurs="0" maxOccurs="1" name="approvedAmount" type="double"/>
      <element minOccurs="0" maxOccurs="1" name="disputeId" type="long"/>
      <element minOccurs="1" maxOccurs="1" name="refundReason" type="string"/>
      <element minOccurs="1" maxOccurs="1" name="refundType" type="int"/>
      <element minOccurs="1" maxOccurs="1" name="parentTransactionDetails" type="olp:ParentTransactionDetails"/>
      <element minOccurs="1" maxOccurs="1" name="requestedAmount" type="double"/>
      <element minOccurs="1" maxOccurs="1" name="requestedDate" type="date"/>
      <element minOccurs="0" maxOccurs="1" name="remarks" type="string"/>
      <element minOccurs="0" maxOccurs="1" name="closedDate" type="date"/>
      <element minOccurs="1" maxOccurs="1" name="refundSadadTransactionNumber" type="string"/>
      <element minOccurs="1" maxOccurs="1" name="refundStatus" type="int"/>
      <element minOccurs="1" maxOccurs="1" name="merchantStatus" type="int"/>
      <element minOccurs="1" maxOccurs="1" name="consumerStatus" type="int"/>
      <element minOccurs="0" maxOccurs="1" name="rejectionReason" type="string"/>
      <element minOccurs="1" maxOccurs="1" name="paymentCurrency" type="string"/>
      <element minOccurs="0" maxOccurs="1" name="requestedBy" type="int"/>
    </sequence>
  </complexType>
  <complexType name="ProcessRefundResDeatils">
    <sequence>
      <element minOccurs="1" maxOccurs="1" name="refundRequestId" type="long"/>
      <element minOccurs="0" maxOccurs="1" name="refundSadadTransactionNumber" type="string"/>
      <element minOccurs="0" maxOccurs="1" name="olpBusinessException" type="olp:OlpBusinessException"/>
    </sequence>
  </complexType>
  <complexType name="OlpDetails">
    <sequence>
      <element minOccurs="1" maxOccurs="1" name="olpIdAlias" type="string"/>
      <element minOccurs="0" maxOccurs="1" name="olpRegistrationDate" type="date"/>
      <element minOccurs="0" maxOccurs="1" name="olpId" type="long"/>
    </sequence>
  </complexType>
  <complexType name="ConsumerStatus">
    <sequence>
      <element minOccurs="0" maxOccurs="1" name="statusReason" type="string"/>
      <element minOccurs="1" maxOccurs="1" name="status" type="int">
        <annotation>
          <documentation>Status of the consumer
						In SADAD OLP System, consumer
						has the following status:
						1.registered
						2.active
						3.blacklisted
						4.on hold
						5.inactive
						6.closed
						7.disabled
						8.expired</documentation>
        </annotation>
      </element>
    </sequence>
  </complexType>
  <complexType name="OlpBusinessException">
    <sequence>
      <element minOccurs="1" maxOccurs="1" name="errorCode" type="string"/>
      <element minOccurs="1" maxOccurs="1" name="errorMessage" type="string"/>
      <element minOccurs="0" maxOccurs="1" name="reasonCode" type="string"/>
      <element minOccurs="0" maxOccurs="1" name="reasonDescription" type="string"/>
    </sequence>
  </complexType>
  <complexType name="Fault">
    <sequence>
      <element minOccurs="1" maxOccurs="1" name="faultCode" type="string"/>
      <element minOccurs="1" maxOccurs="1" name="faultString" type="string"/>
      <element minOccurs="1" maxOccurs="1" name="timeStamp" type="dateTime"/>
    </sequence>
  </complexType>
  <!--Operations-->
  <!--Initiate Refund-->
  <element name="InitiateRefund">
    <complexType>
      <sequence>
        <element minOccurs="1" maxOccurs="1" name="InitiateRefundRequest">
          <complexType>
            <sequence>
              <element minOccurs="1" maxOccurs="200" name="initiateRefundInfo" type="olp:InitiateRefundInfo"/>
            </sequence>
          </complexType>
        </element>
      </sequence>
    </complexType>
  </element>
  <element name="InitiateRefundResponse">
    <complexType>
      <sequence>
        <element minOccurs="1" maxOccurs="1" name="InitiateRefundReply">
          <complexType>
            <sequence>
              <element minOccurs="1" maxOccurs="1" name="responseCode" type="string"/>
              <element minOccurs="0" maxOccurs="200" name="initiatedRefundResDetails" type="olp:InitiatedRefundResDetails"/>
              <element minOccurs="0" maxOccurs="1" name="olpBusinessException" type="olp:OlpBusinessException"/>
            </sequence>
          </complexType>
        </element>
      </sequence>
    </complexType>
  </element>
  <!--Retrieve Refund List-->
  <element name="RetrieveRefundList">
    <complexType>
      <sequence>
        <element minOccurs="1" maxOccurs="1" name="RetrieveRefundListRequest">
          <complexType>
            <sequence>
              <element minOccurs="1" maxOccurs="1" name="refundSearchCriteria" type="olp:RefundSearchCriteria"/>
              <element minOccurs="1" maxOccurs="1" name="pagination" type="olp:Pagination"/>
            </sequence>
          </complexType>
        </element>
      </sequence>
    </complexType>
  </element>
  <element name="RetrieveRefundListResponse">
    <complexType>
      <sequence>
        <element minOccurs="1" maxOccurs="1" name="RetrieveRefundListReply">
          <complexType>
            <sequence>
              <element minOccurs="0" maxOccurs="200" name="refundList" type="olp:RefundInfo"/>
              <element minOccurs="0" maxOccurs="1" name="olpBusinessException" type="olp:OlpBusinessException"/>
              <element minOccurs="0" maxOccurs="1" name="totalNumberOfRecords" type="int"/>
              <element minOccurs="1" maxOccurs="1" name="responseCode" nillable="true" type="string"/>
            </sequence>
          </complexType>
        </element>
      </sequence>
    </complexType>
  </element>
  <!--Activate Consumer-->
  <element name="RetrieveRefund">
    <complexType>
      <sequence>
        <element minOccurs="1" maxOccurs="1" name="RetrieveRefundRequest">
          <complexType>
            <sequence>
              <element minOccurs="1" maxOccurs="1" name="refundRequestId" type="long"/>
            </sequence>
          </complexType>
        </element>
      </sequence>
    </complexType>
  </element>
  <element name="RetrieveRefundResponse">
    <complexType>
      <sequence>
        <element minOccurs="1" maxOccurs="1" name="RetrieveRefundReply">
          <complexType>
            <sequence>
              <element minOccurs="0" maxOccurs="1" name="olpBusinessException" type="olp:OlpBusinessException"/>
              <element minOccurs="1" maxOccurs="1" name="responseCode" type="string"/>
              <element minOccurs="0" maxOccurs="1" name="refund" type="olp:Refund"/>
            </sequence>
          </complexType>
        </element>
      </sequence>
    </complexType>
  </element>
  <element name="CancelRefund">
    <complexType>
      <sequence>
        <element minOccurs="1" maxOccurs="1" name="CancelRefundRequest">
          <complexType>
            <sequence>
              <element minOccurs="1" maxOccurs="1" name="refundRequestId" type="long"/>
            </sequence>
          </complexType>
        </element>
      </sequence>
    </complexType>
  </element>
  <element name="CancelRefundResponse">
    <complexType>
      <sequence>
        <element minOccurs="1" maxOccurs="1" name="CancelRefundReply">
          <complexType>
            <sequence>
              <element minOccurs="0" maxOccurs="1" name="olpBusinessException" type="olp:OlpBusinessException"/>
              <element minOccurs="1" maxOccurs="1" name="responseCode" type="string"/>
            </sequence>
          </complexType>
        </element>
      </sequence>
    </complexType>
  </element>
</schema>]]></con:content><con:type>http://www.w3.org/2001/XMLSchema</con:type></con:part></con:definitionCache><con:endpoints><con:endpoint>http://localhost:8080/IssuerWebService/IBRefundManagerService</con:endpoint></con:endpoints><con:operation id="afb728e2-0005-4621-b50d-2245918177b5" isOneWay="false" action="" name="CancelRefund" bindingOperationName="CancelRefund" type="Request-Response" inputName="" receivesAttachments="false" sendsAttachments="false" anonymous="optional"><con:settings/><con:call id="3816fca5-a01c-4e6c-a41f-b0404fbc70fc" name="Request 1"><con:settings><con:setting id="com.eviware.soapui.impl.wsdl.WsdlRequest@request-headers">&lt;xml-fragment/></con:setting></con:settings><con:encoding>UTF-8</con:encoding><con:endpoint>http://192.168.105.110:9080/integration/IssuerWebService/IBRefundManagerService/1.0</con:endpoint><con:request><![CDATA[<soapenv:Envelope xmlns:soapenv="http://schemas.xmlsoap.org/soap/envelope/" xmlns:olp="http://www.saib.com.sa/OLPWareIssuer/" xmlns:ibr="http://www.saib.com.sa/OLPWareIssuer/IBRefundManager/">\r
   <soapenv:Header>
      <olp:messageHeader>
         <olp:ProcessContextId>SIBC1955991483443976486</olp:ProcessContextId>
         <olp:businessContextId>TM</olp:businessContextId>
         <olp:applicationContextId>4</olp:applicationContextId>
         <olp:requesterCode>SIBC</olp:requesterCode>
         <olp:machineIPAddress>10.10.21.57</olp:machineIPAddress>
         <olp:userPrincipleName>1026</olp:userPrincipleName>
         <olp:requestedTimestamp>2018-01-03T14:45:33</olp:requestedTimestamp>
         <olp:channelId>1</olp:channelId>
         <olp:LanguageCode>en</olp:LanguageCode>
         <olp:VersionNumber>1.0</olp:VersionNumber>
      </olp:messageHeader>
   </soapenv:Header>
   <soapenv:Body>\r
      <ibr:CancelRefund>\r
         <CancelRefundRequest>\r
            <refundRequestId>1000012669</refundRequestId>\r
         </CancelRefundRequest>\r
      </ibr:CancelRefund>\r
   </soapenv:Body>\r
</soapenv:Envelope>]]></con:request><con:credentials><con:authType>No Authorization</con:authType></con:credentials><con:jmsConfig JMSDeliveryMode="PERSISTENT"/><con:jmsPropertyConfig/><con:wsaConfig mustUnderstand="NONE" version="200508" action="http://www.saib.com.sa/OLPWareIssuer/IBRefundManager/IBRefundManager/CancelRefundRequest"/><con:wsrmConfig version="1.2"/></con:call></con:operation><con:operation id="7239d571-04c9-4c2f-aa55-b985d456b624" isOneWay="false" action="" name="InitiateRefund" bindingOperationName="InitiateRefund" type="Request-Response" inputName="" receivesAttachments="false" sendsAttachments="false" anonymous="optional"><con:settings/><con:call id="09266ee5-6e20-44c2-a513-acf80dcc9411" name="Request 1"><con:settings><con:setting id="com.eviware.soapui.impl.wsdl.WsdlRequest@request-headers">&lt;xml-fragment/></con:setting></con:settings><con:encoding>UTF-8</con:encoding><con:endpoint>http://192.168.105.110:9080/integration/IssuerWebService/IBRefundManagerService/1.0</con:endpoint><con:request><![CDATA[<soapenv:Envelope xmlns:soapenv="http://schemas.xmlsoap.org/soap/envelope/" xmlns:olp="http://www.saib.com.sa/OLPWareIssuer/" xmlns:ibr="http://www.saib.com.sa/OLPWareIssuer/IBRefundManager/">\r
    <soapenv:Header>
      <olp:messageHeader>
         <olp:ProcessContextId>SIBC1955991483443963587</olp:ProcessContextId>
         <olp:businessContextId>TM</olp:businessContextId>
         <olp:applicationContextId>4</olp:applicationContextId>
         <olp:requesterCode>SIBC</olp:requesterCode>
         <olp:machineIPAddress>10.10.21.57</olp:machineIPAddress>
         <olp:userPrincipleName>1026</olp:userPrincipleName>
         <olp:requestedTimestamp>2018-01-03T14:45:33</olp:requestedTimestamp>
         <olp:channelId>1</olp:channelId>
         <olp:LanguageCode>en</olp:LanguageCode>
         <olp:VersionNumber>1.0</olp:VersionNumber>
      </olp:messageHeader>
   </soapenv:Header>
   <soapenv:Body>\r
      <ibr:InitiateRefund>\r
         <InitiateRefundRequest>\r
            <!--1 to 200 repetitions:-->\r
            <initiateRefundInfo>\r
               <refundType>1</refundType>\r
               <refundRequestAmount>10.0</refundRequestAmount>\r
               <refundReason>1</refundReason>\r
               <remarks>1</remarks>\r
               <parentSadadTransactionNumber>P1000000000000015160</parentSadadTransactionNumber>\r
               <!--Optional:-->\r
               <disputeId>3</disputeId>\r
               <affectedPartyDetails>\r
                  <affectedPartyId>105815</affectedPartyId>\r
                  <affectedPartyType>2</affectedPartyType>\r
               </affectedPartyDetails>\r
            </initiateRefundInfo>\r
         </InitiateRefundRequest>\r
      </ibr:InitiateRefund>\r
   </soapenv:Body>\r
</soapenv:Envelope>]]></con:request><con:credentials><con:authType>No Authorization</con:authType></con:credentials><con:jmsConfig JMSDeliveryMode="PERSISTENT"/><con:jmsPropertyConfig/><con:wsaConfig mustUnderstand="NONE" version="200508" action="http://www.saib.com.sa/OLPWareIssuer/IBRefundManager/IBRefundManager/InitiateRefundRequest"/><con:wsrmConfig version="1.2"/></con:call></con:operation><con:operation id="e01bc5fb-b437-403e-a16b-a4f2a75494e0" isOneWay="false" action="" name="RetrieveRefund" bindingOperationName="RetrieveRefund" type="Request-Response" inputName="" receivesAttachments="false" sendsAttachments="false" anonymous="optional"><con:settings/><con:call id="009c2b51-ea47-4cf5-baf0-5901d0e24b3c" name="Request 1"><con:settings><con:setting id="com.eviware.soapui.impl.wsdl.WsdlRequest@request-headers">&lt;xml-fragment/></con:setting></con:settings><con:encoding>UTF-8</con:encoding><con:endpoint>http://192.168.105.110:9080/integration/IssuerWebService/IBRefundManagerService/1.0</con:endpoint><con:request><![CDATA[<soapenv:Envelope xmlns:soapenv="http://schemas.xmlsoap.org/soap/envelope/" xmlns:olp="http://www.saib.com.sa/OLPWareIssuer/" xmlns:ibr="http://www.saib.com.sa/OLPWareIssuer/IBRefundManager/">\r
   <soapenv:Header>
      <olp:messageHeader>
         <olp:ProcessContextId>SIBC1955991483443963486</olp:ProcessContextId>
         <olp:businessContextId>TM</olp:businessContextId>
         <olp:applicationContextId>4</olp:applicationContextId>
         <olp:requesterCode>SIBC</olp:requesterCode>
         <olp:machineIPAddress>10.10.21.57</olp:machineIPAddress>
         <olp:userPrincipleName>1026</olp:userPrincipleName>
         <olp:requestedTimestamp>2018-01-03T14:45:33</olp:requestedTimestamp>
         <olp:channelId>1</olp:channelId>
         <olp:LanguageCode>en</olp:LanguageCode>
         <olp:VersionNumber>1.0</olp:VersionNumber>
      </olp:messageHeader>
   </soapenv:Header>

   <soapenv:Body>\r
      <ibr:RetrieveRefund>\r
         <RetrieveRefundRequest>\r
            <refundRequestId>1000012669</refundRequestId>\r
         </RetrieveRefundRequest>\r
      </ibr:RetrieveRefund>\r
   </soapenv:Body>\r
</soapenv:Envelope>]]></con:request><con:credentials><con:authType>No Authorization</con:authType></con:credentials><con:jmsConfig JMSDeliveryMode="PERSISTENT"/><con:jmsPropertyConfig/><con:wsaConfig mustUnderstand="NONE" version="200508" action="http://www.saib.com.sa/OLPWareIssuer/IBRefundManager/IBRefundManager/RetrieveRefundRequest"/><con:wsrmConfig version="1.2"/></con:call></con:operation><con:operation id="39471a0a-7ece-4964-911e-9c3890ac0987" isOneWay="false" action="" name="RetrieveRefundList" bindingOperationName="RetrieveRefundList" type="Request-Response" inputName="" receivesAttachments="false" sendsAttachments="false" anonymous="optional"><con:settings/><con:call id="fb61fe5e-b5d8-4748-8894-3a8a4aaefd6a" name="Request 1"><con:settings><con:setting id="com.eviware.soapui.impl.wsdl.WsdlRequest@request-headers">&lt;xml-fragment/></con:setting></con:settings><con:encoding>UTF-8</con:encoding><con:endpoint>http://192.168.105.110:9080/integration/IssuerWebService/IBRefundManagerService/1.0</con:endpoint><con:request><![CDATA[<soapenv:Envelope xmlns:soapenv="http://schemas.xmlsoap.org/soap/envelope/" xmlns:olp="http://www.saib.com.sa/OLPWareIssuer/" xmlns:ibr="http://www.saib.com.sa/OLPWareIssuer/IBRefundManager/">\r
   <soapenv:Header>\r
      <olp:messageHeader>\r
         <olp:ProcessContextId>SIBC1955991483443531489</olp:ProcessContextId>\r
         <olp:businessContextId>TM</olp:businessContextId>\r
         <olp:applicationContextId>4</olp:applicationContextId>\r
         <olp:requesterCode>SIBC</olp:requesterCode>\r
         <olp:machineIPAddress>10.10.21.57</olp:machineIPAddress>\r
         <olp:userPrincipleName>1026</olp:userPrincipleName>\r
         <olp:requestedTimestamp>2018-01-03T14:45:33</olp:requestedTimestamp>\r
         <olp:channelId>1</olp:channelId>\r
         <olp:LanguageCode>en</olp:LanguageCode>\r
         <olp:VersionNumber>1.0</olp:VersionNumber>\r
      </olp:messageHeader>\r
   </soapenv:Header>\r
   <soapenv:Body>\r
      <ibr:RetrieveRefundList>\r
         <RetrieveRefundListRequest>\r
            <refundSearchCriteria>\r
              
            </refundSearchCriteria>\r
            <pagination>\r
               <startIndex>1</startIndex>\r
               <totalNumberOfrecords>10</totalNumberOfrecords>\r
               <sortingOrder>1</sortingOrder>\r
               <sortingIndex>1</sortingIndex>\r
            </pagination>\r
         </RetrieveRefundListRequest>\r
      </ibr:RetrieveRefundList>\r
   </soapenv:Body>\r
</soapenv:Envelope>]]></con:request><con:credentials><con:authType>No Authorization</con:authType></con:credentials><con:jmsConfig JMSDeliveryMode="PERSISTENT"/><con:jmsPropertyConfig/><con:wsaConfig mustUnderstand="NONE" version="200508" action="http://www.saib.com.sa/OLPWareIssuer/IBRefundManager/IBRefundManager/RetrieveRefundListRequest"/><con:wsrmConfig version="1.2"/></con:call></con:operation></con:interface><con:properties/><con:wssContainer/><con:oAuth2ProfileContainer/><con:oAuth1ProfileContainer/><con:databaseConnectionContainer/><con:reporting><con:xmlTemplates/><con:parameters/></con:reporting><con:sensitiveInformation/></con:soapui-project>