<?xml version="1.0" encoding="UTF-8"?>
<con:soapui-project id="bcc759f0-2edc-484f-befd-7aef3191f302" activeEnvironment="Default" name="IssuerCommonManager" resourceRoot="" soapui-version="5.4.0" abortOnError="false" runType="SEQUENTIAL" xmlns:con="http://eviware.com/soapui/config"><con:settings/><con:interface xsi:type="con:WsdlInterface" id="b6705962-9784-41cd-965c-3766c7d60892" wsaVersion="NONE" name="IBCommonManagerBinding" type="wsdl" bindingName="{http://www.saib.com.sa/OLPWareIssuer/IBCommonManager/}IBCommonManagerBinding" soapVersion="1_1" anonymous="optional" definition="file:/C:/SAIB/OLP%20Modules%20Docu/TestData/OLP%20Test%20Data/Issuer%20Wsdls/ISSUER_SADAD_DP/IssuerCommonManager/IBCommonManager.wsdl" xmlns:xsi="http://www.w3.org/2001/XMLSchema-instance"><con:settings/><con:definitionCache type="TEXT" rootPart="file:\C:\SAIB\OLP%20Modules%20Docu\TestData\OLP%20Test%20Data\Issuer%20Wsdls\ISSUER_SADAD_DP\IssuerCommonManager\IBCommonManager.wsdl"><con:part><con:url>file:\C:\SAIB\OLP%20Modules%20Docu\TestData\OLP%20Test%20Data\Issuer%20Wsdls\ISSUER_SADAD_DP\IssuerCommonManager\IBCommonManager.wsdl</con:url><con:content><![CDATA[<!--Copyright All Rights Reserved. This software is the
	proprietary information of SADAD. Use is subject to license terms.-->
<definitions name="IBCommonManager" targetNamespace="http://www.saib.com.sa/OLPWareIssuer/IBCommonManager/" xmlns="http://schemas.xmlsoap.org/wsdl/" xmlns:ds="http://www.w3.org/2000/09/xmldsig#" xmlns:ent2="http://enterprise.olp.sadad.com/Infrastructure/EnterpriseContext" xmlns:header="http://www.saib.com.sa/OLPWareIssuer/" xmlns:olp="http://www.saib.com.sa/OLPWareIssuer/IBCommonManager/" xmlns:soap="http://schemas.xmlsoap.org/wsdl/soap/" xmlns:wsam="http://www.w3.org/2007/05/addressing/metadata" xmlns:wsdl="http://schemas.xmlsoap.org/wsdl/" xmlns:wsp="http://www.w3.org/ns/ws-policy" xmlns:wsp1_2="http://schemas.xmlsoap.org/ws/2004/09/policy" xmlns:wsu="http://docs.oasis-open.org/wss/2004/01/oasis-200401-wss-wssecurity-utility-1.0.xsd" xmlns:xsd="http://www.w3.org/2001/XMLSchema">
  <wsdl:documentation>Common Manager service definition is used to provide common details related with 
		SADAD OLP System. This includes
		1. Retrieval of Reference Data</wsdl:documentation>
  <wsdl:import location="MessageHeader.wsdl" namespace="http://www.saib.com.sa/OLPWareIssuer/"/>
  <types>
    <xsd:schema>
      <xsd:import namespace="http://www.saib.com.sa/OLPWareIssuer/IBCommonManager/" schemaLocation="IBCommonManager.xsd"/>
    </xsd:schema>
  </types>
  <wsdl:message name="MessageHeader">
    <wsdl:part element="header:messageHeader" name="messageHeader"/>
  </wsdl:message>
  <message name="RetrieveReferenceDataListRequest">
    <part element="olp:RetrieveReferenceDataList" name="Request"/>
  </message>
  <message name="RetrieveReferenceDataListResponse">
    <part element="olp:RetrieveReferenceDataListResponse" name="Response"/>
  </message>
  <portType name="IBCommonManager">
    <operation name="RetrieveReferenceDataList">
      <wsdl:documentation>Retrieve Reference Data List - Operation name, input wrapper, output wrapper and fault wrapper.</wsdl:documentation>
      <input message="olp:RetrieveReferenceDataListRequest"/>
      <output message="olp:RetrieveReferenceDataListResponse"/>
    </operation>
  </portType>
  <binding name="IBCommonManagerBinding" type="olp:IBCommonManager">
    <soap:binding style="document" transport="http://schemas.xmlsoap.org/soap/http"/>
    <operation name="RetrieveReferenceDataList">
      <soap:operation soapAction=""/>
      <input>
        <soap:body use="literal"/>
        <soap:header message="header:HeaderMessage" part="Header" use="literal"/>
      </input>
      <output>
        <soap:body use="literal"/>
      </output>
    </operation>
  </binding>
  <service name="IBCommonManagerService">
    <wsdl:documentation>URL where the service is hosted. (To be updated with test/production server URL)</wsdl:documentation>
    <port binding="olp:IBCommonManagerBinding" name="IBCommonManagerPort">
      <soap:address location="http://localhost:9080/IssuerWebService/IBCommonManagerService"/>
    </port>
  </service>
</definitions>]]></con:content><con:type>http://schemas.xmlsoap.org/wsdl/</con:type></con:part><con:part><con:url>file:\C:\SAIB\OLP%20Modules%20Docu\TestData\OLP%20Test%20Data\Issuer%20Wsdls\ISSUER_SADAD_DP\IssuerCommonManager\MessageHeader.wsdl</con:url><con:content><![CDATA[<wsdl:definitions targetNamespace="http://www.saib.com.sa/OLPWareIssuer/" xmlns:s2="http://www.saib.com.sa/OLPWareIssuer/" xmlns:wsdl="http://schemas.xmlsoap.org/wsdl/" xmlns:xsd="http://www.w3.org/2001/XMLSchema">
  <wsdl:types>
    <xsd:schema targetNamespace="http://www.saib.com.sa/OLPWareIssuer/">
      <xsd:include schemaLocation="MessageHeader.xsd"/>
    </xsd:schema>
  </wsdl:types>
  <wsdl:message name="HeaderMessage">
    <wsdl:part element="s2:messageHeader" name="Header"/>
  </wsdl:message>
</wsdl:definitions>]]></con:content><con:type>http://schemas.xmlsoap.org/wsdl/</con:type></con:part><con:part><con:url>file:\C:\SAIB\OLP%20Modules%20Docu\TestData\OLP%20Test%20Data\Issuer%20Wsdls\ISSUER_SADAD_DP\IssuerCommonManager\MessageHeader.xsd</con:url><con:content><![CDATA[<xsd:schema xml:lang="en" elementFormDefault="qualified" attributeFormDefault="unqualified" targetNamespace="http://www.saib.com.sa/OLPWareIssuer/" xmlns="http://www.saib.com.sa/OLPWareIssuer/" xmlns:xsd="http://www.w3.org/2001/XMLSchema">
  <xsd:element name="messageHeader">
    <xsd:complexType>
      <xsd:sequence>
        <xsd:element name="ProcessContextId" minOccurs="1" maxOccurs="1">
          <xsd:simpleType>
            <xsd:restriction base="xsd:string">
              <xsd:maxLength value="50"/>
            </xsd:restriction>
          </xsd:simpleType>
        </xsd:element>
        <xsd:element name="businessContextId" minOccurs="1" maxOccurs="1">
          <xsd:simpleType>
            <xsd:restriction base="xsd:string">
              <xsd:maxLength value="2"/>
            </xsd:restriction>
          </xsd:simpleType>
        </xsd:element>
        <xsd:element name="applicationContextId" type="xsd:int" minOccurs="1" maxOccurs="1"/>
        <xsd:element name="requesterCode" minOccurs="1" maxOccurs="1">
          <xsd:simpleType>
            <xsd:restriction base="xsd:string">
              <xsd:maxLength value="20"/>
            </xsd:restriction>
          </xsd:simpleType>
        </xsd:element>
        <xsd:element name="machineIPAddress" minOccurs="1" maxOccurs="1">
          <xsd:simpleType>
            <xsd:restriction base="xsd:string">
              <xsd:maxLength value="23"/>
            </xsd:restriction>
          </xsd:simpleType>
        </xsd:element>
        <xsd:element name="userPrincipleName" minOccurs="1" maxOccurs="1">
          <xsd:simpleType>
            <xsd:restriction base="xsd:string">
              <xsd:maxLength value="15"/>
            </xsd:restriction>
          </xsd:simpleType>
        </xsd:element>
        <xsd:element name="requestedTimestamp" type="xsd:dateTime" minOccurs="1" maxOccurs="1"/>
        <xsd:element name="channelId" minOccurs="1" maxOccurs="1">
          <xsd:simpleType>
            <xsd:restriction base="xsd:int">
              <xsd:totalDigits value="2"/>
            </xsd:restriction>
          </xsd:simpleType>
        </xsd:element>
        <xsd:element name="LanguageCode" minOccurs="0" maxOccurs="1">
          <xsd:simpleType>
            <xsd:restriction base="xsd:string">
              <xsd:maxLength value="20"/>
            </xsd:restriction>
          </xsd:simpleType>
        </xsd:element>
        <xsd:element name="VersionNumber" minOccurs="0" maxOccurs="1">
          <xsd:simpleType>
            <xsd:restriction base="xsd:string">
              <xsd:maxLength value="20"/>
            </xsd:restriction>
          </xsd:simpleType>
        </xsd:element>
      </xsd:sequence>
    </xsd:complexType>
  </xsd:element>
</xsd:schema>]]></con:content><con:type>http://www.w3.org/2001/XMLSchema</con:type></con:part><con:part><con:url>file:\C:\SAIB\OLP%20Modules%20Docu\TestData\OLP%20Test%20Data\Issuer%20Wsdls\ISSUER_SADAD_DP\IssuerCommonManager\IBCommonManager.xsd</con:url><con:content><![CDATA[<schema targetNamespace="http://www.saib.com.sa/OLPWareIssuer/IBCommonManager/" version="1.0" xmlns="http://www.w3.org/2001/XMLSchema" xmlns:xs="http://www.w3.org/2001/XMLSchema" xmlns:tns="http://olp.sadad.com/commonmanagement/service/commonmanager/intf/1" xmlns:olp="http://www.saib.com.sa/OLPWareIssuer/IBCommonManager/" xmlns:xsd="http://www.w3.org/2001/XMLSchema">
  <annotation>
    <documentation>The schema defines the data transfer objects used by
			the Common Manager service.</documentation>
  </annotation>
  <annotation>
    <documentation>Below element tag shows the @RequestWrapper and @ResponseWrapper name and type.
			The default value of the localName is the operationName for Request wrapper and
			operationName appended by Response for Response wrapper</documentation>
  </annotation>
  <element name="RetrieveReferenceDataList">
    <complexType>
      <sequence>
        <element minOccurs="1" maxOccurs="1" name="RetrieveReferenceDataListRequest">
          <complexType>
            <sequence>
              <element name="referenceCategory" type="string" maxOccurs="1" minOccurs="1"></element>
              <element name="categoryId" type="int" maxOccurs="1" minOccurs="0"/>
            </sequence>
          </complexType>
        </element>
      </sequence>
    </complexType>
  </element>
  <element name="RetrieveReferenceDataListResponse">
    <complexType>
      <sequence>
        <element minOccurs="1" maxOccurs="1" name="RetrieveReferenceDataListReply">
          <complexType>
            <sequence>
              <element name="referenceDataList" type="olp:ReferenceData" nillable="true" maxOccurs="200" minOccurs="0"></element>
              <element name="totalNumberOfRecords" type="int" maxOccurs="1" minOccurs="0"></element>
              <element minOccurs="1" maxOccurs="1" name="responseCode" type="string">
                <annotation>
                  <documentation>Response Code
										00(Success)
										01(Failure)</documentation>
                </annotation>
              </element>
              <element name="olpBusinessException" type="olp:OlpBusinessException" maxOccurs="1" minOccurs="0"></element>
            </sequence>
          </complexType>
        </element>
      </sequence>
    </complexType>
  </element>
  <complexType name="OlpBusinessException">
    <sequence>
      <element minOccurs="1" maxOccurs="1" name="errorCode" type="string">
        <annotation>
          <documentation>Error code of the exception occured</documentation>
        </annotation>
      </element>
      <element minOccurs="1" maxOccurs="1" name="errorMessage" type="string">
        <annotation>
          <documentation>Error message of the exception occured</documentation>
        </annotation>
      </element>
      <element minOccurs="0" maxOccurs="1" name="reasonCode" type="string">
        <annotation>
          <documentation>Reason code of the exception occured</documentation>
        </annotation>
      </element>
      <element minOccurs="0" maxOccurs="1" name="reasonDescription" type="string">
        <annotation>
          <documentation>Reason description of the exception occured</documentation>
        </annotation>
      </element>
    </sequence>
  </complexType>
  <complexType name="Fault">
    <sequence>
      <element minOccurs="1" maxOccurs="1" name="faultCode" type="string">
        <annotation>
          <documentation>Fault Type of the fault occured</documentation>
        </annotation>
      </element>
      <element minOccurs="1" maxOccurs="1" name="faultString" type="string">
        <annotation>
          <documentation>Error message of the fault occured</documentation>
        </annotation>
      </element>
      <element minOccurs="1" maxOccurs="1" name="timeStamp" type="dateTime">
        <annotation>
          <documentation>Time when the fault occured</documentation>
        </annotation>
      </element>
    </sequence>
  </complexType>
  <complexType name="ReferenceData">
    <sequence>
      <element name="code" type="int" maxOccurs="1" minOccurs="1">
        <annotation>
          <documentation>Unique Code of the reference Data</documentation>
        </annotation>
      </element>
      <element name="description" type="string" maxOccurs="1" minOccurs="1">
        <annotation>
          <documentation>Description of the reference Data</documentation>
        </annotation>
      </element>
    </sequence>
  </complexType>
</schema>]]></con:content><con:type>http://www.w3.org/2001/XMLSchema</con:type></con:part></con:definitionCache><con:endpoints><con:endpoint>http://localhost:9080/IssuerWebService/IBCommonManagerService</con:endpoint></con:endpoints><con:operation id="88005487-07c2-4eaf-87b9-26e48f5b99b9" isOneWay="false" action="" name="RetrieveReferenceDataList" bindingOperationName="RetrieveReferenceDataList" type="Request-Response" inputName="" receivesAttachments="false" sendsAttachments="false" anonymous="optional"><con:settings/><con:call id="b0c53027-7a40-46eb-9d12-22ed145dea66" name="Request 1"><con:settings><con:setting id="com.eviware.soapui.impl.wsdl.WsdlRequest@request-headers">&lt;xml-fragment/></con:setting></con:settings><con:encoding>UTF-8</con:encoding><con:endpoint>http://192.168.105.110:9080/integration/IssuerWebService/IBCommonManagerService/1.0</con:endpoint><con:request><![CDATA[<soapenv:Envelope xmlns:soapenv="http://schemas.xmlsoap.org/soap/envelope/" xmlns:olp="http://www.saib.com.sa/OLPWareIssuer/" xmlns:ibc="http://www.saib.com.sa/OLPWareIssuer/IBCommonManager/">\r
    <soapenv:Header>
      <olp:messageHeader>
         <olp:ProcessContextId>SIBC1955991483003849623</olp:ProcessContextId>
         <olp:businessContextId>TM</olp:businessContextId>
         <olp:applicationContextId>4</olp:applicationContextId>
         <olp:requesterCode>SIBC</olp:requesterCode>
         <olp:machineIPAddress>10.10.21.57</olp:machineIPAddress>
         <olp:userPrincipleName>1026</olp:userPrincipleName>
         <olp:requestedTimestamp>2018-01-03T14:45:33</olp:requestedTimestamp>
         <olp:channelId>1</olp:channelId>
         <olp:LanguageCode>en</olp:LanguageCode>
         <olp:VersionNumber>1.0</olp:VersionNumber>
      </olp:messageHeader>
   </soapenv:Header>
   <soapenv:Body>\r
      <ibc:RetrieveReferenceDataList>\r
         <RetrieveReferenceDataListRequest>\r
            <referenceCategory>RefundRejectReason</referenceCategory>\r
            <!--Optional:-->\r
            
         </RetrieveReferenceDataListRequest>\r
      </ibc:RetrieveReferenceDataList>\r
   </soapenv:Body>\r
</soapenv:Envelope>]]></con:request><con:credentials><con:authType>No Authorization</con:authType></con:credentials><con:jmsConfig JMSDeliveryMode="PERSISTENT"/><con:jmsPropertyConfig/><con:wsaConfig mustUnderstand="NONE" version="200508" action="http://www.saib.com.sa/OLPWareIssuer/IBCommonManager/IBCommonManager/RetrieveReferenceDataListRequest"/><con:wsrmConfig version="1.2"/></con:call></con:operation></con:interface><con:properties/><con:wssContainer/><con:oAuth2ProfileContainer/><con:oAuth1ProfileContainer/><con:databaseConnectionContainer/><con:reporting><con:xmlTemplates/><con:parameters/></con:reporting></con:soapui-project>