<?xml version="1.0" encoding="UTF-8"?>
<con:soapui-project id="925b0ba4-a9da-4f4f-ad5d-72f80ca26b7e" activeEnvironment="Default" name="IssuerPaymentManager" resourceRoot="" soapui-version="5.4.0" abortOnError="false" runType="SEQUENTIAL" xmlns:con="http://eviware.com/soapui/config"><con:settings/><con:interface xsi:type="con:WsdlInterface" id="4240ce5c-bab0-4dc6-9ffc-933eb2341423" wsaVersion="NONE" name="IBPaymentManagerBinding" type="wsdl" bindingName="{http://www.saib.com.sa/OLPWareIssuer/IBPaymentManager/}IBPaymentManagerBinding" soapVersion="1_1" anonymous="optional" definition="file:/C:/SAIB/OLP%20Modules%20Docu/TestData/OLP%20Test%20Data/Issuer%20Wsdls/ISSUER_SADAD_DP/IssuerPaymentManager/IBPaymentManager.wsdl" xmlns:xsi="http://www.w3.org/2001/XMLSchema-instance"><con:settings/><con:definitionCache type="TEXT" rootPart="file:\C:\SAIB\OLP%20Modules%20Docu\TestData\OLP%20Test%20Data\Issuer%20Wsdls\ISSUER_SADAD_DP\IssuerPaymentManager\IBPaymentManager.wsdl"><con:part><con:url>file:\C:\SAIB\OLP%20Modules%20Docu\TestData\OLP%20Test%20Data\Issuer%20Wsdls\ISSUER_SADAD_DP\IssuerPaymentManager\IBPaymentManager.wsdl</con:url><con:content><![CDATA[<wsdl:definitions name="IBPaymentManager" targetNamespace="http://www.saib.com.sa/OLPWareIssuer/IBPaymentManager/" xmlns:wsdl="http://schemas.xmlsoap.org/wsdl/" xmlns:olp="http://www.saib.com.sa/OLPWareIssuer/IBPaymentManager/" xmlns:header="http://www.saib.com.sa/OLPWareIssuer/" xmlns:soap="http://schemas.xmlsoap.org/wsdl/soap/" xmlns:xsd="http://www.w3.org/2001/XMLSchema">
  <wsdl:import location="MessageHeader.wsdl" namespace="http://www.saib.com.sa/OLPWareIssuer/"/>
  <wsdl:types>
    <xsd:schema>
      <xsd:import namespace="http://www.saib.com.sa/OLPWareIssuer/IBPaymentManager/" schemaLocation="IBPaymentManager.xsd"/>
    </xsd:schema>
  </wsdl:types>
  <wsdl:message name="RetrievePaymentTransactionListRequest">
    <wsdl:part element="olp:RetrievePaymentTransactionList" name="Request"/>
  </wsdl:message>
  <wsdl:message name="RetrievePaymentTransactionListResponse">
    <wsdl:part element="olp:RetrievePaymentTransactionListResponse" name="Response"/>
  </wsdl:message>
  <wsdl:message name="RetrievePaymentTransactionDetailsRequest">
    <wsdl:part element="olp:RetrievePaymentTransactionDetails" name="Request"/>
  </wsdl:message>
  <wsdl:message name="RetrievePaymentTransactionDetailsResponse">
    <wsdl:part element="olp:RetrievePaymentTransactionDetailsResponse" name="Response"/>
  </wsdl:message>
  <wsdl:message name="BulkUpdatePaymentStatus">
    <wsdl:part element="olp:BulkUpdatePaymentStatus" name="parameters"/>
  </wsdl:message>
  <wsdl:message name="BulkUpdatePaymentStatusResponse">
    <wsdl:part element="olp:BulkUpdatePaymentStatusResponse" name="parameters"/>
  </wsdl:message>
  <wsdl:portType name="IBPaymentManager">
    <wsdl:operation name="RetrievePaymentTransactionList">
      <wsdl:input message="olp:RetrievePaymentTransactionListRequest"/>
      <wsdl:output message="olp:RetrievePaymentTransactionListResponse"/>
    </wsdl:operation>
    <wsdl:operation name="RetrievePaymentTransactionDetails">
      <wsdl:input message="olp:RetrievePaymentTransactionDetailsRequest"/>
      <wsdl:output message="olp:RetrievePaymentTransactionDetailsResponse"/>
    </wsdl:operation>
    <wsdl:operation name="BulkUpdatePaymentStatus">
      <wsdl:documentation>Bulk update of Payment Status - Operation name, input wrapper, output wrapper and fault wrapper.</wsdl:documentation>
      <wsdl:input message="olp:BulkUpdatePaymentStatus"/>
      <wsdl:output message="olp:BulkUpdatePaymentStatusResponse"/>
    </wsdl:operation>
  </wsdl:portType>
  <wsdl:binding name="IBPaymentManagerBinding" type="olp:IBPaymentManager">
    <soap:binding style="document" transport="http://schemas.xmlsoap.org/soap/http"/>
    <wsdl:operation name="RetrievePaymentTransactionList">
      <soap:operation soapAction=""/>
      <wsdl:input>
        <soap:body use="literal"/>
        <soap:header message="header:HeaderMessage" part="Header" use="literal"/>
      </wsdl:input>
      <wsdl:output>
        <soap:body use="literal"/>
      </wsdl:output>
    </wsdl:operation>
    <wsdl:operation name="RetrievePaymentTransactionDetails">
      <soap:operation soapAction=""/>
      <wsdl:input>
        <soap:body use="literal"/>
        <soap:header message="header:HeaderMessage" part="Header" use="literal"/>
      </wsdl:input>
      <wsdl:output>
        <soap:body use="literal"/>
      </wsdl:output>
    </wsdl:operation>
    <wsdl:operation name="BulkUpdatePaymentStatus">
      <soap:operation soapAction=""/>
      <wsdl:input>
        <soap:body use="literal"/>
        <soap:header message="header:HeaderMessage" part="Header" use="literal"/>
      </wsdl:input>
      <wsdl:output>
        <soap:body use="literal"/>
      </wsdl:output>
    </wsdl:operation>
  </wsdl:binding>
  <wsdl:service name="IBPaymentManagerService">
    <wsdl:port binding="olp:IBPaymentManagerBinding" name="IBPaymentManagerPort">
      <soap:address location="http://localhost:8080/IssuerWebService/IBPaymentManagerService"/>
    </wsdl:port>
  </wsdl:service>
</wsdl:definitions>]]></con:content><con:type>http://schemas.xmlsoap.org/wsdl/</con:type></con:part><con:part><con:url>file:\C:\SAIB\OLP%20Modules%20Docu\TestData\OLP%20Test%20Data\Issuer%20Wsdls\ISSUER_SADAD_DP\IssuerPaymentManager\MessageHeader.wsdl</con:url><con:content><![CDATA[<wsdl:definitions targetNamespace="http://www.saib.com.sa/OLPWareIssuer/" xmlns:s2="http://www.saib.com.sa/OLPWareIssuer/" xmlns:wsdl="http://schemas.xmlsoap.org/wsdl/" xmlns:xsd="http://www.w3.org/2001/XMLSchema">
  <wsdl:types>
    <xsd:schema targetNamespace="http://www.saib.com.sa/OLPWareIssuer/">
      <xsd:include schemaLocation="MessageHeader.xsd"/>
    </xsd:schema>
  </wsdl:types>
  <wsdl:message name="HeaderMessage">
    <wsdl:part element="s2:messageHeader" name="Header"/>
  </wsdl:message>
</wsdl:definitions>]]></con:content><con:type>http://schemas.xmlsoap.org/wsdl/</con:type></con:part><con:part><con:url>file:\C:\SAIB\OLP%20Modules%20Docu\TestData\OLP%20Test%20Data\Issuer%20Wsdls\ISSUER_SADAD_DP\IssuerPaymentManager\MessageHeader.xsd</con:url><con:content><![CDATA[<xsd:schema xml:lang="en" elementFormDefault="qualified" attributeFormDefault="unqualified" targetNamespace="http://www.saib.com.sa/OLPWareIssuer/" xmlns="http://www.saib.com.sa/OLPWareIssuer/" xmlns:xsd="http://www.w3.org/2001/XMLSchema">
  <xsd:element name="messageHeader">
    <xsd:complexType>
      <xsd:sequence>
        <xsd:element name="ProcessContextId" minOccurs="1" maxOccurs="1">
          <xsd:simpleType>
            <xsd:restriction base="xsd:string">
              <xsd:maxLength value="50"/>
            </xsd:restriction>
          </xsd:simpleType>
        </xsd:element>
        <xsd:element name="businessContextId" minOccurs="1" maxOccurs="1">
          <xsd:simpleType>
            <xsd:restriction base="xsd:string">
              <xsd:maxLength value="2"/>
            </xsd:restriction>
          </xsd:simpleType>
        </xsd:element>
        <xsd:element name="applicationContextId" type="xsd:int" minOccurs="1" maxOccurs="1"/>
        <xsd:element name="requesterCode" minOccurs="1" maxOccurs="1">
          <xsd:simpleType>
            <xsd:restriction base="xsd:string">
              <xsd:maxLength value="20"/>
            </xsd:restriction>
          </xsd:simpleType>
        </xsd:element>
        <xsd:element name="machineIPAddress" minOccurs="1" maxOccurs="1">
          <xsd:simpleType>
            <xsd:restriction base="xsd:string">
              <xsd:maxLength value="23"/>
            </xsd:restriction>
          </xsd:simpleType>
        </xsd:element>
        <xsd:element name="userPrincipleName" minOccurs="1" maxOccurs="1">
          <xsd:simpleType>
            <xsd:restriction base="xsd:string">
              <xsd:maxLength value="15"/>
            </xsd:restriction>
          </xsd:simpleType>
        </xsd:element>
        <xsd:element name="requestedTimestamp" type="xsd:dateTime" minOccurs="1" maxOccurs="1"/>
        <xsd:element name="channelId" minOccurs="1" maxOccurs="1">
          <xsd:simpleType>
            <xsd:restriction base="xsd:int">
              <xsd:totalDigits value="2"/>
            </xsd:restriction>
          </xsd:simpleType>
        </xsd:element>
        <xsd:element name="LanguageCode" minOccurs="0" maxOccurs="1">
          <xsd:simpleType>
            <xsd:restriction base="xsd:string">
              <xsd:maxLength value="20"/>
            </xsd:restriction>
          </xsd:simpleType>
        </xsd:element>
        <xsd:element name="VersionNumber" minOccurs="0" maxOccurs="1">
          <xsd:simpleType>
            <xsd:restriction base="xsd:string">
              <xsd:maxLength value="20"/>
            </xsd:restriction>
          </xsd:simpleType>
        </xsd:element>
      </xsd:sequence>
    </xsd:complexType>
  </xsd:element>
</xsd:schema>]]></con:content><con:type>http://www.w3.org/2001/XMLSchema</con:type></con:part><con:part><con:url>file:\C:\SAIB\OLP%20Modules%20Docu\TestData\OLP%20Test%20Data\Issuer%20Wsdls\ISSUER_SADAD_DP\IssuerPaymentManager\IBPaymentManager.xsd</con:url><con:content><![CDATA[<schema targetNamespace="http://www.saib.com.sa/OLPWareIssuer/IBPaymentManager/" xmlns="http://www.w3.org/2001/XMLSchema" xmlns:olp="http://www.saib.com.sa/OLPWareIssuer/IBPaymentManager/">
  <!--Data Model-->
  <complexType name="PaymentTransactionSearchCriteria">
    <sequence>
      <element minOccurs="0" maxOccurs="1" name="sadadTransactionNumber" type="string"/>
      <element minOccurs="0" maxOccurs="1" name="bankRefNumber" type="string"/>
      <element minOccurs="0" maxOccurs="1" name="paymentStatus" type="int">
        <annotation>
          <documentation>Following status are available for internet banking portal:
        				8 : Failed
        				9 : Success
                        10 : In Progress</documentation>
        </annotation>
      </element>
      <element minOccurs="0" maxOccurs="1" name="fromDate" type="date"/>
      <element minOccurs="0" maxOccurs="1" name="toDate" type="date"/>
      <element minOccurs="0" maxOccurs="1" name="merchantName" type="string"/>
      <element minOccurs="0" maxOccurs="1" name="transactionType" type="int">
        <annotation>
          <documentation>Transaction Type:
						1 : Payment
						2 : Refund</documentation>
        </annotation>
      </element>
      <element minOccurs="1" maxOccurs="1" name="pagination" type="olp:Pagination"/>
      <element minOccurs="0" maxOccurs="1" name="customerNumber" type="string"/>
      <element minOccurs="0" maxOccurs="1" name="merchantId" type="long"/>
    </sequence>
  </complexType>
  <complexType name="Pagination">
    <sequence>
      <element minOccurs="0" maxOccurs="1" name="startIndex" type="int"/>
      <element minOccurs="0" maxOccurs="1" name="numberOfRecords" type="int"/>
      <element minOccurs="0" maxOccurs="1" name="sortingOrder" type="int"></element>
      <element minOccurs="0" maxOccurs="1" name="sortingIndex" type="string"></element>
    </sequence>
  </complexType>
  <complexType name="PaymentInfo">
    <sequence>
      <element minOccurs="1" maxOccurs="1" name="sadadTransactionNumber" type="string"/>
      <element minOccurs="1" maxOccurs="1" name="transactionStatus" type="int"/>
      <element minOccurs="1" maxOccurs="1" name="transactionStatusDesc" type="string"/>
      <element minOccurs="1" maxOccurs="1" name="amount" type="double"/>
      <element minOccurs="0" maxOccurs="1" name="consumerName" type="string"/>
      <element minOccurs="1" maxOccurs="1" name="merchantName" type="string"/>
      <element minOccurs="1" maxOccurs="1" name="merchantId" type="long"/>
      <element minOccurs="1" maxOccurs="1" name="createdOn" type="dateTime"/>
      <element minOccurs="1" maxOccurs="1" name="transactionType" type="int"/>
      <element minOccurs="1" maxOccurs="1" name="olpId" type="long"/>
      <element minOccurs="0" maxOccurs="1" name="customerNumber" type="string"/>
      <element minOccurs="0" maxOccurs="1" name="remainingRefundAmount" type="double"/>
      <element minOccurs="1" maxOccurs="1" name="paymentCurrency" type="olp:PaymentCurrency"/>
    </sequence>
  </complexType>
  <complexType name="PaymentCurrency">
    <sequence>
      <element minOccurs="1" maxOccurs="1" name="paymentAmount" type="double"/>
      <element minOccurs="1" maxOccurs="1" name="paymentCurrency" type="string"/>
      <element minOccurs="0" maxOccurs="1" name="fxRate" type="double"/>
      <element minOccurs="0" maxOccurs="1" name="foreignCurrency" type="string"/>
      <element minOccurs="0" maxOccurs="1" name="amountInForeignCurrency" type="double"/>
    </sequence>
  </complexType>
  <complexType name="PaymentTransactionDetails">
    <sequence>
      <element minOccurs="1" maxOccurs="1" name="sadadTransactionNumber" type="string"/>
      <element minOccurs="0" maxOccurs="1" name="olpId" type="long"/>
      <element minOccurs="0" maxOccurs="1" name="customerNumber" type="string"/>
      <element minOccurs="1" maxOccurs="1" name="merchantName" type="string"/>
      <element minOccurs="1" maxOccurs="1" name="consumerName" type="string"/>
      <element minOccurs="0" maxOccurs="1" name="merchantId" type="long"/>
      <element minOccurs="0" maxOccurs="1" name="abRefNumber" type="string"/>
      <element minOccurs="0" maxOccurs="1" name="ibRefNumber" type="string"/>
      <element name="abBankCode" type="string" maxOccurs="1" minOccurs="0"/>
      <element name="ibBankCode" type="string" maxOccurs="1" minOccurs="0"/>
      <element minOccurs="1" maxOccurs="1" name="transactionDate" type="dateTime"/>
      <element minOccurs="1" maxOccurs="1" name="transactionStatus" type="int"/>
      <element minOccurs="1" maxOccurs="1" name="transactionStatusDesc" type="string"/>
      <element minOccurs="1" maxOccurs="1" name="paymentCurrency" type="olp:PaymentCurrency"/>
      <element minOccurs="0" maxOccurs="1" name="transactionFee" type="double"/>
      <element minOccurs="0" maxOccurs="1" name="sadadFee" type="double"/>
      <element minOccurs="0" maxOccurs="1" name="abFee" type="double"/>
      <element name="ibFee" minOccurs="0" maxOccurs="1" type="double"/>
      <element minOccurs="0" maxOccurs="1" name="paymentType" type="int"/>
      <element minOccurs="0" maxOccurs="1" name="isReversed" type="boolean"/>
    </sequence>
  </complexType>
  <complexType name="BulkUpdateStatusInfo">
    <sequence>
      <element minOccurs="1" maxOccurs="1" name="sadadTransactionNumber" type="string"/>
      <element name="abRefNumber" type="string" maxOccurs="1" minOccurs="1"/>
      <element name="paymentStatus" type="int" maxOccurs="1" minOccurs="1"/>
    </sequence>
  </complexType>
  <complexType name="bulkUpdateStatusResponseInfo">
    <sequence>
      <element name="sadadTransactionNumber" type="string" maxOccurs="1" minOccurs="1"></element>
      <element name="abRefNumber" type="string" maxOccurs="1" minOccurs="0"></element>
      <element name="paymentStatus" type="int" maxOccurs="1" minOccurs="0"></element>
      <element name="responseCode" type="string" maxOccurs="1" minOccurs="1"></element>
      <element name="olpBusinessException" type="olp:OlpBusinessException" maxOccurs="1" minOccurs="0"/>
    </sequence>
  </complexType>
  <complexType name="OlpBusinessException">
    <sequence>
      <element minOccurs="1" maxOccurs="1" name="errorCode" type="string"/>
      <element minOccurs="1" maxOccurs="1" name="errorMessage" type="string"/>
      <element minOccurs="0" maxOccurs="1" name="reasonCode" type="string"/>
      <element minOccurs="0" maxOccurs="1" name="reasonDescription" type="string"/>
    </sequence>
  </complexType>
  <!--Operations-->
  <!--Retrieve Payment Transaction List-->
  <element name="RetrievePaymentTransactionList">
    <complexType>
      <sequence>
        <element minOccurs="1" maxOccurs="1" name="RetrievePaymentTransactionListRequest">
          <complexType>
            <sequence>
              <element minOccurs="1" maxOccurs="1" name="paymentTransactionSearchCriteria" type="olp:PaymentTransactionSearchCriteria"/>
            </sequence>
          </complexType>
        </element>
      </sequence>
    </complexType>
  </element>
  <element name="RetrievePaymentTransactionListResponse">
    <complexType>
      <sequence>
        <element minOccurs="1" maxOccurs="1" name="RetrievePaymentTransactionListReply">
          <complexType>
            <sequence>
              <element minOccurs="1" maxOccurs="1" name="responseCode" type="string"/>
              <element minOccurs="0" maxOccurs="200" name="paymentList" nillable="true" type="olp:PaymentInfo"/>
              <element minOccurs="0" maxOccurs="1" name="totalNumberOfRecords" type="int"/>
              <element name="totalTransactionValue" type="double" maxOccurs="1" minOccurs="0"></element>
              <element minOccurs="0" maxOccurs="1" name="olpBusinessException" type="olp:OlpBusinessException"/>
            </sequence>
          </complexType>
        </element>
      </sequence>
    </complexType>
  </element>
  <!--RetrievePaymentTransaction-->
  <element name="RetrievePaymentTransactionDetails">
    <complexType>
      <sequence>
        <element minOccurs="1" maxOccurs="1" name="RetrievePaymentTransactionDetailsRequest">
          <complexType>
            <sequence>
              <element minOccurs="1" maxOccurs="1" name="sadadTransactionNumber" type="string"/>
            </sequence>
          </complexType>
        </element>
      </sequence>
    </complexType>
  </element>
  <element name="RetrievePaymentTransactionDetailsResponse">
    <complexType>
      <sequence>
        <element minOccurs="1" maxOccurs="1" name="RetrievePaymentTransactionDetailsReply">
          <complexType>
            <sequence>
              <element minOccurs="1" maxOccurs="1" name="responseCode" type="string"/>
              <element minOccurs="0" maxOccurs="1" name="paymentTransactionDetails" type="olp:PaymentTransactionDetails"/>
              <element minOccurs="0" maxOccurs="1" name="olpBusinessException" type="olp:OlpBusinessException"/>
            </sequence>
          </complexType>
        </element>
      </sequence>
    </complexType>
  </element>
  <element name="BulkUpdatePaymentStatus">
    <complexType>
      <sequence>
        <element minOccurs="1" maxOccurs="1" name="BulkUpdatePaymentStatusRequest">
          <complexType>
            <sequence>
              <element minOccurs="1" maxOccurs="1000" name="BulkUpdatePaymentStatusRequestList" type="olp:BulkUpdateStatusInfo"/>
            </sequence>
          </complexType>
        </element>
      </sequence>
    </complexType>
  </element>
  <element name="BulkUpdatePaymentStatusResponse">
    <complexType>
      <sequence>
        <element minOccurs="1" maxOccurs="1" name="BulkUpdatePaymentStatusReply">
          <complexType>
            <sequence>
              <element name="bulkUpdateStatusResponseInfoList" type="olp:bulkUpdateStatusResponseInfo" minOccurs="1" maxOccurs="1000"></element>
              <element minOccurs="1" maxOccurs="1" name="responseCode" type="string"></element>
              <element minOccurs="0" maxOccurs="1" name="olpBusinessException" type="olp:OlpBusinessException"></element>
            </sequence>
          </complexType>
        </element>
      </sequence>
    </complexType>
  </element>
</schema>]]></con:content><con:type>http://www.w3.org/2001/XMLSchema</con:type></con:part></con:definitionCache><con:endpoints><con:endpoint>http://localhost:8080/IssuerWebService/IBPaymentManagerService</con:endpoint></con:endpoints><con:operation id="19f1e7db-38cc-4e37-8556-8ce57bbb892e" isOneWay="false" action="" name="BulkUpdatePaymentStatus" bindingOperationName="BulkUpdatePaymentStatus" type="Request-Response" inputName="" receivesAttachments="false" sendsAttachments="false" anonymous="optional"><con:settings/><con:call id="eb95d2cb-c605-4e08-9394-de4e1ee97ea9" name="Request 1"><con:settings><con:setting id="com.eviware.soapui.impl.wsdl.WsdlRequest@request-headers">&lt;xml-fragment/></con:setting></con:settings><con:encoding>UTF-8</con:encoding><con:endpoint>http://192.168.105.110:9080/integration/IssuerWebService/IBPaymentManagerService/1.0</con:endpoint><con:request><![CDATA[<soapenv:Envelope xmlns:soapenv="http://schemas.xmlsoap.org/soap/envelope/" xmlns:olp="http://www.saib.com.sa/OLPWareIssuer/" xmlns:ibp="http://www.saib.com.sa/OLPWareIssuer/IBPaymentManager/">
   <soapenv:Header>
      <olp:messageHeader>
         <olp:ProcessContextId>SIBC1955991683773733485</olp:ProcessContextId>
         <olp:businessContextId>TM</olp:businessContextId>
         <olp:applicationContextId>4</olp:applicationContextId>
         <olp:requesterCode>SIBC</olp:requesterCode>
         <olp:machineIPAddress>10.10.21.57</olp:machineIPAddress>
         <olp:userPrincipleName>1026</olp:userPrincipleName>
         <olp:requestedTimestamp>2018-01-03T14:45:33</olp:requestedTimestamp>
         <olp:channelId>1</olp:channelId>
         <olp:LanguageCode>en</olp:LanguageCode>
         <olp:VersionNumber>1.0</olp:VersionNumber>
      </olp:messageHeader>
   </soapenv:Header>
   <soapenv:Body>
      <ibp:BulkUpdatePaymentStatus>
         <BulkUpdatePaymentStatusRequest>
            <!--1 to 1000 repetitions:-->
            <BulkUpdatePaymentStatusRequestList>
               <sadadTransactionNumber>P1000000000000006629</sadadTransactionNumber>
               <abRefNumber>10</abRefNumber>
               <paymentStatus>2</paymentStatus>
            </BulkUpdatePaymentStatusRequestList>
         </BulkUpdatePaymentStatusRequest>
      </ibp:BulkUpdatePaymentStatus>
   </soapenv:Body>
</soapenv:Envelope>]]></con:request><con:credentials><con:authType>No Authorization</con:authType></con:credentials><con:jmsConfig JMSDeliveryMode="PERSISTENT"/><con:jmsPropertyConfig/><con:wsaConfig mustUnderstand="NONE" version="200508" action="http://www.saib.com.sa/OLPWareIssuer/IBPaymentManager/IBPaymentManager/BulkUpdatePaymentStatusRequest"/><con:wsrmConfig version="1.2"/></con:call></con:operation><con:operation id="55957591-66c3-4104-8ea6-743d55996f16" isOneWay="false" action="" name="RetrievePaymentTransactionDetails" bindingOperationName="RetrievePaymentTransactionDetails" type="Request-Response" inputName="" receivesAttachments="false" sendsAttachments="false" anonymous="optional"><con:settings/><con:call id="fcac9062-0543-417e-b2e0-3a95812fc650" name="Request 1"><con:settings><con:setting id="com.eviware.soapui.impl.wsdl.WsdlRequest@request-headers">&lt;xml-fragment/></con:setting></con:settings><con:encoding>UTF-8</con:encoding><con:endpoint>http://192.168.105.110:9080/integration/IssuerWebService/IBPaymentManagerService/1.0</con:endpoint><con:request><![CDATA[<soapenv:Envelope xmlns:soapenv="http://schemas.xmlsoap.org/soap/envelope/" xmlns:olp="http://www.saib.com.sa/OLPWareIssuer/" xmlns:ibp="http://www.saib.com.sa/OLPWareIssuer/IBPaymentManager/">
   <soapenv:Header>
      <olp:messageHeader>
         <olp:ProcessContextId>SIBC1955991683753963484</olp:ProcessContextId>
         <olp:businessContextId>TM</olp:businessContextId>
         <olp:applicationContextId>4</olp:applicationContextId>
         <olp:requesterCode>SIBC</olp:requesterCode>
         <olp:machineIPAddress>10.10.21.57</olp:machineIPAddress>
         <olp:userPrincipleName>1026</olp:userPrincipleName>
         <olp:requestedTimestamp>2018-01-03T14:45:33</olp:requestedTimestamp>
         <olp:channelId>1</olp:channelId>
         <olp:LanguageCode>en</olp:LanguageCode>
         <olp:VersionNumber>1.0</olp:VersionNumber>
      </olp:messageHeader>
   </soapenv:Header>
   <soapenv:Body>
      <ibp:RetrievePaymentTransactionDetails>
         <RetrievePaymentTransactionDetailsRequest>
            <sadadTransactionNumber>P1000000000000006628</sadadTransactionNumber>
         </RetrievePaymentTransactionDetailsRequest>
      </ibp:RetrievePaymentTransactionDetails>
   </soapenv:Body>
</soapenv:Envelope>]]></con:request><con:credentials><con:authType>No Authorization</con:authType></con:credentials><con:jmsConfig JMSDeliveryMode="PERSISTENT"/><con:jmsPropertyConfig/><con:wsaConfig mustUnderstand="NONE" version="200508" action="http://www.saib.com.sa/OLPWareIssuer/IBPaymentManager/IBPaymentManager/RetrievePaymentTransactionDetailsRequest"/><con:wsrmConfig version="1.2"/></con:call></con:operation><con:operation id="23e82df9-6791-47d3-b6ac-217ee149d989" isOneWay="false" action="" name="RetrievePaymentTransactionList" bindingOperationName="RetrievePaymentTransactionList" type="Request-Response" inputName="" receivesAttachments="false" sendsAttachments="false" anonymous="optional"><con:settings/><con:call id="1084df67-70d8-4397-ae86-da766a99b4d3" name="Request 1"><con:settings><con:setting id="com.eviware.soapui.impl.wsdl.WsdlRequest@request-headers">&lt;xml-fragment/></con:setting></con:settings><con:encoding>UTF-8</con:encoding><con:endpoint>http://192.168.105.110:9080/integration/IssuerWebService/IBPaymentManagerService/1.0</con:endpoint><con:request><![CDATA[<soapenv:Envelope xmlns:soapenv="http://schemas.xmlsoap.org/soap/envelope/" xmlns:olp="http://www.saib.com.sa/OLPWareIssuer/" xmlns:ibp="http://www.saib.com.sa/OLPWareIssuer/IBPaymentManager/">
   <soapenv:Header>
      <olp:messageHeader>
         <olp:ProcessContextId>SIBC1955991683653933683</olp:ProcessContextId>
         <olp:businessContextId>TM</olp:businessContextId>
         <olp:applicationContextId>4</olp:applicationContextId>
         <olp:requesterCode>SIBC</olp:requesterCode>
         <olp:machineIPAddress>10.10.21.57</olp:machineIPAddress>
         <olp:userPrincipleName>1026</olp:userPrincipleName>
         <olp:requestedTimestamp>2018-01-03T14:45:33</olp:requestedTimestamp>
         <olp:channelId>1</olp:channelId>
         <olp:LanguageCode>en</olp:LanguageCode>
         <olp:VersionNumber>1.0</olp:VersionNumber>
      </olp:messageHeader>
   </soapenv:Header>
   <soapenv:Body>
      <ibp:RetrievePaymentTransactionList>
         <RetrievePaymentTransactionListRequest>
            <paymentTransactionSearchCriteria>
              
               <pagination>
                  <!--Optional:-->
                  <startIndex>1</startIndex>
                  <!--Optional:-->
                  <numberOfRecords>10</numberOfRecords>
                  <!--Optional:-->
                  <sortingOrder>1</sortingOrder>
                  <!--Optional:-->
                  <sortingIndex>1</sortingIndex>
               </pagination>
               
               
            </paymentTransactionSearchCriteria>
         </RetrievePaymentTransactionListRequest>
      </ibp:RetrievePaymentTransactionList>
   </soapenv:Body>
</soapenv:Envelope>]]></con:request><con:credentials><con:authType>No Authorization</con:authType></con:credentials><con:jmsConfig JMSDeliveryMode="PERSISTENT"/><con:jmsPropertyConfig/><con:wsaConfig mustUnderstand="NONE" version="200508" action="http://www.saib.com.sa/OLPWareIssuer/IBPaymentManager/IBPaymentManager/RetrievePaymentTransactionListRequest"/><con:wsrmConfig version="1.2"/></con:call></con:operation></con:interface><con:properties/><con:wssContainer/><con:oAuth2ProfileContainer/><con:oAuth1ProfileContainer/><con:databaseConnectionContainer/><con:reporting><con:xmlTemplates/><con:parameters/></con:reporting></con:soapui-project>