<?xml version="1.0" encoding="UTF-8"?>
<con:soapui-project id="56e68b1e-3d8e-4b52-99a3-5058a8c7d384" activeEnvironment="Default" name="IssuerNotificationManager" resourceRoot="" soapui-version="5.4.0" abortOnError="false" runType="SEQUENTIAL" xmlns:con="http://eviware.com/soapui/config"><con:settings/><con:interface xsi:type="con:WsdlInterface" id="6b03fcca-debc-40dc-bae2-28b601c6bbfa" wsaVersion="NONE" name="IBNotificationManagerBinding" type="wsdl" bindingName="{http://www.saib.com.sa/OLPWareIssuer/IBNotificationManager/}IBNotificationManagerBinding" soapVersion="1_1" anonymous="optional" definition="file:/C:/SAIB/OLP%20Modules%20Docu/TestData/OLP%20Test%20Data/Issuer%20Wsdls/IssuerNotificationManager/IBNotificationManager.wsdl" xmlns:xsi="http://www.w3.org/2001/XMLSchema-instance"><con:settings/><con:definitionCache type="TEXT" rootPart="file:\C:\SAIB\OLP%20Modules%20Docu\TestData\OLP%20Test%20Data\Issuer%20Wsdls\IssuerNotificationManager\IBNotificationManager.wsdl"><con:part><con:url>file:\C:\SAIB\OLP%20Modules%20Docu\TestData\OLP%20Test%20Data\Issuer%20Wsdls\IssuerNotificationManager\IBNotificationManager.wsdl</con:url><con:content><![CDATA[<!--Copyright All Rights Reserved. This software is the
	proprietary information of SADAD. Use is subject to license terms.-->
<definitions name="IBNotificationManager" targetNamespace="http://www.saib.com.sa/OLPWareIssuer/IBNotificationManager/" xmlns="http://schemas.xmlsoap.org/wsdl/" xmlns:ds="http://www.w3.org/2000/09/xmldsig#" xmlns:ent2="http://enterprise.olp.sadad.com/Infrastructure/EnterpriseContext" xmlns:header="http://www.saib.com.sa/OLPWareIssuer/" xmlns:olp="http://www.saib.com.sa/OLPWareIssuer/IBNotificationManager/" xmlns:soap="http://schemas.xmlsoap.org/wsdl/soap/" xmlns:wsam="http://www.w3.org/2007/05/addressing/metadata" xmlns:wsdl="http://schemas.xmlsoap.org/wsdl/" xmlns:wsp="http://www.w3.org/ns/ws-policy" xmlns:wsp1_2="http://schemas.xmlsoap.org/ws/2004/09/policy" xmlns:wsu="http://docs.oasis-open.org/wss/2004/01/oasis-200401-wss-wssecurity-utility-1.0.xsd" xmlns:xsd="http://www.w3.org/2001/XMLSchema">
  <wsdl:documentation>
    Notification manager service definition is used to perform the functionalities related with 
		notifications. This includes
    <br/>
    1. Retrieval of Notifications
    <br/>
    2. Closing Notification
  </wsdl:documentation>
  <wsdl:import location="MessageHeader.wsdl" namespace="http://www.saib.com.sa/OLPWareIssuer/"/>
  <wsdl:types>
    <xsd:schema>
      <xsd:import namespace="http://www.saib.com.sa/OLPWareIssuer/IBNotificationManager/" schemaLocation="IBNotificationManager.xsd"/>
    </xsd:schema>
  </wsdl:types>
  <wsdl:message name="MessageHeader">
    <wsdl:part element="header:messageHeader" name="messageHeader"/>
  </wsdl:message>
  <wsdl:message name="CloseNotification">
    <wsdl:part element="olp:CloseNotification" name="parameters"/>
  </wsdl:message>
  <wsdl:message name="CloseNotificationResponse">
    <wsdl:part element="olp:CloseNotificationResponse" name="parameters"/>
  </wsdl:message>
  <wsdl:message name="RetrieveNotificationList">
    <wsdl:part element="olp:RetrieveNotificationList" name="parameters"/>
  </wsdl:message>
  <wsdl:message name="RetrieveNotificationListResponse">
    <wsdl:part element="olp:RetrieveNotificationListResponse" name="parameters"/>
  </wsdl:message>
  <wsdl:message name="Fault">
    <wsdl:part element="olp:Fault" name="fault"/>
  </wsdl:message>
  <wsdl:portType name="IBNotificationManager">
    <wsdl:operation name="RetrieveNotificationList">
      <wsdl:documentation>Retrieve Notification List - Operation name, input wrapper, output wrapper and fault wrapper.</wsdl:documentation>
      <wsdl:input message="olp:RetrieveNotificationList"/>
      <wsdl:output message="olp:RetrieveNotificationListResponse"/>
    </wsdl:operation>
    <wsdl:operation name="CloseNotification">
      <wsdl:documentation>Close Notification - Operation name, input wrapper, output wrapper and fault wrapper.</wsdl:documentation>
      <wsdl:input message="olp:CloseNotification"/>
      <wsdl:output message="olp:CloseNotificationResponse"/>
    </wsdl:operation>
  </wsdl:portType>
  <wsdl:binding name="IBNotificationManagerBinding" type="olp:IBNotificationManager">
    <soap:binding style="document" transport="http://schemas.xmlsoap.org/soap/http"/>
    <wsdl:operation name="RetrieveNotificationList">
      <soap:operation soapAction="RetrieveNotificationList"/>
      <wsdl:input>
        <soap:body use="literal"/>
        <soap:header message="header:HeaderMessage" part="Header" use="literal"/>
      </wsdl:input>
      <wsdl:output>
        <soap:body use="literal"/>
      </wsdl:output>
    </wsdl:operation>
    <wsdl:operation name="CloseNotification">
      <soap:operation soapAction="CloseNotification"/>
      <wsdl:input>
        <soap:body use="literal"/>
        <soap:header message="header:HeaderMessage" part="Header" use="literal"/>
      </wsdl:input>
      <wsdl:output>
        <soap:body use="literal"/>
      </wsdl:output>
    </wsdl:operation>
  </wsdl:binding>
  <wsdl:service name="IBNotificationManagerService">
    <wsdl:documentation>URL where the service is hosted. (To be updated with test/production server URL)</wsdl:documentation>
    <wsdl:port binding="olp:IBNotificationManagerBinding" name="IBNotificationManagerPort">
      <soap:address location="http://localhost:9080/IssuerWebService/IBNotificationManagerService"/>
    </wsdl:port>
  </wsdl:service>
</definitions>]]></con:content><con:type>http://schemas.xmlsoap.org/wsdl/</con:type></con:part><con:part><con:url>file:\C:\SAIB\OLP%20Modules%20Docu\TestData\OLP%20Test%20Data\Issuer%20Wsdls\IssuerNotificationManager\MessageHeader.wsdl</con:url><con:content><![CDATA[<wsdl:definitions targetNamespace="http://www.saib.com.sa/OLPWareIssuer/" xmlns:s2="http://www.saib.com.sa/OLPWareIssuer/" xmlns:wsdl="http://schemas.xmlsoap.org/wsdl/" xmlns:xsd="http://www.w3.org/2001/XMLSchema">
  <wsdl:types>
    <xsd:schema targetNamespace="http://www.saib.com.sa/OLPWareIssuer/">
      <xsd:include schemaLocation="MessageHeader.xsd"/>
    </xsd:schema>
  </wsdl:types>
  <wsdl:message name="HeaderMessage">
    <wsdl:part element="s2:messageHeader" name="Header"/>
  </wsdl:message>
</wsdl:definitions>]]></con:content><con:type>http://schemas.xmlsoap.org/wsdl/</con:type></con:part><con:part><con:url>file:\C:\SAIB\OLP%20Modules%20Docu\TestData\OLP%20Test%20Data\Issuer%20Wsdls\IssuerNotificationManager\MessageHeader.xsd</con:url><con:content><![CDATA[<xsd:schema xml:lang="en" elementFormDefault="qualified" attributeFormDefault="unqualified" targetNamespace="http://www.saib.com.sa/OLPWareIssuer/" xmlns="http://www.saib.com.sa/OLPWareIssuer/" xmlns:xsd="http://www.w3.org/2001/XMLSchema">
  <xsd:element name="messageHeader">
    <xsd:complexType>
      <xsd:sequence>
        <xsd:element name="ProcessContextId" minOccurs="1" maxOccurs="1">
          <xsd:simpleType>
            <xsd:restriction base="xsd:string">
              <xsd:maxLength value="50"/>
            </xsd:restriction>
          </xsd:simpleType>
        </xsd:element>
        <xsd:element name="businessContextId" minOccurs="1" maxOccurs="1">
          <xsd:simpleType>
            <xsd:restriction base="xsd:string">
              <xsd:maxLength value="2"/>
            </xsd:restriction>
          </xsd:simpleType>
        </xsd:element>
        <xsd:element name="applicationContextId" type="xsd:int" minOccurs="1" maxOccurs="1"/>
        <xsd:element name="requesterCode" minOccurs="1" maxOccurs="1">
          <xsd:simpleType>
            <xsd:restriction base="xsd:string">
              <xsd:maxLength value="20"/>
            </xsd:restriction>
          </xsd:simpleType>
        </xsd:element>
        <xsd:element name="machineIPAddress" minOccurs="1" maxOccurs="1">
          <xsd:simpleType>
            <xsd:restriction base="xsd:string">
              <xsd:maxLength value="23"/>
            </xsd:restriction>
          </xsd:simpleType>
        </xsd:element>
        <xsd:element name="userPrincipleName" minOccurs="1" maxOccurs="1">
          <xsd:simpleType>
            <xsd:restriction base="xsd:string">
              <xsd:maxLength value="15"/>
            </xsd:restriction>
          </xsd:simpleType>
        </xsd:element>
        <xsd:element name="requestedTimestamp" type="xsd:dateTime" minOccurs="1" maxOccurs="1"/>
        <xsd:element name="channelId" minOccurs="1" maxOccurs="1">
          <xsd:simpleType>
            <xsd:restriction base="xsd:int">
              <xsd:totalDigits value="2"/>
            </xsd:restriction>
          </xsd:simpleType>
        </xsd:element>
        <xsd:element name="LanguageCode" minOccurs="0" maxOccurs="1">
          <xsd:simpleType>
            <xsd:restriction base="xsd:string">
              <xsd:maxLength value="20"/>
            </xsd:restriction>
          </xsd:simpleType>
        </xsd:element>
        <xsd:element name="VersionNumber" minOccurs="0" maxOccurs="1">
          <xsd:simpleType>
            <xsd:restriction base="xsd:string">
              <xsd:maxLength value="20"/>
            </xsd:restriction>
          </xsd:simpleType>
        </xsd:element>
      </xsd:sequence>
    </xsd:complexType>
  </xsd:element>
</xsd:schema>]]></con:content><con:type>http://www.w3.org/2001/XMLSchema</con:type></con:part><con:part><con:url>file:\C:\SAIB\OLP%20Modules%20Docu\TestData\OLP%20Test%20Data\Issuer%20Wsdls\IssuerNotificationManager\IBNotificationManager.xsd</con:url><con:content><![CDATA[<schema targetNamespace="http://www.saib.com.sa/OLPWareIssuer/IBNotificationManager/" xmlns="http://www.w3.org/2001/XMLSchema" xmlns:olp="http://www.saib.com.sa/OLPWareIssuer/IBNotificationManager/">
  <annotation>
    <documentation>The schema defines the data transfer objects used
			by the Notification Manager service.</documentation>
  </annotation>
  <annotation>
    <documentation>Below element tag shows the @RequestWrapper and @ResponseWrapper name and type. 
			The default value of the localName is the operationName for Request wrapper and 
			operationName appended by Response for Response wrapper</documentation>
  </annotation>
  <element name="CloseNotification" type="olp:CloseNotification">
    <annotation>
      <documentation>Close Notification Request jax-ws element wrapper.</documentation>
    </annotation>
  </element>
  <element name="CloseNotificationResponse" type="olp:CloseNotificationResponse">
    <annotation>
      <documentation>Close Notification Response jax-ws element wrapper.</documentation>
    </annotation>
  </element>
  <element name="RetrieveNotificationList" type="olp:RetrieveNotificationList">
    <annotation>
      <documentation>Retrieve Notification List Request jax-ws element wrapper.</documentation>
    </annotation>
  </element>
  <element name="RetrieveNotificationListResponse" type="olp:RetrieveNotificationListResponse">
    <annotation>
      <documentation>Retrieve Notification List Response jax-ws element wrapper.</documentation>
    </annotation>
  </element>
  <element name="Fault" type="olp:Fault">
    <annotation>
      <documentation>NotificationManagement Fault jax-ws element wrapper.</documentation>
    </annotation>
  </element>
  <complexType name="CloseNotification">
    <annotation>
      <documentation>Close Notification request jax-ws wrapper.</documentation>
    </annotation>
    <sequence>
      <element minOccurs="1" maxOccurs="1" name="CloseNotificationRequest" type="olp:CloseNotificationRequest"/>
    </sequence>
  </complexType>
  <complexType name="CloseNotificationResponse">
    <annotation>
      <documentation>Close Notification response jax-ws wrapper.</documentation>
    </annotation>
    <sequence>
      <element minOccurs="1" maxOccurs="1" name="CloseNotificationReply" type="olp:CloseNotificationReply"/>
    </sequence>
  </complexType>
  <complexType name="RetrieveNotificationList">
    <annotation>
      <documentation>Retrieve Notification List request jax-ws wrapper.</documentation>
    </annotation>
    <sequence>
      <element minOccurs="1" maxOccurs="1" name="RetrieveNotificationListRequest" type="olp:RetrieveNotificationListRequest"/>
    </sequence>
  </complexType>
  <complexType name="RetrieveNotificationListResponse">
    <annotation>
      <documentation>Retrieve Notification List response jax-ws wrapper.</documentation>
    </annotation>
    <sequence>
      <element minOccurs="1" maxOccurs="1" name="RetrieveNotificationListReply" type="olp:RetrieveNotificationListReply"/>
    </sequence>
  </complexType>
  <complexType name="RetrieveNotificationListReply">
    <annotation>
      <documentation>Retrieve Notification List Response.</documentation>
    </annotation>
    <sequence>
      <element name="notificationList" type="olp:Notification" nillable="true" maxOccurs="200" minOccurs="0">
        <annotation>
          <documentation>Element to hold the Notification Objects</documentation>
        </annotation>
      </element>
      <element name="totalNumberOfRecords" type="int" maxOccurs="1" minOccurs="0">
        <annotation>
          <documentation>The total number of records in the list</documentation>
        </annotation>
      </element>
      <element minOccurs="1" maxOccurs="1" name="responseCode" type="string">
        <annotation>
          <documentation>
            Response Code
            <br/>
            <br/>
            00 : Success
            <br/>
            <br/>
            01 : Failure
          </documentation>
        </annotation>
      </element>
      <element name="olpBusinessException" type="olp:OlpBusinessException" maxOccurs="1" minOccurs="0">
        <annotation>
          <documentation>Element to hold olpBusinessException</documentation>
        </annotation>
      </element>
    </sequence>
  </complexType>
  <complexType name="RetrieveNotificationListRequest">
    <annotation>
      <documentation>Retrieve Notification List Request.</documentation>
    </annotation>
    <sequence>
      <element name="notificationSearchCriteria" type="olp:NotificationSearchCriteria" maxOccurs="1" minOccurs="1">
        <annotation>
          <documentation>Element to hold the Notification Search Criteria</documentation>
        </annotation>
      </element>
      <element minOccurs="1" maxOccurs="1" name="pagination" type="olp:Pagination">
        <annotation>
          <documentation>Element to hold the pagination.</documentation>
        </annotation>
      </element>
    </sequence>
  </complexType>
  <complexType name="CloseNotificationRequest">
    <annotation>
      <documentation>Close Notification Request.</documentation>
    </annotation>
    <sequence>
      <element name="notificationDetails" type="olp:NotificationDetails" maxOccurs="200" minOccurs="1">
        <annotation>
          <documentation>Element to hold the notification details.</documentation>
        </annotation>
      </element>
    </sequence>
  </complexType>
  <complexType name="CloseNotificationReply">
    <annotation>
      <documentation>Close Notification Response.</documentation>
    </annotation>
    <sequence>
      <element minOccurs="1" maxOccurs="1" name="responseCode" type="string">
        <annotation>
          <documentation>
            Response Code
            <br/>
            <br/>
            00 : Success
            <br/>
            <br/>
            01 : Failure
          </documentation>
        </annotation>
      </element>
      <element name="olpBusinessException" type="olp:OlpBusinessException" maxOccurs="1" minOccurs="0">
        <annotation>
          <documentation>Element to hold olpBusinessException</documentation>
        </annotation>
      </element>
    </sequence>
  </complexType>
  <complexType name="NotificationSearchCriteria">
    <annotation>
      <documentation>Notification Search Criteria.</documentation>
    </annotation>
    <sequence>
      <element name="fromDate" type="date" maxOccurs="1" minOccurs="0">
        <annotation>
          <documentation>The start date in the date criteria on or after which the Notification was sent.</documentation>
        </annotation>
      </element>
      <element name="toDate" type="date" maxOccurs="1" minOccurs="0">
        <annotation>
          <documentation>The end date in the date criteria on or before which the Notification was sent.</documentation>
        </annotation>
      </element>
      <element name="referenceIdType" type="int" maxOccurs="1" minOccurs="0">
        <annotation>
          <documentation>
            The unique Id of the Reference Module of the notification.
            <br/>
            <br/>
            <b>1 : Consumer Registration</b>
            <br/>
            <br/>
            <b>2 : Consumer Management</b>
            <br/>
            <br/>
            <b>3 : Merchant Onboarding</b>
            <br/>
            <br/>
            <b>4 : Merchant Management</b>
            <br/>
            <br/>
            <b>5 : Merchant testing</b>
            <br/>
            <br/>
            <b>6 : Bank Onboarding Package</b>
            <br/>
            <br/>
            <b>7 : Refund</b>
            <br/>
            <br/>
            <b>8 : Reconciliation</b>
            <br/>
            <br/>
            <b>9 : Settlement</b>
            <br/>
            <br/>
            <b>10 : Dispute</b>
            <br/>
            <br/>
            <b>11 : Service Support</b>
            <br/>
            <br/>
            <b>12 : Reports</b>
          </documentation>
        </annotation>
      </element>
      <element name="notificationType" type="int" maxOccurs="1" minOccurs="0">
        <annotation>
          <documentation>
            The type of notification
            <br/>
            <br/>
            <b>1 : FYA</b>
            <br/>
            <br/>
            <b>2 : FYI</b>
          </documentation>
        </annotation>
      </element>
    </sequence>
  </complexType>
  <complexType name="OlpBusinessException">
    <sequence>
      <element minOccurs="1" maxOccurs="1" name="errorCode" type="string">
        <annotation>
          <documentation>Error code of the exception occurred.</documentation>
        </annotation>
      </element>
      <element minOccurs="1" maxOccurs="1" name="errorMessage" type="string">
        <annotation>
          <documentation>Error message of the exception occurred.</documentation>
        </annotation>
      </element>
      <element minOccurs="0" maxOccurs="1" name="reasonCode" type="string">
        <annotation>
          <documentation>Reason code of the exception occurred.</documentation>
        </annotation>
      </element>
      <element minOccurs="0" maxOccurs="1" name="reasonDescription" type="string">
        <annotation>
          <documentation>Reason Description of the exception occurred.</documentation>
        </annotation>
      </element>
    </sequence>
  </complexType>
  <complexType name="Fault">
    <sequence>
      <element minOccurs="1" maxOccurs="1" name="faultCode" type="string">
        <annotation>
          <documentation>Fault Type of the fault occurred.</documentation>
        </annotation>
      </element>
      <element minOccurs="1" maxOccurs="1" name="faultString" type="string">
        <annotation>
          <documentation>Errormessage of the fault occurred.</documentation>
        </annotation>
      </element>
      <element minOccurs="1" maxOccurs="1" name="timeStamp" type="dateTime">
        <annotation>
          <documentation>Time when the fault occurred.</documentation>
        </annotation>
      </element>
    </sequence>
  </complexType>
  <complexType name="Notification">
    <annotation>
      <documentation>Notification details.</documentation>
    </annotation>
    <sequence>
      <element name="taskId" type="long" maxOccurs="1" minOccurs="1">
        <annotation>
          <documentation>The task Id corresponding to the notification.</documentation>
        </annotation>
      </element>
      <element name="notificationMessage" type="string" maxOccurs="1" minOccurs="1">
        <annotation>
          <documentation>The notification message(text).</documentation>
        </annotation>
      </element>
      <element name="notificationDate" type="dateTime" maxOccurs="1" minOccurs="1">
        <annotation>
          <documentation>Time and Date at which the notification was sent.</documentation>
        </annotation>
      </element>
      <element name="referenceId" type="long" maxOccurs="1" minOccurs="1">
        <annotation>
          <documentation>The unique Id of the reference module.</documentation>
        </annotation>
      </element>
      <element name="referenceIdType" type="int" maxOccurs="1" minOccurs="1">
        <annotation>
          <documentation>
            The unique Id of the Reference Module of the notification.
            <br/>
            <br/>
            <b>1 : Consumer Registration</b>
            <br/>
            <br/>
            <b>2 : Consumer Management</b>
            <br/>
            <br/>
            <b>3 : Merchant Onboarding</b>
            <br/>
            <br/>
            <b>4 : Merchant Management</b>
            <br/>
            <br/>
            <b>5 : Merchant testing</b>
            <br/>
            <br/>
            <b>6 : Bank Onboarding Package</b>
            <br/>
            <br/>
            <b>7 : Refund</b>
            <br/>
            <br/>
            <b>8 : Reconciliation</b>
            <br/>
            <br/>
            <b>9 : Settlement</b>
            <br/>
            <br/>
            <b>10 : Dispute</b>
            <br/>
            <br/>
            <b>11 : Service Support</b>
            <br/>
            <br/>
            <b>12 : Reports</b>
          </documentation>
        </annotation>
      </element>
      <element name="notificationType" type="int" maxOccurs="1" minOccurs="1">
        <annotation>
          <documentation>
            The type of notification
            <br/>
            <br/>
            <b>1 : FYA</b>
            <br/>
            <br/>
            <b>2 : FYI</b>
          </documentation>
        </annotation>
      </element>
      <element name="nTFId" type="string" maxOccurs="1" minOccurs="1">
        <annotation>
          <documentation>The unique Id of the notification (message) in business perspective.</documentation>
        </annotation>
      </element>
      <element name="customer" type="olp:Customer" maxOccurs="1" minOccurs="1">
        <annotation>
          <documentation>Element to hold the Customer Object.
						Contains the details of the customer to whom the notification is intended.</documentation>
        </annotation>
      </element>
    </sequence>
  </complexType>
  <complexType name="Customer">
    <sequence>
      <element minOccurs="1" maxOccurs="1" name="customerId" type="long">
        <annotation>
          <documentation>
            The unique Id of the customer(MerchantId or OLPId or BankCode).
            <br/>
            <br/>
            BankCode will be there only if Notification is intended to specific bank.
            <br/>
            <br/>
            If the Notification is for all banks or SADAD, customer Id will not be present.
          </documentation>
        </annotation>
      </element>
      <element minOccurs="1" maxOccurs="1" name="customerType" type="int">
        <annotation>
          <documentation>
            The type of customer..
            <br/>
            <br/>
            <b>1 : Merchant</b>
            <br/>
            <br/>
            <b>2 : Consumer</b>
            <br/>
            <br/>
            <b>3 : Bank</b>
            <br/>
            <br/>
            <b>4 : SADAD</b>
          </documentation>
        </annotation>
      </element>
    </sequence>
  </complexType>
  <complexType name="Pagination">
    <sequence>
      <element minOccurs="0" maxOccurs="1" name="startIndex" type="int">
        <annotation>
          <documentation>The start Index for the pagination.</documentation>
        </annotation>
      </element>
      <element minOccurs="0" maxOccurs="1" name="totalNumberOfRecords" type="int">
        <annotation>
          <documentation>The total number of records to be retrieved for a single page.</documentation>
        </annotation>
      </element>
      <element minOccurs="0" maxOccurs="1" name="sortingOrder" type="int">
        <annotation>
          <documentation>
            Sorting order :
            <br/>
            1:ascending
            <br/>
            2:descending
            <br/>
            Note : default value is descending
          </documentation>
        </annotation>
      </element>
      <element minOccurs="0" maxOccurs="1" name="sortingIndex" type="string">
        <annotation>
          <documentation>
            These are the possible parameter which are used for sorting:
            <br/>
            notificationType
            <br/>
            notificationDate
            <br/>
            Note : 	notificationType is default parameter for sorting .
          </documentation>
        </annotation>
      </element>
    </sequence>
  </complexType>
  <complexType name="NotificationDetails">
    <sequence>
      <element name="taskId" type="long" maxOccurs="1" minOccurs="1">
        <annotation>
          <documentation>The task Id corresponding to the notification which needs to be closed.</documentation>
        </annotation>
      </element>
      <element name="referenceId" type="long" maxOccurs="1" minOccurs="0">
        <annotation>
          <documentation>The unique Id of the reference module.</documentation>
        </annotation>
      </element>
      <element name="referenceIdType" type="int" maxOccurs="1" minOccurs="0">
        <annotation>
          <documentation>
            The unique Id of the Reference Module to which the notification belongs.
            <br/>
            <br/>
            <b>1 : Consumer Registration</b>
            <br/>
            <br/>
            <b>2 : Consumer Management</b>
            <br/>
            <br/>
            <b>3 : Merchant Onboarding</b>
            <br/>
            <br/>
            <b>4 : Merchant Management</b>
            <br/>
            <br/>
            <b>5 : Merchant testing</b>
            <br/>
            <br/>
            <b>6 : Bank Onboarding Package</b>
            <br/>
            <br/>
            <b>7 : Refund</b>
            <br/>
            <br/>
            <b>8 : Reconciliation</b>
            <br/>
            <br/>
            <b>9 : Settlement</b>
            <br/>
            <br/>
            <b>10 : Dispute</b>
            <br/>
            <br/>
            <b>11 : Service Support</b>
            <br/>
            <br/>
            <b>12 : Reports</b>
          </documentation>
        </annotation>
      </element>
    </sequence>
  </complexType>
</schema>]]></con:content><con:type>http://www.w3.org/2001/XMLSchema</con:type></con:part></con:definitionCache><con:endpoints><con:endpoint>http://localhost:9080/IssuerWebService/IBNotificationManagerService</con:endpoint></con:endpoints><con:operation id="2ea9cb5b-0961-4903-9298-5e4001122381" isOneWay="false" action="CloseNotification" name="CloseNotification" bindingOperationName="CloseNotification" type="Request-Response" inputName="" receivesAttachments="false" sendsAttachments="false" anonymous="optional"><con:settings/><con:call id="8f4e8b9b-eca0-4d4a-94d6-76ea77e4ad38" name="Request 1"><con:settings><con:setting id="com.eviware.soapui.impl.wsdl.WsdlRequest@request-headers">&lt;xml-fragment/></con:setting></con:settings><con:encoding>UTF-8</con:encoding><con:endpoint>http://192.168.105.110:9080/integration/IssuerWebService/IBNotificationManagerService/1.0</con:endpoint><con:request><![CDATA[<soapenv:Envelope xmlns:soapenv="http://schemas.xmlsoap.org/soap/envelope/" xmlns:olp="http://www.saib.com.sa/OLPWareIssuer/" xmlns:ibn="http://www.saib.com.sa/OLPWareIssuer/IBNotificationManager/">\r
   <soapenv:Header>
      <olp:messageHeader>
         <olp:ProcessContextId>SIBC1955991483443938471</olp:ProcessContextId>
         <olp:businessContextId>TM</olp:businessContextId>
         <olp:applicationContextId>4</olp:applicationContextId>
         <olp:requesterCode>SIBC</olp:requesterCode>
         <olp:machineIPAddress>10.10.21.57</olp:machineIPAddress>
         <olp:userPrincipleName>1026</olp:userPrincipleName>
         <olp:requestedTimestamp>2018-01-03T14:45:33</olp:requestedTimestamp>
         <olp:channelId>1</olp:channelId>
         <olp:LanguageCode>en</olp:LanguageCode>
         <olp:VersionNumber>1.0</olp:VersionNumber>
      </olp:messageHeader>
   </soapenv:Header>
   <soapenv:Body>
      <ibn:CloseNotification>
         <CloseNotificationRequest>
            <notificationDetails>
               <taskId>91547</taskId>
               <referenceId>1000002331</referenceId>
               <referenceIdType>10</referenceIdType>
            </notificationDetails>
         </CloseNotificationRequest>
      </ibn:CloseNotification>
   </soapenv:Body>
</soapenv:Envelope>]]></con:request><con:credentials><con:authType>No Authorization</con:authType></con:credentials><con:jmsConfig JMSDeliveryMode="PERSISTENT"/><con:jmsPropertyConfig/><con:wsaConfig mustUnderstand="NONE" version="200508" action="CloseNotification"/><con:wsrmConfig version="1.2"/></con:call></con:operation><con:operation id="aaf65f74-126f-4f8a-bf00-114735eaedee" isOneWay="false" action="RetrieveNotificationList" name="RetrieveNotificationList" bindingOperationName="RetrieveNotificationList" type="Request-Response" inputName="" receivesAttachments="false" sendsAttachments="false" anonymous="optional"><con:settings/><con:call id="ffcf73e2-6ab3-4771-8652-bd6af0e9e453" name="Request 1"><con:settings><con:setting id="com.eviware.soapui.impl.wsdl.WsdlRequest@request-headers">&lt;xml-fragment/></con:setting></con:settings><con:encoding>UTF-8</con:encoding><con:endpoint>http://192.168.105.110:9080/integration/IssuerWebService/IBNotificationManagerService/1.0</con:endpoint><con:request><![CDATA[<soapenv:Envelope xmlns:soapenv="http://schemas.xmlsoap.org/soap/envelope/" xmlns:olp="http://www.saib.com.sa/OLPWareIssuer/" xmlns:ibn="http://www.saib.com.sa/OLPWareIssuer/IBNotificationManager/">\r
   <soapenv:Header>
      <olp:messageHeader>
         <olp:ProcessContextId>SIBC1955991483443933885</olp:ProcessContextId>
         <olp:businessContextId>TM</olp:businessContextId>
         <olp:applicationContextId>4</olp:applicationContextId>
         <olp:requesterCode>SIBC</olp:requesterCode>
         <olp:machineIPAddress>10.10.21.57</olp:machineIPAddress>
         <olp:userPrincipleName>1026</olp:userPrincipleName>
         <olp:requestedTimestamp>2018-01-03T14:45:33</olp:requestedTimestamp>
         <olp:channelId>1</olp:channelId>
         <olp:LanguageCode>en</olp:LanguageCode>
         <olp:VersionNumber>1.0</olp:VersionNumber>
      </olp:messageHeader>
   </soapenv:Header>
   <soapenv:Body>
      <ibn:RetrieveNotificationList>
         <RetrieveNotificationListRequest>
            <notificationSearchCriteria></notificationSearchCriteria>
            <pagination>
               <startIndex>1</startIndex>
               <totalNumberOfRecords>10</totalNumberOfRecords>
               <sortingOrder>1</sortingOrder>
               <sortingIndex>1</sortingIndex>
            </pagination>
         </RetrieveNotificationListRequest>
      </ibn:RetrieveNotificationList>
   </soapenv:Body>
</soapenv:Envelope>]]></con:request><con:credentials><con:authType>No Authorization</con:authType></con:credentials><con:jmsConfig JMSDeliveryMode="PERSISTENT"/><con:jmsPropertyConfig/><con:wsaConfig mustUnderstand="NONE" version="200508" action="RetrieveNotificationList"/><con:wsrmConfig version="1.2"/></con:call></con:operation></con:interface><con:properties/><con:wssContainer/><con:oAuth2ProfileContainer/><con:oAuth1ProfileContainer/><con:databaseConnectionContainer/><con:reporting><con:xmlTemplates/><con:parameters/></con:reporting><con:sensitiveInformation/></con:soapui-project>