<?xml version="1.0" encoding="UTF-8"?>
<con:soapui-project id="14c287c5-eb6c-4b4a-8aff-d843982c7ec4" activeEnvironment="Default" name="MerchantTestManagerDataPower's WSDL" resourceRoot="${projectDir}" soapui-version="5.4.0" abortOnError="false" runType="SEQUENTIAL" xmlns:con="http://eviware.com/soapui/config"><con:settings/><con:interface xsi:type="con:WsdlInterface" id="6cb84d1c-3bfc-47a1-ab55-2452364ecafe" wsaVersion="NONE" name="IBMerchantTestManagerBinding" type="wsdl" bindingName="{http://www.saib.com.sa/OLPWareAcquirer/IBMerchantTestManager/}IBMerchantTestManagerBinding" soapVersion="1_2" anonymous="optional" definition="file:/C:/SAIB/OLP%20Modules%20Docu/TestData/OLP%20Test%20Data/DataPower's%20WSDL/IBMerchantTestManager.wsdl" xmlns:xsi="http://www.w3.org/2001/XMLSchema-instance"><con:settings/><con:definitionCache type="TEXT" rootPart="file:\C:\SAIB\OLP%20Modules%20Docu\TestData\OLP%20Test%20Data\DataPower's%20WSDL\IBMerchantTestManager.wsdl"><con:part><con:url>file:\C:\SAIB\OLP%20Modules%20Docu\TestData\OLP%20Test%20Data\DataPower's%20WSDL\IBMerchantTestManager.wsdl</con:url><con:content><![CDATA[<!--Copyright All Rights Reserved. This software is the
	proprietary information of SADAD. Use is subject to license terms.-->
<!--Version - V1.3-->
<definitions name="IBMerchantTestManager" targetNamespace="http://www.saib.com.sa/OLPWareAcquirer/IBMerchantTestManager/" xmlns="http://schemas.xmlsoap.org/wsdl/" xmlns:ds="http://www.w3.org/2000/09/xmldsig#" xmlns:header="http://www.saib.com.sa/OLPWareAcquirer/" xmlns:olp="http://www.saib.com.sa/OLPWareAcquirer/IBMerchantTestManager/" xmlns:soap="http://schemas.xmlsoap.org/wsdl/soap12/" xmlns:tns="http://www.saib.com.sa/OLPWareAcquirer/IBMerchantTestManager/" xmlns:wsam="http://www.w3.org/2007/05/addressing/metadata" xmlns:wsdl="http://schemas.xmlsoap.org/wsdl/" xmlns:wsp="http://www.w3.org/ns/ws-policy" xmlns:wsp1_2="http://schemas.xmlsoap.org/ws/2004/09/policy" xmlns:wsu="http://docs.oasis-open.org/wss/2004/01/oasis-200401-wss-wssecurity-utility-1.0.xsd" xmlns:xsd="http://www.w3.org/2001/XMLSchema">
  <wsdl:documentation>
    Merchant Test manager service definition is used to perform the operations related with 
		merchant testing process. This includes
    <br/>
    1. Initiating merchant test
    <br/>
    2. Retrieval of merchant test list
    <br/>
    3. Initiating Merchant test review
    <br/>
  </wsdl:documentation>
  <wsdl:import location="MessageHeader.wsdl" namespace="http://www.saib.com.sa/OLPWareAcquirer/"/>
  <types>
    <xsd:schema>
      <xsd:import namespace="http://www.saib.com.sa/OLPWareAcquirer/IBMerchantTestManager/" schemaLocation="IBMerchantTestManager.xsd"/>
    </xsd:schema>
  </types>
  <wsdl:message name="MessageHeader">
    <wsdl:part element="header:messageHeader" name="messageHeader"/>
  </wsdl:message>
  <message name="InitiateMerchantTest">
    <part element="tns:InitiateMerchantTest" name="parameters"/>
  </message>
  <message name="InitiateMerchantTestResponse">
    <part element="tns:InitiateMerchantTestResponse" name="parameters"/>
  </message>
  <message name="RetrieveMerchantTestList">
    <part element="tns:RetrieveMerchantTestList" name="parameters"/>
  </message>
  <message name="RetrieveMerchantTestListResponse">
    <part element="tns:RetrieveMerchantTestListResponse" name="parameters"/>
  </message>
  <message name="InitiateMerchantTestReview">
    <part element="tns:InitiateMerchantTestReview" name="parameters"/>
  </message>
  <message name="InitiateMerchantTestReviewResponse">
    <part element="tns:InitiateMerchantTestReviewResponse" name="parameters"/>
  </message>
  <portType name="IBMerchantTestManager">
    <operation name="InitiateMerchantTest">
      <wsdl:documentation>Initiate Merchant Test - Operation name, input wrapper, output wrapper and fault wrapper.</wsdl:documentation>
      <input message="tns:InitiateMerchantTest"/>
      <output message="tns:InitiateMerchantTestResponse"/>
    </operation>
    <operation name="RetrieveMerchantTestList">
      <wsdl:documentation>Retrieve Merchant Test List - Operation name, input wrapper, output wrapper and fault wrapper.</wsdl:documentation>
      <input message="tns:RetrieveMerchantTestList"/>
      <output message="tns:RetrieveMerchantTestListResponse"/>
    </operation>
    <operation name="InitiateMerchantTestReview">
      <wsdl:documentation>Initiate Merchant Test Review List - Operation name, input wrapper, output wrapper and fault wrapper.</wsdl:documentation>
      <input message="tns:InitiateMerchantTestReview"/>
      <output message="tns:InitiateMerchantTestReviewResponse"/>
    </operation>
  </portType>
  <binding name="IBMerchantTestManagerBinding" type="tns:IBMerchantTestManager">
    <soap:binding style="document" transport="http://schemas.xmlsoap.org/soap/http"/>
    <operation name="InitiateMerchantTest">
      <soap:operation soapAction="InitiateMerchantTest"/>
      <input>
        <soap:body use="literal"/>
        <soap:header message="header:HeaderMessage" part="Header" use="literal"/>
      </input>
      <output>
        <soap:body use="literal"/>
      </output>
    </operation>
    <operation name="RetrieveMerchantTestList">
      <soap:operation soapAction="RetrieveMerchantTestList"/>
      <input>
        <soap:body use="literal"/>
        <soap:header message="header:HeaderMessage" part="Header" use="literal"/>
      </input>
      <output>
        <soap:body use="literal"/>
      </output>
    </operation>
    <operation name="InitiateMerchantTestReview">
      <soap:operation soapAction="InitiateMerchantTestReview"/>
      <input>
        <soap:body use="literal"/>
        <soap:header message="header:HeaderMessage" part="Header" use="literal"/>
      </input>
      <output>
        <soap:body use="literal"/>
      </output>
    </operation>
  </binding>
  <service name="IBMerchantTestManagerService">
    <wsdl:documentation>URL where the service is hosted. (To be updated with test/production server URL)</wsdl:documentation>
    <port binding="tns:IBMerchantTestManagerBinding" name="IBMerchantTestManagerPort">
      <soap:address location="http://localhost:9080/AcquirerWebService/IBMerchantTestManagerService"/>
    </port>
  </service>
</definitions>]]></con:content><con:type>http://schemas.xmlsoap.org/wsdl/</con:type></con:part><con:part><con:url>file:\C:\SAIB\OLP%20Modules%20Docu\TestData\OLP%20Test%20Data\DataPower's%20WSDL\MessageHeader.wsdl</con:url><con:content><![CDATA[<wsdl:definitions targetNamespace="http://www.saib.com.sa/OLPWareAcquirer/" xmlns:s2="http://www.saib.com.sa/OLPWareAcquirer/" xmlns:wsdl="http://schemas.xmlsoap.org/wsdl/" xmlns:xsd="http://www.w3.org/2001/XMLSchema">
  <wsdl:types>
    <xsd:schema targetNamespace="http://www.saib.com.sa/OLPWareAcquirer/">
      <xsd:include schemaLocation="MessageHeader.xsd"/>
    </xsd:schema>
  </wsdl:types>
  <wsdl:message name="HeaderMessage">
    <wsdl:part element="s2:messageHeader" name="Header"/>
  </wsdl:message>
</wsdl:definitions>]]></con:content><con:type>http://schemas.xmlsoap.org/wsdl/</con:type></con:part><con:part><con:url>file:\C:\SAIB\OLP%20Modules%20Docu\TestData\OLP%20Test%20Data\DataPower's%20WSDL\MessageHeader.xsd</con:url><con:content><![CDATA[<xsd:schema xml:lang="en" elementFormDefault="qualified" attributeFormDefault="unqualified" targetNamespace="http://www.saib.com.sa/OLPWareAcquirer/" xmlns="http://www.saib.com.sa/OLPWareAcquirer/" xmlns:xsd="http://www.w3.org/2001/XMLSchema">
  <xsd:element name="messageHeader">
    <xsd:complexType>
      <xsd:sequence>
        <xsd:element name="ProcessContextId" minOccurs="1" maxOccurs="1">
          <xsd:simpleType>
            <xsd:restriction base="xsd:string">
              <xsd:maxLength value="50"/>
            </xsd:restriction>
          </xsd:simpleType>
        </xsd:element>
        <xsd:element name="businessContextId" minOccurs="1" maxOccurs="1">
          <xsd:simpleType>
            <xsd:restriction base="xsd:string">
              <xsd:maxLength value="2"/>
            </xsd:restriction>
          </xsd:simpleType>
        </xsd:element>
        <xsd:element name="applicationContextId" type="xsd:int" minOccurs="1" maxOccurs="1"/>
        <xsd:element name="requesterCode" minOccurs="1" maxOccurs="1">
          <xsd:simpleType>
            <xsd:restriction base="xsd:string">
              <xsd:maxLength value="20"/>
            </xsd:restriction>
          </xsd:simpleType>
        </xsd:element>
        <xsd:element name="machineIPAddress" minOccurs="1" maxOccurs="1">
          <xsd:simpleType>
            <xsd:restriction base="xsd:string">
              <xsd:maxLength value="23"/>
            </xsd:restriction>
          </xsd:simpleType>
        </xsd:element>
        <xsd:element name="userPrincipleName" minOccurs="1" maxOccurs="1">
          <xsd:simpleType>
            <xsd:restriction base="xsd:string">
              <xsd:maxLength value="15"/>
            </xsd:restriction>
          </xsd:simpleType>
        </xsd:element>
        <xsd:element name="requestedTimestamp" type="xsd:dateTime" minOccurs="1" maxOccurs="1"/>
        <xsd:element name="channelId" minOccurs="1" maxOccurs="1">
          <xsd:simpleType>
            <xsd:restriction base="xsd:int">
              <xsd:totalDigits value="2"/>
            </xsd:restriction>
          </xsd:simpleType>
        </xsd:element>
        <xsd:element name="LanguageCode" minOccurs="0" maxOccurs="1">
          <xsd:simpleType>
            <xsd:restriction base="xsd:string">
              <xsd:maxLength value="20"/>
            </xsd:restriction>
          </xsd:simpleType>
        </xsd:element>
        <xsd:element name="VersionNumber" minOccurs="0" maxOccurs="1">
          <xsd:simpleType>
            <xsd:restriction base="xsd:string">
              <xsd:maxLength value="20"/>
            </xsd:restriction>
          </xsd:simpleType>
        </xsd:element>
      </xsd:sequence>
    </xsd:complexType>
  </xsd:element>
</xsd:schema>]]></con:content><con:type>http://www.w3.org/2001/XMLSchema</con:type></con:part><con:part><con:url>file:\C:\SAIB\OLP%20Modules%20Docu\TestData\OLP%20Test%20Data\DataPower's%20WSDL\IBMerchantTestManager.xsd</con:url><con:content><![CDATA[<!--Copyright All Rights Reserved. This software is the
	proprietary information of SADAD. Use is subject to license terms.-->
<xs:schema targetNamespace="http://www.saib.com.sa/OLPWareAcquirer/IBMerchantTestManager/" version="1.0" xmlns:xs="http://www.w3.org/2001/XMLSchema" xmlns:tns="http://www.saib.com.sa/OLPWareAcquirer/IBMerchantTestManager/" xmlns:xsd="http://www.w3.org/2001/XMLSchema">
  <xsd:annotation>
    <xsd:documentation>This schema defines the data transfer objects used
			by the OLP Merchant Manager service.</xsd:documentation>
  </xsd:annotation>
  <xsd:annotation>
    <xsd:documentation>Below element tag shows the @RequestWrapper and @ResponseWrapper name and type. 
			The default value of the localName is the operationName for Request wrapper and 
			operationName appended by Response for Response wrapper</xsd:documentation>
  </xsd:annotation>
  <xs:element name="Fault" type="tns:Fault">
    <xsd:annotation>
      <xsd:documentation>MerchantTestManagementFault element wrapper.</xsd:documentation>
    </xsd:annotation>
  </xs:element>
  <xs:element name="InitiateMerchantTest">
    <xs:complexType>
      <xs:sequence>
        <xs:element minOccurs="1" maxOccurs="1" name="InitiateMerchantTestRequest">
          <xs:complexType>
            <xs:sequence>
              <xs:element minOccurs="1" maxOccurs="1" name="bopId" type="xs:long"></xs:element>
              <xs:element minOccurs="1" maxOccurs="1" name="bopVersion" type="xs:string"/>
            </xs:sequence>
          </xs:complexType>
        </xs:element>
      </xs:sequence>
    </xs:complexType>
  </xs:element>
  <xs:element name="InitiateMerchantTestResponse">
    <xs:complexType>
      <xs:sequence>
        <xs:element minOccurs="1" maxOccurs="1" name="InitiateMerchantTestReply">
          <xs:complexType>
            <xs:sequence>
              <xs:element minOccurs="1" maxOccurs="1" name="responseCode" type="xs:string"/>
              <xs:element minOccurs="0" maxOccurs="1" name="testRequestId" type="xs:long"/>
              <xs:element minOccurs="0" maxOccurs="1" name="olpBusinessException" type="tns:OlpBusinessException"/>
            </xs:sequence>
          </xs:complexType>
        </xs:element>
      </xs:sequence>
    </xs:complexType>
  </xs:element>
  <xs:element name="RetrieveMerchantTestList">
    <xs:complexType>
      <xs:sequence>
        <xs:element minOccurs="1" maxOccurs="1" name="RetrieveMerchantTestListRequest">
          <xs:complexType>
            <xs:sequence>
              <xs:element minOccurs="1" maxOccurs="1" name="merchantTestSearchCriteria" type="tns:MerchantTestSearchCriteria"></xs:element>
              <xs:element minOccurs="1" maxOccurs="1" name="pagination" type="tns:Pagination"></xs:element>
            </xs:sequence>
          </xs:complexType>
        </xs:element>
      </xs:sequence>
    </xs:complexType>
  </xs:element>
  <xs:element name="RetrieveMerchantTestListResponse">
    <xs:complexType>
      <xs:sequence>
        <xs:element minOccurs="1" maxOccurs="1" name="RetrieveMerchantTestListReply">
          <xs:complexType>
            <xs:sequence>
              <xs:element minOccurs="0" maxOccurs="200" nillable="true" name="merchantTestList" type="tns:MerchantTest"></xs:element>
              <xs:element minOccurs="0" maxOccurs="1" name="totalNumberOfRecords" type="xs:int">
                <xsd:annotation>
                  <xsd:documentation>Total number of records</xsd:documentation>
                </xsd:annotation>
              </xs:element>
              <xs:element minOccurs="1" maxOccurs="1" name="responseCode" type="xs:string">
                <xsd:annotation>
                  <xsd:documentation>
                    Response Code :
                    <br/>
                    00 : Success
                    <br/>
                    01 : Failure
                  </xsd:documentation>
                </xsd:annotation>
              </xs:element>
              <xs:element minOccurs="0" maxOccurs="1" name="olpBusinessException" type="tns:OlpBusinessException">
                <xsd:annotation>
                  <xsd:documentation>Element to hold olpBusinessException</xsd:documentation>
                </xsd:annotation>
              </xs:element>
            </xs:sequence>
          </xs:complexType>
        </xs:element>
      </xs:sequence>
    </xs:complexType>
  </xs:element>
  <xs:element name="InitiateMerchantTestReview">
    <xs:complexType>
      <xs:sequence>
        <xs:element minOccurs="1" maxOccurs="1" name="InitiateMerchantTestReviewRequest">
          <xs:complexType>
            <xs:sequence>
              <xs:element minOccurs="1" maxOccurs="1" name="testRequestId" type="xs:long">
                <xsd:annotation>
                  <xsd:documentation>Unique ID generated after successful initiation of merchant testing Request.</xsd:documentation>
                </xsd:annotation>
              </xs:element>
            </xs:sequence>
          </xs:complexType>
        </xs:element>
      </xs:sequence>
    </xs:complexType>
  </xs:element>
  <xs:element name="InitiateMerchantTestReviewResponse">
    <xs:complexType>
      <xs:sequence>
        <xs:element minOccurs="1" maxOccurs="1" name="InitiateMerchantTestReviewReply">
          <xs:complexType>
            <xs:sequence>
              <xs:element name="testReviewId" maxOccurs="1" minOccurs="0" type="xs:long">
                <xsd:annotation>
                  <xsd:documentation>Unique ID generated after successful initiation of test results review by merchant.</xsd:documentation>
                </xsd:annotation>
              </xs:element>
              <xs:element minOccurs="1" maxOccurs="1" name="responseCode" type="xs:string">
                <xsd:annotation>
                  <xsd:documentation>
                    Response Code :
                    <br/>
                    00 : Success
                    <br/>
                    01 : Failure
                  </xsd:documentation>
                </xsd:annotation>
              </xs:element>
              <xs:element minOccurs="0" maxOccurs="1" name="olpBusinessException" type="tns:OlpBusinessException">
                <xsd:annotation>
                  <xsd:documentation>Element to hold olpBusinessException</xsd:documentation>
                </xsd:annotation>
              </xs:element>
            </xs:sequence>
          </xs:complexType>
        </xs:element>
      </xs:sequence>
    </xs:complexType>
  </xs:element>
  <!--Below given are the request and response elements and corresponding attributes.-->
  <xs:complexType name="OlpBusinessException">
    <xs:sequence>
      <xs:element minOccurs="1" maxOccurs="1" name="errorCode" type="xs:string">
        <xsd:annotation>
          <xsd:documentation>Error code of the exception occured</xsd:documentation>
        </xsd:annotation>
      </xs:element>
      <xs:element minOccurs="1" maxOccurs="1" name="errorMessage" type="xs:string">
        <xsd:annotation>
          <xsd:documentation>Error message of the exception occured</xsd:documentation>
        </xsd:annotation>
      </xs:element>
      <xs:element minOccurs="0" maxOccurs="1" name="reasonCode" type="xs:string">
        <xsd:annotation>
          <xsd:documentation>Reason code of the exception occured</xsd:documentation>
        </xsd:annotation>
      </xs:element>
      <xs:element minOccurs="0" maxOccurs="1" name="reasonDescription" type="xs:string">
        <xsd:annotation>
          <xsd:documentation>Reason Description of the exception occured</xsd:documentation>
        </xsd:annotation>
      </xs:element>
    </xs:sequence>
  </xs:complexType>
  <xs:complexType name="Fault">
    <xs:sequence>
      <xs:element minOccurs="1" maxOccurs="1" name="faultCode" type="xs:string">
        <xsd:annotation>
          <xsd:documentation>Fault Type of the fault occurred.</xsd:documentation>
        </xsd:annotation>
      </xs:element>
      <xs:element minOccurs="1" maxOccurs="1" name="faultString" type="xs:string">
        <xsd:annotation>
          <xsd:documentation>This element contains error information related to the SOAP fault codes, that describes the fault.</xsd:documentation>
        </xsd:annotation>
      </xs:element>
      <xs:element minOccurs="1" maxOccurs="1" name="timeStamp" type="xs:dateTime">
        <xsd:annotation>
          <xsd:documentation>Time when the fault occurred.</xsd:documentation>
        </xsd:annotation>
      </xs:element>
    </xs:sequence>
  </xs:complexType>
  <xs:complexType name="Pagination">
    <xs:sequence>
      <xs:element minOccurs="0" maxOccurs="1" name="startIndex" type="xs:int">
        <xsd:annotation>
          <xsd:documentation>Index for pagination</xsd:documentation>
        </xsd:annotation>
      </xs:element>
      <xs:element minOccurs="0" maxOccurs="1" name="numberOfRecords" type="xs:int">
        <xsd:annotation>
          <xsd:documentation>Number of records</xsd:documentation>
        </xsd:annotation>
      </xs:element>
      <xs:element minOccurs="0" maxOccurs="1" name="sortingOrder" type="xs:int">
        <xsd:annotation>
          <xsd:documentation>
            Sorting order :
            <br/>
            1:ascending
            <br/>
            2:descending
            <br/>
            Note : default value is descending
          </xsd:documentation>
        </xsd:annotation>
      </xs:element>
      <xs:element minOccurs="0" maxOccurs="1" name="sortingIndex" type="xs:string">
        <xsd:annotation>
          <xsd:documentation>
            These are the possible parameter which are used for sorting:
            <br/>
            testRequestId
            <br/>
            requestedDate
            <br/>
            bopVersion
            <br/>
            testStartDate
            <br/>
            testEndDate
            <br/>
            status
            <br/>
            testStartDate
            <br/>
            Note : 		testRequestId is default parameter for sorting .
          </xsd:documentation>
        </xsd:annotation>
      </xs:element>
    </xs:sequence>
  </xs:complexType>
  <xs:complexType name="MerchantTestSearchCriteria">
    <xs:sequence>
      <xs:element minOccurs="0" maxOccurs="1" name="merchantId" type="xs:long">
        <xsd:annotation>
          <xsd:documentation>Unique ID of the Merchant.</xsd:documentation>
        </xsd:annotation>
      </xs:element>
      <xs:element minOccurs="0" maxOccurs="1" name="testRequestId" type="xs:long">
        <xsd:annotation>
          <xsd:documentation>Unique ID generated after successful initiation of merchant testing Request.</xsd:documentation>
        </xsd:annotation>
      </xs:element>
      <xs:element minOccurs="0" maxOccurs="1" name="status" type="xs:int">
        <xsd:annotation>
          <xsd:documentation>
            Status of the merchant test request :
            <br/>
            1 : Approval pending
            <br/>
            2 : Request Rejected
            <br/>
            3 : Testing initiated
            <br/>
            4 : Test review pending
            <br/>
            5 : Test Review Failed
            <br/>
            6 : Testing Completed
            <br/>
            7 : Testing Failed
          </xsd:documentation>
        </xsd:annotation>
      </xs:element>
      <xs:element minOccurs="0" maxOccurs="1" name="startDate" type="xs:date">
        <xsd:annotation>
          <xsd:documentation>Start date(YYYY-MM-DD) range within which the Merchant has initiated test request</xsd:documentation>
        </xsd:annotation>
      </xs:element>
      <xs:element minOccurs="0" maxOccurs="1" name="endDate" type="xs:date">
        <xsd:annotation>
          <xsd:documentation>End date(YYYY-MM-DD) range within which the Merchant has initiated test request</xsd:documentation>
        </xsd:annotation>
      </xs:element>
    </xs:sequence>
  </xs:complexType>
  <xs:complexType name="MerchantTest">
    <xs:sequence>
      <xs:element name="merchantId" type="xs:long" maxOccurs="1" minOccurs="1">
        <xsd:annotation>
          <xsd:documentation>The unique Id of the Merchant.</xsd:documentation>
        </xsd:annotation>
      </xs:element>
      <xs:element minOccurs="1" maxOccurs="1" name="bopId" type="xs:long">
        <xsd:annotation>
          <xsd:documentation>The unique Id of the Bank Onboarding Package.</xsd:documentation>
        </xsd:annotation>
      </xs:element>
      <xs:element minOccurs="1" maxOccurs="1" name="bopVersion" type="xs:string">
        <xsd:annotation>
          <xsd:documentation>The version of the Bank Onboarding Package.</xsd:documentation>
        </xsd:annotation>
      </xs:element>
      <xs:element minOccurs="0" maxOccurs="1" name="testStartDate" type="xs:date">
        <xsd:annotation>
          <xsd:documentation>Date(YYYY-MM-DD) on which the bank user approve the test request initiated by merchant</xsd:documentation>
        </xsd:annotation>
      </xs:element>
      <xs:element minOccurs="0" maxOccurs="1" name="testEndDate" type="xs:date">
        <xsd:annotation>
          <xsd:documentation>Date(YYYY-MM-DD) on which merchant testing process has to be completed.</xsd:documentation>
        </xsd:annotation>
      </xs:element>
      <xs:element minOccurs="0" maxOccurs="1" name="testReviewDate" type="xs:date">
        <xsd:annotation>
          <xsd:documentation>Date(YYYY-MM-DD) on which test review Id is generated</xsd:documentation>
        </xsd:annotation>
      </xs:element>
      <xs:element minOccurs="1" maxOccurs="1" name="testRequestId" type="xs:long">
        <xsd:annotation>
          <xsd:documentation>Unique ID generated after successful initiation of merchant testing Request.</xsd:documentation>
        </xsd:annotation>
      </xs:element>
      <xs:element minOccurs="0" maxOccurs="1" name="testReviewId" type="xs:long">
        <xsd:annotation>
          <xsd:documentation>Unique ID generated after successful initiation of test results review by merchant.</xsd:documentation>
        </xsd:annotation>
      </xs:element>
      <xs:element minOccurs="1" maxOccurs="1" name="status" type="xs:int">
        <xsd:annotation>
          <xsd:documentation>
            Status of the merchant test request :
            <br/>
            1 : Approval pending
            <br/>
            2 : Request Rejected
            <br/>
            3 : Testing initiated
            <br/>
            4 : Test review pending
            <br/>
            5 : Test Review Failed
            <br/>
            6 : Testing Completed
            <br/>
            7 : Testing Failed
          </xsd:documentation>
        </xsd:annotation>
      </xs:element>
      <xs:element minOccurs="1" maxOccurs="1" name="requestedDate" type="xs:dateTime">
        <xsd:annotation>
          <xsd:documentation>Date and time at which Merchant initiated the test request</xsd:documentation>
        </xsd:annotation>
      </xs:element>
      <xs:element minOccurs="1" maxOccurs="1" name="merchantName" type="xs:string">
        <xsd:annotation>
          <xsd:documentation>Name of the Merchant’s organization</xsd:documentation>
        </xsd:annotation>
      </xs:element>
      <xs:element minOccurs="1" maxOccurs="1" name="registeredDate" type="xs:dateTime">
        <xsd:annotation>
          <xsd:documentation>The date on which Merchant registered to the
						OLP.</xsd:documentation>
        </xsd:annotation>
      </xs:element>
      <xs:element minOccurs="1" maxOccurs="1" name="bankCode" type="xs:string">
        <xsd:annotation>
          <xsd:documentation>Unique code of the Bank.</xsd:documentation>
        </xsd:annotation>
      </xs:element>
    </xs:sequence>
  </xs:complexType>
</xs:schema>]]></con:content><con:type>http://www.w3.org/2001/XMLSchema</con:type></con:part></con:definitionCache><con:endpoints><con:endpoint>http://localhost:9080/AcquirerWebService/IBMerchantTestManagerService</con:endpoint></con:endpoints><con:operation id="13616973-bda6-48c0-838d-de55ea6d9bfe" isOneWay="false" action="InitiateMerchantTest" name="InitiateMerchantTest" bindingOperationName="InitiateMerchantTest" type="Request-Response" inputName="" receivesAttachments="false" sendsAttachments="false" anonymous="optional"><con:settings/><con:call id="288ca0ee-3484-4322-a664-33b558ebeb8f" name="Request 1"><con:settings><con:setting id="com.eviware.soapui.impl.wsdl.WsdlRequest@request-headers">&lt;xml-fragment/></con:setting></con:settings><con:encoding>UTF-8</con:encoding><con:endpoint>http://192.168.105.110:9080/integration/AcquirerWebService/IBMerchantTestManagerService/1.0</con:endpoint><con:request><![CDATA[<soap:Envelope xmlns:soap="http://www.w3.org/2003/05/soap-envelope" xmlns:olp="http://www.saib.com.sa/OLPWareAcquirer/" xmlns:ibm="http://www.saib.com.sa/OLPWareAcquirer/IBMerchantTestManager/">\r
   <soap:Header>\r
     <olp:messageHeader>
         <olp:ProcessContextId>SIBC1955991483443923495</olp:ProcessContextId>
         <olp:businessContextId>TM</olp:businessContextId>
         <olp:applicationContextId>4</olp:applicationContextId>
         <olp:requesterCode>SIBC</olp:requesterCode>
         <olp:machineIPAddress>10.10.21.57</olp:machineIPAddress>
         <olp:userPrincipleName>1026</olp:userPrincipleName>
         <olp:requestedTimestamp>2018-01-03T14:45:33</olp:requestedTimestamp>
         <olp:channelId>1</olp:channelId>
         <olp:LanguageCode>en</olp:LanguageCode>
         <olp:VersionNumber>1.0</olp:VersionNumber>
      </olp:messageHeader>
   </soap:Header>\r
   <soap:Body>\r
      <ibm:InitiateMerchantTest>\r
         <InitiateMerchantTestRequest>\r
            
            <bopVersion>7.9</bopVersion>\r
         </InitiateMerchantTestRequest>\r
      </ibm:InitiateMerchantTest>\r
   </soap:Body>\r
</soap:Envelope>]]></con:request><con:credentials><con:authType>No Authorization</con:authType></con:credentials><con:jmsConfig JMSDeliveryMode="PERSISTENT"/><con:jmsPropertyConfig/><con:wsaConfig mustUnderstand="NONE" version="200508" action="http://www.saib.com.sa/OLPWareAcquirer/IBMerchantTestManager/IBMerchantTestManager/InitiateMerchantTestRequest"/><con:wsrmConfig version="1.2"/></con:call></con:operation><con:operation id="089beed8-bbde-4f99-aae7-bc4d86184ab6" isOneWay="false" action="InitiateMerchantTestReview" name="InitiateMerchantTestReview" bindingOperationName="InitiateMerchantTestReview" type="Request-Response" inputName="" receivesAttachments="false" sendsAttachments="false" anonymous="optional"><con:settings/><con:call id="dea408fa-a3fb-4540-818b-04ac36233e09" name="Request 1"><con:settings><con:setting id="com.eviware.soapui.impl.wsdl.WsdlRequest@request-headers">&lt;xml-fragment/></con:setting></con:settings><con:encoding>UTF-8</con:encoding><con:endpoint>http://192.168.105.110:9080/integration/AcquirerWebService/IBMerchantTestManagerService/1.0</con:endpoint><con:request><![CDATA[<soap:Envelope xmlns:soap="http://www.w3.org/2003/05/soap-envelope" xmlns:olp="http://www.saib.com.sa/OLPWareAcquirer/" xmlns:ibm="http://www.saib.com.sa/OLPWareAcquirer/IBMerchantTestManager/">\r
   <soap:Header>\r
      <olp:messageHeader>
         <olp:ProcessContextId>SIBC1955991483443938473</olp:ProcessContextId>
         <olp:businessContextId>TM</olp:businessContextId>
         <olp:applicationContextId>4</olp:applicationContextId>
         <olp:requesterCode>SIBC</olp:requesterCode>
         <olp:machineIPAddress>10.10.21.57</olp:machineIPAddress>
         <olp:userPrincipleName>1026</olp:userPrincipleName>
         <olp:requestedTimestamp>2018-01-03T14:45:33</olp:requestedTimestamp>
         <olp:channelId>1</olp:channelId>
         <olp:LanguageCode>en</olp:LanguageCode>
         <olp:VersionNumber>1.0</olp:VersionNumber>
      </olp:messageHeader>
   </soap:Header>\r
   <soap:Body>\r
      <ibm:InitiateMerchantTestReview>\r
         <InitiateMerchantTestReviewRequest>\r
            <testRequestId>1000003001</testRequestId>\r
         </InitiateMerchantTestReviewRequest>\r
      </ibm:InitiateMerchantTestReview>\r
   </soap:Body>\r
</soap:Envelope>]]></con:request><con:credentials><con:authType>No Authorization</con:authType></con:credentials><con:jmsConfig JMSDeliveryMode="PERSISTENT"/><con:jmsPropertyConfig/><con:wsaConfig mustUnderstand="NONE" version="200508" action="http://www.saib.com.sa/OLPWareAcquirer/IBMerchantTestManager/IBMerchantTestManager/InitiateMerchantTestReviewRequest"/><con:wsrmConfig version="1.2"/></con:call></con:operation><con:operation id="f89674f0-b0f7-4324-b627-605cdbca9369" isOneWay="false" action="RetrieveMerchantTestList" name="RetrieveMerchantTestList" bindingOperationName="RetrieveMerchantTestList" type="Request-Response" inputName="" receivesAttachments="false" sendsAttachments="false" anonymous="optional"><con:settings/><con:call id="4dd8a2b8-b021-4b9c-ba87-c84ddad55042" name="Request 1"><con:settings><con:setting id="com.eviware.soapui.impl.wsdl.WsdlRequest@request-headers">&lt;xml-fragment/></con:setting></con:settings><con:encoding>UTF-8</con:encoding><con:endpoint>http://192.168.105.110:9080/integration/AcquirerWebService/IBMerchantTestManagerService/1.0</con:endpoint><con:request><![CDATA[<soap:Envelope xmlns:soap="http://www.w3.org/2003/05/soap-envelope" xmlns:olp="http://www.saib.com.sa/OLPWareAcquirer/" xmlns:ibm="http://www.saib.com.sa/OLPWareAcquirer/IBMerchantTestManager/">\r
   <soap:Header>\r
      <olp:messageHeader>
         <olp:ProcessContextId>SIBC1955991483443934684</olp:ProcessContextId>
         <olp:businessContextId>TM</olp:businessContextId>
         <olp:applicationContextId>4</olp:applicationContextId>
         <olp:requesterCode>SIBC</olp:requesterCode>
         <olp:machineIPAddress>10.10.21.57</olp:machineIPAddress>
         <olp:userPrincipleName>1026</olp:userPrincipleName>
         <olp:requestedTimestamp>2018-01-03T14:45:33</olp:requestedTimestamp>
         <olp:channelId>1</olp:channelId>
         <olp:LanguageCode>en</olp:LanguageCode>
         <olp:VersionNumber>1.0</olp:VersionNumber>
      </olp:messageHeader>
   </soap:Header>\r
   <soap:Body>\r
      <ibm:RetrieveMerchantTestList>\r
         <RetrieveMerchantTestListRequest>\r
            <merchantTestSearchCriteria>\r
             <merchantId>1026</merchantId>
             <testRequestId>1000003401</testRequestId>
             <status>6</status>
             <startDate>2016-08-10</startDate>
               <!--Optional:-->
               <endDate>2016-11-10</endDate>
            </merchantTestSearchCriteria>\r
            <pagination>\r
               <!--Optional:-->\r
               <startIndex>1</startIndex>\r
               <!--Optional:-->\r
               <numberOfRecords>10</numberOfRecords>\r
               <!--Optional:-->\r
               <sortingOrder>1</sortingOrder>\r
               <!--Optional:-->\r
               <sortingIndex>1</sortingIndex>\r
            </pagination>\r
         </RetrieveMerchantTestListRequest>\r
      </ibm:RetrieveMerchantTestList>\r
   </soap:Body>\r
</soap:Envelope>]]></con:request><con:credentials><con:authType>No Authorization</con:authType></con:credentials><con:jmsConfig JMSDeliveryMode="PERSISTENT"/><con:jmsPropertyConfig/><con:wsaConfig mustUnderstand="NONE" version="200508" action="http://www.saib.com.sa/OLPWareAcquirer/IBMerchantTestManager/IBMerchantTestManager/RetrieveMerchantTestListRequest"/><con:wsrmConfig version="1.2"/></con:call><con:call id="5eb5dc32-a84a-4272-b530-b87ae47e7497" name="Request 2"><con:settings/><con:encoding>UTF-8</con:encoding><con:endpoint>http://localhost:9080/AcquirerWebService/IBMerchantTestManagerService</con:endpoint><con:request><![CDATA[<soap:Envelope xmlns:soap="http://www.w3.org/2003/05/soap-envelope" xmlns:olp="http://www.saib.com.sa/OLPWareAcquirer/" xmlns:ibm="http://www.saib.com.sa/OLPWareAcquirer/IBMerchantTestManager/">\r
   <soap:Header>\r
      <olp:messageHeader>\r
         <olp:ProcessContextId>?</olp:ProcessContextId>\r
         <olp:businessContextId>?</olp:businessContextId>\r
         <olp:applicationContextId>?</olp:applicationContextId>\r
         <olp:requesterCode>?</olp:requesterCode>\r
         <olp:machineIPAddress>?</olp:machineIPAddress>\r
         <olp:userPrincipleName>?</olp:userPrincipleName>\r
         <olp:requestedTimestamp>?</olp:requestedTimestamp>\r
         <olp:channelId>?</olp:channelId>\r
         <!--Optional:-->\r
         <olp:LanguageCode>?</olp:LanguageCode>\r
         <!--Optional:-->\r
         <olp:VersionNumber>?</olp:VersionNumber>\r
      </olp:messageHeader>\r
   </soap:Header>\r
   <soap:Body>\r
      <ibm:RetrieveMerchantTestList>\r
         <RetrieveMerchantTestListRequest>\r
            <merchantTestSearchCriteria>\r
               <!--Optional:-->\r
               <merchantId>?</merchantId>\r
               <!--Optional:-->\r
               <testRequestId>?</testRequestId>\r
               <!--Optional:-->\r
               <status>?</status>\r
               <!--Optional:-->\r
               <startDate>?</startDate>\r
               <!--Optional:-->\r
               <endDate>?</endDate>\r
            </merchantTestSearchCriteria>\r
            <pagination>\r
               <!--Optional:-->\r
               <startIndex>?</startIndex>\r
               <!--Optional:-->\r
               <numberOfRecords>?</numberOfRecords>\r
               <!--Optional:-->\r
               <sortingOrder>?</sortingOrder>\r
               <!--Optional:-->\r
               <sortingIndex>?</sortingIndex>\r
            </pagination>\r
         </RetrieveMerchantTestListRequest>\r
      </ibm:RetrieveMerchantTestList>\r
   </soap:Body>\r
</soap:Envelope>]]></con:request><con:credentials><con:authType>No Authorization</con:authType></con:credentials><con:jmsConfig JMSDeliveryMode="PERSISTENT"/><con:jmsPropertyConfig/><con:wsaConfig mustUnderstand="NONE" version="200508" action="http://www.saib.com.sa/OLPWareAcquirer/IBMerchantTestManager/IBMerchantTestManager/RetrieveMerchantTestListRequest"/><con:wsrmConfig version="1.2"/></con:call></con:operation></con:interface><con:properties/><con:wssContainer/><con:oAuth2ProfileContainer/><con:oAuth1ProfileContainer/><con:databaseConnectionContainer/><con:reporting><con:xmlTemplates/><con:parameters/></con:reporting></con:soapui-project>