<?xml version="1.0" encoding="UTF-8"?>
<con:soapui-project id="341d31da-6e34-4f8f-af28-de5ade1365ed" activeEnvironment="Default" name="NotificationManagerDataPower's WSDL" resourceRoot="${projectDir}" soapui-version="5.4.0" abortOnError="false" runType="SEQUENTIAL" xmlns:con="http://eviware.com/soapui/config"><con:settings/><con:interface xsi:type="con:WsdlInterface" id="eee4411c-2ade-4e8f-893d-9b9c663a0bf2" wsaVersion="NONE" name="IBNotificationManagerBinding" type="wsdl" bindingName="{http://www.saib.com.sa/OLPWareAcquirer/IBNotificationManager/}IBNotificationManagerBinding" soapVersion="1_2" anonymous="optional" definition="file:/C:/SAIB/OLP%20Modules%20Docu/TestData/OLP%20Test%20Data/DataPower's%20WSDL/IBNotificationManager.wsdl" xmlns:xsi="http://www.w3.org/2001/XMLSchema-instance"><con:settings/><con:definitionCache type="TEXT" rootPart="file:\C:\SAIB\OLP%20Modules%20Docu\TestData\OLP%20Test%20Data\DataPower's%20WSDL\IBNotificationManager.wsdl"><con:part><con:url>file:\C:\SAIB\OLP%20Modules%20Docu\TestData\OLP%20Test%20Data\DataPower's%20WSDL\IBNotificationManager.wsdl</con:url><con:content><![CDATA[<!--Copyright All Rights Reserved. This software is the
	proprietary information of SADAD. Use is subject to license terms.-->
<!--Version - V1.3-->
<definitions name="IBNotificationManager" targetNamespace="http://www.saib.com.sa/OLPWareAcquirer/IBNotificationManager/" xmlns="http://schemas.xmlsoap.org/wsdl/" xmlns:ds="http://www.w3.org/2000/09/xmldsig#" xmlns:header="http://www.saib.com.sa/OLPWareAcquirer/" xmlns:olp="http://www.saib.com.sa/OLPWareAcquirer/IBNotificationManager/" xmlns:soap="http://schemas.xmlsoap.org/wsdl/soap12/" xmlns:tns="http://www.saib.com.sa/OLPWareAcquirer/IBNotificationManager/" xmlns:wsam="http://www.w3.org/2007/05/addressing/metadata" xmlns:wsdl="http://schemas.xmlsoap.org/wsdl/" xmlns:wsp="http://www.w3.org/ns/ws-policy" xmlns:wsp1_2="http://schemas.xmlsoap.org/ws/2004/09/policy" xmlns:wsu="http://docs.oasis-open.org/wss/2004/01/oasis-200401-wss-wssecurity-utility-1.0.xsd" xmlns:xsd="http://www.w3.org/2001/XMLSchema">
  <wsdl:documentation>
    Notification manager service definition is used to perform the functionalities related with 
		notifications. This includes
    <br/>
    1. Retrieval of Notifications
    <br/>
    2. Closing Notification
  </wsdl:documentation>
  <wsdl:import location="MessageHeader.wsdl" namespace="http://www.saib.com.sa/OLPWareAcquirer/"/>
  <types>
    <xsd:schema>
      <xsd:import namespace="http://www.saib.com.sa/OLPWareAcquirer/IBNotificationManager/" schemaLocation="IBNotificationManager.xsd"/>
    </xsd:schema>
  </types>
  <wsdl:message name="MessageHeader">
    <wsdl:part element="header:messageHeader" name="messageHeader"/>
  </wsdl:message>
  <message name="CloseNotification">
    <part element="tns:CloseNotification" name="parameters"/>
  </message>
  <message name="CloseNotificationResponse">
    <part element="tns:CloseNotificationResponse" name="parameters"/>
  </message>
  <message name="RetrieveNotificationList">
    <part element="tns:RetrieveNotificationList" name="parameters"/>
  </message>
  <message name="RetrieveNotificationListResponse">
    <part element="tns:RetrieveNotificationListResponse" name="parameters"/>
  </message>
  <message name="Fault">
    <part element="tns:Fault" name="fault"/>
  </message>
  <portType name="IBNotificationManager">
    <operation name="RetrieveNotificationList">
      <wsdl:documentation>Retrieve Notification List - Operation name, input wrapper, output wrapper and fault wrapper.</wsdl:documentation>
      <input message="tns:RetrieveNotificationList"/>
      <output message="tns:RetrieveNotificationListResponse"/>
    </operation>
    <operation name="CloseNotification">
      <wsdl:documentation>Close Notification - Operation name, input wrapper, output wrapper and fault wrapper.</wsdl:documentation>
      <input message="tns:CloseNotification"/>
      <output message="tns:CloseNotificationResponse"/>
    </operation>
  </portType>
  <binding name="IBNotificationManagerBinding" type="tns:IBNotificationManager">
    <soap:binding style="document" transport="http://schemas.xmlsoap.org/soap/http"/>
    <operation name="RetrieveNotificationList">
      <soap:operation soapAction="RetrieveNotificationList"/>
      <input>
        <soap:body use="literal"/>
        <soap:header message="header:HeaderMessage" part="Header" use="literal"/>
      </input>
      <output>
        <soap:body use="literal"/>
      </output>
    </operation>
    <operation name="CloseNotification">
      <soap:operation soapAction="CloseNotification"/>
      <input>
        <soap:body use="literal"/>
        <soap:header message="header:HeaderMessage" part="Header" use="literal"/>
      </input>
      <output>
        <soap:body use="literal"/>
      </output>
    </operation>
  </binding>
  <service name="IBNotificationManagerService">
    <wsdl:documentation>URL where the service is hosted. (To be updated with test/production server URL)</wsdl:documentation>
    <port binding="tns:IBNotificationManagerBinding" name="IBNotificationManagerPort">
      <soap:address location="http://localhost:9080/AcquirerWebService/IBNotificationManagerService"/>
    </port>
  </service>
</definitions>]]></con:content><con:type>http://schemas.xmlsoap.org/wsdl/</con:type></con:part><con:part><con:url>file:\C:\SAIB\OLP%20Modules%20Docu\TestData\OLP%20Test%20Data\DataPower's%20WSDL\MessageHeader.wsdl</con:url><con:content><![CDATA[<wsdl:definitions targetNamespace="http://www.saib.com.sa/OLPWareAcquirer/" xmlns:s2="http://www.saib.com.sa/OLPWareAcquirer/" xmlns:wsdl="http://schemas.xmlsoap.org/wsdl/" xmlns:xsd="http://www.w3.org/2001/XMLSchema">
  <wsdl:types>
    <xsd:schema targetNamespace="http://www.saib.com.sa/OLPWareAcquirer/">
      <xsd:include schemaLocation="MessageHeader.xsd"/>
    </xsd:schema>
  </wsdl:types>
  <wsdl:message name="HeaderMessage">
    <wsdl:part element="s2:messageHeader" name="Header"/>
  </wsdl:message>
</wsdl:definitions>]]></con:content><con:type>http://schemas.xmlsoap.org/wsdl/</con:type></con:part><con:part><con:url>file:\C:\SAIB\OLP%20Modules%20Docu\TestData\OLP%20Test%20Data\DataPower's%20WSDL\MessageHeader.xsd</con:url><con:content><![CDATA[<xsd:schema xml:lang="en" elementFormDefault="qualified" attributeFormDefault="unqualified" targetNamespace="http://www.saib.com.sa/OLPWareAcquirer/" xmlns="http://www.saib.com.sa/OLPWareAcquirer/" xmlns:xsd="http://www.w3.org/2001/XMLSchema">
  <xsd:element name="messageHeader">
    <xsd:complexType>
      <xsd:sequence>
        <xsd:element name="ProcessContextId" minOccurs="1" maxOccurs="1">
          <xsd:simpleType>
            <xsd:restriction base="xsd:string">
              <xsd:maxLength value="50"/>
            </xsd:restriction>
          </xsd:simpleType>
        </xsd:element>
        <xsd:element name="businessContextId" minOccurs="1" maxOccurs="1">
          <xsd:simpleType>
            <xsd:restriction base="xsd:string">
              <xsd:maxLength value="2"/>
            </xsd:restriction>
          </xsd:simpleType>
        </xsd:element>
        <xsd:element name="applicationContextId" type="xsd:int" minOccurs="1" maxOccurs="1"/>
        <xsd:element name="requesterCode" minOccurs="1" maxOccurs="1">
          <xsd:simpleType>
            <xsd:restriction base="xsd:string">
              <xsd:maxLength value="20"/>
            </xsd:restriction>
          </xsd:simpleType>
        </xsd:element>
        <xsd:element name="machineIPAddress" minOccurs="1" maxOccurs="1">
          <xsd:simpleType>
            <xsd:restriction base="xsd:string">
              <xsd:maxLength value="23"/>
            </xsd:restriction>
          </xsd:simpleType>
        </xsd:element>
        <xsd:element name="userPrincipleName" minOccurs="1" maxOccurs="1">
          <xsd:simpleType>
            <xsd:restriction base="xsd:string">
              <xsd:maxLength value="15"/>
            </xsd:restriction>
          </xsd:simpleType>
        </xsd:element>
        <xsd:element name="requestedTimestamp" type="xsd:dateTime" minOccurs="1" maxOccurs="1"/>
        <xsd:element name="channelId" minOccurs="1" maxOccurs="1">
          <xsd:simpleType>
            <xsd:restriction base="xsd:int">
              <xsd:totalDigits value="2"/>
            </xsd:restriction>
          </xsd:simpleType>
        </xsd:element>
        <xsd:element name="LanguageCode" minOccurs="0" maxOccurs="1">
          <xsd:simpleType>
            <xsd:restriction base="xsd:string">
              <xsd:maxLength value="20"/>
            </xsd:restriction>
          </xsd:simpleType>
        </xsd:element>
        <xsd:element name="VersionNumber" minOccurs="0" maxOccurs="1">
          <xsd:simpleType>
            <xsd:restriction base="xsd:string">
              <xsd:maxLength value="20"/>
            </xsd:restriction>
          </xsd:simpleType>
        </xsd:element>
      </xsd:sequence>
    </xsd:complexType>
  </xsd:element>
</xsd:schema>]]></con:content><con:type>http://www.w3.org/2001/XMLSchema</con:type></con:part><con:part><con:url>file:\C:\SAIB\OLP%20Modules%20Docu\TestData\OLP%20Test%20Data\DataPower's%20WSDL\IBNotificationManager.xsd</con:url><con:content><![CDATA[<!--Copyright All Rights Reserved. This software is the
	proprietary information of SADAD. Use is subject to license terms.-->
<xs:schema targetNamespace="http://www.saib.com.sa/OLPWareAcquirer/IBNotificationManager/" version="1.0" xmlns:xs="http://www.w3.org/2001/XMLSchema" xmlns:tns="http://www.saib.com.sa/OLPWareAcquirer/IBNotificationManager/" xmlns:xsd="http://www.w3.org/2001/XMLSchema">
  <xs:annotation>
    <xs:documentation>The schema defines the data transfer objects used
			by the Notification Manager service.</xs:documentation>
  </xs:annotation>
  <xsd:annotation>
    <xsd:documentation>Below element tag shows the @RequestWrapper and @ResponseWrapper name and type. 
			The default value of the localName is the operationName for Request wrapper and 
			operationName appended by Response for Response wrapper</xsd:documentation>
  </xsd:annotation>
  <xs:element name="CloseNotification" type="tns:CloseNotification">
    <xs:annotation>
      <xs:documentation>Close Notification Request jax-ws element wrapper.</xs:documentation>
    </xs:annotation>
  </xs:element>
  <xs:element name="CloseNotificationResponse" type="tns:CloseNotificationResponse">
    <xs:annotation>
      <xs:documentation>Close Notification Response jax-ws element wrapper.</xs:documentation>
    </xs:annotation>
  </xs:element>
  <xs:element name="RetrieveNotificationList" type="tns:RetrieveNotificationList">
    <xs:annotation>
      <xs:documentation>Retrieve Notification List Request jax-ws element wrapper.</xs:documentation>
    </xs:annotation>
  </xs:element>
  <xs:element name="RetrieveNotificationListResponse" type="tns:RetrieveNotificationListResponse">
    <xs:annotation>
      <xs:documentation>Retrieve Notification List Response jax-ws element wrapper.</xs:documentation>
    </xs:annotation>
  </xs:element>
  <xs:element name="Fault" type="tns:Fault">
    <xsd:annotation>
      <xsd:documentation>NotificationManagement Fault jax-ws element wrapper.</xsd:documentation>
    </xsd:annotation>
  </xs:element>
  <xs:complexType name="CloseNotification">
    <xsd:annotation>
      <xsd:documentation>Close Notification request jax-ws wrapper.</xsd:documentation>
    </xsd:annotation>
    <xs:sequence>
      <xs:element minOccurs="1" maxOccurs="1" name="CloseNotificationRequest" type="tns:CloseNotificationRequest"/>
    </xs:sequence>
  </xs:complexType>
  <xs:complexType name="CloseNotificationResponse">
    <xsd:annotation>
      <xsd:documentation>Close Notification response jax-ws wrapper.</xsd:documentation>
    </xsd:annotation>
    <xs:sequence>
      <xs:element minOccurs="1" maxOccurs="1" name="CloseNotificationReply" type="tns:CloseNotificationReply"/>
    </xs:sequence>
  </xs:complexType>
  <xs:complexType name="RetrieveNotificationList">
    <xsd:annotation>
      <xsd:documentation>Retrieve Notification List request jax-ws wrapper.</xsd:documentation>
    </xsd:annotation>
    <xs:sequence>
      <xs:element minOccurs="1" maxOccurs="1" name="RetrieveNotificationListRequest" type="tns:RetrieveNotificationListRequest"/>
    </xs:sequence>
  </xs:complexType>
  <xs:complexType name="RetrieveNotificationListResponse">
    <xsd:annotation>
      <xsd:documentation>Retrieve Notification List response jax-ws wrapper.</xsd:documentation>
    </xsd:annotation>
    <xs:sequence>
      <xs:element minOccurs="1" maxOccurs="1" name="RetrieveNotificationListReply" type="tns:RetrieveNotificationListReply"/>
    </xs:sequence>
  </xs:complexType>
  <xs:complexType name="RetrieveNotificationListReply">
    <xs:annotation>
      <xs:documentation>Retrieve Notification List Response.</xs:documentation>
    </xs:annotation>
    <xs:sequence>
      <xs:element name="notificationList" type="tns:Notification" nillable="true" maxOccurs="200" minOccurs="0">
        <xsd:annotation>
          <xsd:documentation>Element to hold the Notification Objects</xsd:documentation>
        </xsd:annotation>
      </xs:element>
      <xs:element name="totalNumberOfRecords" type="xs:int" maxOccurs="1" minOccurs="0">
        <xsd:annotation>
          <xsd:documentation>The total number of records in the list</xsd:documentation>
        </xsd:annotation>
      </xs:element>
      <xs:element minOccurs="1" maxOccurs="1" name="responseCode" type="xs:string">
        <xsd:annotation>
          <xsd:documentation>
            Response Code
            <br/>
            <br/>
            00 : Success
            <br/>
            <br/>
            01 : Failure
          </xsd:documentation>
        </xsd:annotation>
      </xs:element>
      <xs:element name="olpBusinessException" type="tns:OlpBusinessException" maxOccurs="1" minOccurs="0">
        <xsd:annotation>
          <xsd:documentation>Element to hold olpBusinessException</xsd:documentation>
        </xsd:annotation>
      </xs:element>
    </xs:sequence>
  </xs:complexType>
  <xs:complexType name="RetrieveNotificationListRequest">
    <xs:annotation>
      <xs:documentation>Retrieve Notification List Request.</xs:documentation>
    </xs:annotation>
    <xs:sequence>
      <xs:element name="notificationSearchCriteria" type="tns:NotificationSearchCriteria" maxOccurs="1" minOccurs="1">
        <xsd:annotation>
          <xsd:documentation>Element to hold the Notification Search Criteria</xsd:documentation>
        </xsd:annotation>
      </xs:element>
      <xs:element minOccurs="1" maxOccurs="1" name="pagination" type="tns:Pagination">
        <xsd:annotation>
          <xsd:documentation>Element to hold the pagination.</xsd:documentation>
        </xsd:annotation>
      </xs:element>
    </xs:sequence>
  </xs:complexType>
  <xs:complexType name="CloseNotificationRequest">
    <xs:annotation>
      <xs:documentation>Close Notification Request.</xs:documentation>
    </xs:annotation>
    <xs:sequence>
      <xs:element name="notificationDetails" type="tns:NotificationDetails" maxOccurs="200" minOccurs="1">
        <xsd:annotation>
          <xsd:documentation>Element to hold the notification details.</xsd:documentation>
        </xsd:annotation>
      </xs:element>
    </xs:sequence>
  </xs:complexType>
  <xs:complexType name="CloseNotificationReply">
    <xs:annotation>
      <xs:documentation>Close Notification Response.</xs:documentation>
    </xs:annotation>
    <xs:sequence>
      <xs:element minOccurs="1" maxOccurs="1" name="responseCode" type="xs:string">
        <xsd:annotation>
          <xsd:documentation>
            Response Code
            <br/>
            <br/>
            00 : Success
            <br/>
            <br/>
            01 : Failure
          </xsd:documentation>
        </xsd:annotation>
      </xs:element>
      <xs:element name="olpBusinessException" type="tns:OlpBusinessException" maxOccurs="1" minOccurs="0">
        <xsd:annotation>
          <xsd:documentation>Element to hold olpBusinessException</xsd:documentation>
        </xsd:annotation>
      </xs:element>
    </xs:sequence>
  </xs:complexType>
  <xs:complexType name="NotificationSearchCriteria">
    <xs:annotation>
      <xs:documentation>Notification Search Criteria.</xs:documentation>
    </xs:annotation>
    <xs:sequence>
      <xs:element name="fromDate" type="xs:date" maxOccurs="1" minOccurs="0">
        <xsd:annotation>
          <xsd:documentation>The start date in the date criteria on or after which the Notification was sent.</xsd:documentation>
        </xsd:annotation>
      </xs:element>
      <xs:element name="toDate" type="xs:date" maxOccurs="1" minOccurs="0">
        <xsd:annotation>
          <xsd:documentation>The end date in the date criteria on or before which the Notification was sent.</xsd:documentation>
        </xsd:annotation>
      </xs:element>
      <xs:element name="referenceIdType" type="xs:int" maxOccurs="1" minOccurs="0">
        <xsd:annotation>
          <xsd:documentation>
            The unique Id of the Reference Module of the notification.
            <br/>
            <br/>
            <b>1 : Consumer Registration</b>
            <br/>
            <br/>
            <b>2 : Consumer Management</b>
            <br/>
            <br/>
            <b>3 : Merchant Onboarding</b>
            <br/>
            <br/>
            <b>4 : Merchant Management</b>
            <br/>
            <br/>
            <b>5 : Merchant testing</b>
            <br/>
            <br/>
            <b>6 : Bank Onboarding Package</b>
            <br/>
            <br/>
            <b>7 : Refund</b>
            <br/>
            <br/>
            <b>8 : Reconciliation</b>
            <br/>
            <br/>
            <b>9 : Settlement</b>
            <br/>
            <br/>
            <b>10 : Dispute</b>
            <br/>
            <br/>
            <b>11 : Service Support</b>
            <br/>
            <br/>
            <b>12 : Reports</b>
          </xsd:documentation>
        </xsd:annotation>
      </xs:element>
      <xs:element name="notificationType" type="xs:int" maxOccurs="1" minOccurs="0">
        <xsd:annotation>
          <xsd:documentation>
            The type of notification
            <br/>
            <br/>
            <b>1 : FYA</b>
            <br/>
            <br/>
            <b>2 : FYI</b>
          </xsd:documentation>
        </xsd:annotation>
      </xs:element>
    </xs:sequence>
  </xs:complexType>
  <xs:complexType name="OlpBusinessException">
    <xs:sequence>
      <xs:element minOccurs="1" maxOccurs="1" name="errorCode" type="xs:string">
        <xsd:annotation>
          <xsd:documentation>Error code of the exception occurred.</xsd:documentation>
        </xsd:annotation>
      </xs:element>
      <xs:element minOccurs="1" maxOccurs="1" name="errorMessage" type="xs:string">
        <xsd:annotation>
          <xsd:documentation>Error message of the exception occurred.</xsd:documentation>
        </xsd:annotation>
      </xs:element>
      <xs:element minOccurs="0" maxOccurs="1" name="reasonCode" type="xs:string">
        <xsd:annotation>
          <xsd:documentation>Reason code of the exception occurred.</xsd:documentation>
        </xsd:annotation>
      </xs:element>
      <xs:element minOccurs="0" maxOccurs="1" name="reasonDescription" type="xs:string">
        <xsd:annotation>
          <xsd:documentation>Reason Description of the exception occurred.</xsd:documentation>
        </xsd:annotation>
      </xs:element>
    </xs:sequence>
  </xs:complexType>
  <xs:complexType name="Fault">
    <xs:sequence>
      <xs:element minOccurs="1" maxOccurs="1" name="faultCode" type="xs:string">
        <xsd:annotation>
          <xsd:documentation>Fault Type of the fault occurred.</xsd:documentation>
        </xsd:annotation>
      </xs:element>
      <xs:element minOccurs="1" maxOccurs="1" name="faultString" type="xs:string">
        <xsd:annotation>
          <xsd:documentation>Errormessage of the fault occurred.</xsd:documentation>
        </xsd:annotation>
      </xs:element>
      <xs:element minOccurs="1" maxOccurs="1" name="timeStamp" type="xs:dateTime">
        <xsd:annotation>
          <xsd:documentation>Time when the fault occurred.</xsd:documentation>
        </xsd:annotation>
      </xs:element>
    </xs:sequence>
  </xs:complexType>
  <xs:complexType name="Notification">
    <xs:annotation>
      <xs:documentation>Notification details.</xs:documentation>
    </xs:annotation>
    <xs:sequence>
      <xs:element name="taskId" type="xs:long" maxOccurs="1" minOccurs="1">
        <xsd:annotation>
          <xsd:documentation>The task Id corresponding to the notification.</xsd:documentation>
        </xsd:annotation>
      </xs:element>
      <xs:element name="notificationMessage" type="xs:string" maxOccurs="1" minOccurs="1">
        <xsd:annotation>
          <xsd:documentation>The notification message(text).</xsd:documentation>
        </xsd:annotation>
      </xs:element>
      <xs:element name="notificationDate" type="xs:dateTime" maxOccurs="1" minOccurs="1">
        <xsd:annotation>
          <xsd:documentation>Time and Date at which the notification was sent.</xsd:documentation>
        </xsd:annotation>
      </xs:element>
      <xs:element name="referenceId" type="xs:long" maxOccurs="1" minOccurs="1">
        <xsd:annotation>
          <xsd:documentation>The unique Id of the reference module.</xsd:documentation>
        </xsd:annotation>
      </xs:element>
      <xs:element name="referenceIdType" type="xs:int" maxOccurs="1" minOccurs="1">
        <xsd:annotation>
          <xsd:documentation>
            The unique Id of the Reference Module of the notification.
            <br/>
            <br/>
            <b>1 : Consumer Registration</b>
            <br/>
            <br/>
            <b>2 : Consumer Management</b>
            <br/>
            <br/>
            <b>3 : Merchant Onboarding</b>
            <br/>
            <br/>
            <b>4 : Merchant Management</b>
            <br/>
            <br/>
            <b>5 : Merchant testing</b>
            <br/>
            <br/>
            <b>6 : Bank Onboarding Package</b>
            <br/>
            <br/>
            <b>7 : Refund</b>
            <br/>
            <br/>
            <b>8 : Reconciliation</b>
            <br/>
            <br/>
            <b>9 : Settlement</b>
            <br/>
            <br/>
            <b>10 : Dispute</b>
            <br/>
            <br/>
            <b>11 : Service Support</b>
            <br/>
            <br/>
            <b>12 : Reports</b>
          </xsd:documentation>
        </xsd:annotation>
      </xs:element>
      <xs:element name="notificationType" type="xs:int" maxOccurs="1" minOccurs="1">
        <xsd:annotation>
          <xsd:documentation>
            The type of notification
            <br/>
            <br/>
            <b>1 : FYA</b>
            <br/>
            <br/>
            <b>2 : FYI</b>
          </xsd:documentation>
        </xsd:annotation>
      </xs:element>
      <xs:element name="nTFId" type="xs:string" maxOccurs="1" minOccurs="1">
        <xsd:annotation>
          <xsd:documentation>The unique Id of the notification (message) in business perspective.</xsd:documentation>
        </xsd:annotation>
      </xs:element>
      <xs:element name="customer" type="tns:Customer" maxOccurs="1" minOccurs="1">
        <xsd:annotation>
          <xsd:documentation>Element to hold the Customer Object.
						Contains the details of the customer to whom the notification is intended.</xsd:documentation>
        </xsd:annotation>
      </xs:element>
    </xs:sequence>
  </xs:complexType>
  <xs:complexType name="Customer">
    <xsd:sequence>
      <xs:element minOccurs="1" maxOccurs="1" name="customerId" type="xs:long">
        <xsd:annotation>
          <xsd:documentation>
            The unique Id of the customer(MerchantId or OLPId or BankCode).
            <br/>
            <br/>
            BankCode will be there only if Notification is intended to specific bank.
            <br/>
            <br/>
            If the Notification is for all banks or SADAD, customer Id will not be present.
          </xsd:documentation>
        </xsd:annotation>
      </xs:element>
      <xs:element minOccurs="1" maxOccurs="1" name="customerType" type="xs:int">
        <xsd:annotation>
          <xsd:documentation>
            The type of customer..
            <br/>
            <br/>
            <b>1 : Merchant</b>
            <br/>
            <br/>
            <b>2 : Consumer</b>
            <br/>
            <br/>
            <b>3 : Bank</b>
            <br/>
            <br/>
            <b>4 : SADAD</b>
          </xsd:documentation>
        </xsd:annotation>
      </xs:element>
    </xsd:sequence>
  </xs:complexType>
  <xsd:complexType name="Pagination">
    <xsd:sequence>
      <xs:element minOccurs="0" maxOccurs="1" name="startIndex" type="xs:int">
        <xsd:annotation>
          <xsd:documentation>The start Index for the pagination.</xsd:documentation>
        </xsd:annotation>
      </xs:element>
      <xs:element minOccurs="0" maxOccurs="1" name="totalNumberOfRecords" type="xs:int">
        <xsd:annotation>
          <xsd:documentation>The total number of records to be retrieved for a single page.</xsd:documentation>
        </xsd:annotation>
      </xs:element>
      <xs:element minOccurs="0" maxOccurs="1" name="sortingOrder" type="xs:int">
        <xsd:annotation>
          <xsd:documentation>
            Sorting order :
            <br/>
            1:ascending
            <br/>
            2:descending
            <br/>
            Note : default value is descending
          </xsd:documentation>
        </xsd:annotation>
      </xs:element>
      <xs:element minOccurs="0" maxOccurs="1" name="sortingIndex" type="xs:string">
        <xsd:annotation>
          <xsd:documentation>
            These are the possible parameter which are used for sorting:
            <br/>
            notificationType
            <br/>
            notificationDate
            <br/>
            Note : 	notificationType is default parameter for sorting .
          </xsd:documentation>
        </xsd:annotation>
      </xs:element>
    </xsd:sequence>
  </xsd:complexType>
  <xs:complexType name="NotificationDetails">
    <xs:sequence>
      <xs:element name="taskId" type="xs:long" maxOccurs="1" minOccurs="1">
        <xsd:annotation>
          <xsd:documentation>The task Id corresponding to the notification which needs to be closed.</xsd:documentation>
        </xsd:annotation>
      </xs:element>
      <xs:element name="referenceId" type="xs:long" maxOccurs="1" minOccurs="0">
        <xsd:annotation>
          <xsd:documentation>The unique Id of the reference module.</xsd:documentation>
        </xsd:annotation>
      </xs:element>
      <xs:element name="referenceIdType" type="xs:int" maxOccurs="1" minOccurs="0">
        <xsd:annotation>
          <xsd:documentation>
            The unique Id of the Reference Module to which the notification belongs.
            <br/>
            <br/>
            <b>1 : Consumer Registration</b>
            <br/>
            <br/>
            <b>2 : Consumer Management</b>
            <br/>
            <br/>
            <b>3 : Merchant Onboarding</b>
            <br/>
            <br/>
            <b>4 : Merchant Management</b>
            <br/>
            <br/>
            <b>5 : Merchant testing</b>
            <br/>
            <br/>
            <b>6 : Bank Onboarding Package</b>
            <br/>
            <br/>
            <b>7 : Refund</b>
            <br/>
            <br/>
            <b>8 : Reconciliation</b>
            <br/>
            <br/>
            <b>9 : Settlement</b>
            <br/>
            <br/>
            <b>10 : Dispute</b>
            <br/>
            <br/>
            <b>11 : Service Support</b>
            <br/>
            <br/>
            <b>12 : Reports</b>
          </xsd:documentation>
        </xsd:annotation>
      </xs:element>
    </xs:sequence>
  </xs:complexType>
</xs:schema>]]></con:content><con:type>http://www.w3.org/2001/XMLSchema</con:type></con:part></con:definitionCache><con:endpoints><con:endpoint>http://localhost:9080/AcquirerWebService/IBNotificationManagerService</con:endpoint></con:endpoints><con:operation id="25eb632e-744a-4c02-83c3-7a239c78a0ae" isOneWay="false" action="CloseNotification" name="CloseNotification" bindingOperationName="CloseNotification" type="Request-Response" inputName="" receivesAttachments="false" sendsAttachments="false" anonymous="optional"><con:settings/><con:call id="c41689df-e3a5-4190-8bbb-82b4922b3150" name="Request 1"><con:settings><con:setting id="com.eviware.soapui.impl.wsdl.WsdlRequest@request-headers">&lt;xml-fragment/></con:setting></con:settings><con:encoding>UTF-8</con:encoding><con:endpoint>http://192.168.105.110:9080/integration/AcquirerWebService/IBNotificationManagerService/1.0</con:endpoint><con:request><![CDATA[<soap:Envelope xmlns:soap="http://www.w3.org/2003/05/soap-envelope" xmlns:olp="http://www.saib.com.sa/OLPWareAcquirer/" xmlns:ibn="http://www.saib.com.sa/OLPWareAcquirer/IBNotificationManager/">\r
   <soap:Header>\r
      <olp:messageHeader>\r
         <olp:ProcessContextId>SIBC1955991483443835495</olp:ProcessContextId>\r
         <olp:businessContextId>TM</olp:businessContextId>\r
         <olp:applicationContextId>4</olp:applicationContextId>\r
         <olp:requesterCode>SIBC</olp:requesterCode>\r
         <olp:machineIPAddress>10.10.21.57</olp:machineIPAddress>\r
         <olp:userPrincipleName>1026</olp:userPrincipleName>\r
         <olp:requestedTimestamp>2018-01-03T14:45:33</olp:requestedTimestamp>\r
         <olp:channelId>1</olp:channelId>\r
         <olp:LanguageCode>en</olp:LanguageCode>\r
         <olp:VersionNumber>1.0</olp:VersionNumber>\r
      </olp:messageHeader>\r
   </soap:Header>\r
   <soap:Body>\r
      <ibn:CloseNotification>\r
         <CloseNotificationRequest>\r
            <notificationDetails>\r
               <taskId>91230</taskId>\r
               <referenceId>1000012416</referenceId>\r
              
            </notificationDetails>\r
         </CloseNotificationRequest>\r
      </ibn:CloseNotification>\r
   </soap:Body>\r
</soap:Envelope>]]></con:request><con:credentials><con:authType>No Authorization</con:authType></con:credentials><con:jmsConfig JMSDeliveryMode="PERSISTENT"/><con:jmsPropertyConfig/><con:wsaConfig mustUnderstand="NONE" version="200508" action="http://www.saib.com.sa/OLPWareAcquirer/IBNotificationManager/IBNotificationManager/CloseNotificationRequest"/><con:wsrmConfig version="1.2"/></con:call></con:operation><con:operation id="7ab15bf7-8e8c-423b-900c-a2abfce0c047" isOneWay="false" action="RetrieveNotificationList" name="RetrieveNotificationList" bindingOperationName="RetrieveNotificationList" type="Request-Response" inputName="" receivesAttachments="false" sendsAttachments="false" anonymous="optional"><con:settings/><con:call id="de1aecde-c041-43ba-98b9-bfb1ca0eaf95" name="Request 1"><con:settings><con:setting id="com.eviware.soapui.impl.wsdl.WsdlRequest@request-headers">&lt;xml-fragment/></con:setting></con:settings><con:encoding>UTF-8</con:encoding><con:endpoint>http://192.168.105.110:9080/integration/AcquirerWebService/IBNotificationManagerService/1.0</con:endpoint><con:request><![CDATA[<soap:Envelope xmlns:soap="http://www.w3.org/2003/05/soap-envelope" xmlns:olp="http://www.saib.com.sa/OLPWareAcquirer/" xmlns:ibn="http://www.saib.com.sa/OLPWareAcquirer/IBNotificationManager/">\r
   <soap:Header>\r
      <olp:messageHeader>\r
         <olp:ProcessContextId>SIBC1955991483443754589</olp:ProcessContextId>\r
         <olp:businessContextId>TM</olp:businessContextId>\r
         <olp:applicationContextId>4</olp:applicationContextId>\r
         <olp:requesterCode>SIBC</olp:requesterCode>\r
         <olp:machineIPAddress>10.10.21.57</olp:machineIPAddress>\r
         <olp:userPrincipleName>1026</olp:userPrincipleName>\r
         <olp:requestedTimestamp>2018-01-03T14:45:33</olp:requestedTimestamp>\r
         <olp:channelId>1</olp:channelId>\r
         <olp:LanguageCode>en</olp:LanguageCode>\r
         <olp:VersionNumber>1.0</olp:VersionNumber>\r
      </olp:messageHeader>\r
   </soap:Header>\r
   <soap:Body>\r
      <ibn:RetrieveNotificationList>\r
         <RetrieveNotificationListRequest>\r
            <notificationSearchCriteria></notificationSearchCriteria>\r
            <pagination>\r
               <startIndex>1</startIndex>\r
               <totalNumberOfRecords>10</totalNumberOfRecords>\r
               <sortingOrder>1</sortingOrder>\r
               <sortingIndex>1</sortingIndex>\r
            </pagination>\r
         </RetrieveNotificationListRequest>\r
      </ibn:RetrieveNotificationList>\r
   </soap:Body>\r
</soap:Envelope>]]></con:request><con:credentials><con:authType>No Authorization</con:authType></con:credentials><con:jmsConfig JMSDeliveryMode="PERSISTENT"/><con:jmsPropertyConfig/><con:wsaConfig mustUnderstand="NONE" version="200508" action="http://www.saib.com.sa/OLPWareAcquirer/IBNotificationManager/IBNotificationManager/RetrieveNotificationListRequest"/><con:wsrmConfig version="1.2"/></con:call><con:call id="155a1d9a-8c62-4775-8199-db7b43738344" name="Request 2"><con:settings/><con:encoding>UTF-8</con:encoding><con:endpoint>http://localhost:9080/AcquirerWebService/IBNotificationManagerService</con:endpoint><con:request><![CDATA[<soap:Envelope xmlns:soap="http://www.w3.org/2003/05/soap-envelope" xmlns:olp="http://www.saib.com.sa/OLPWareAcquirer/" xmlns:ibn="http://www.saib.com.sa/OLPWareAcquirer/IBNotificationManager/">\r
   <soap:Header>\r
      <olp:messageHeader>\r
         <olp:ProcessContextId>?</olp:ProcessContextId>\r
         <olp:businessContextId>?</olp:businessContextId>\r
         <olp:applicationContextId>?</olp:applicationContextId>\r
         <olp:requesterCode>?</olp:requesterCode>\r
         <olp:machineIPAddress>?</olp:machineIPAddress>\r
         <olp:userPrincipleName>?</olp:userPrincipleName>\r
         <olp:requestedTimestamp>?</olp:requestedTimestamp>\r
         <olp:channelId>?</olp:channelId>\r
         <!--Optional:-->\r
         <olp:LanguageCode>?</olp:LanguageCode>\r
         <!--Optional:-->\r
         <olp:VersionNumber>?</olp:VersionNumber>\r
      </olp:messageHeader>\r
   </soap:Header>\r
   <soap:Body>\r
      <ibn:RetrieveNotificationList>\r
         <RetrieveNotificationListRequest>\r
            <notificationSearchCriteria>\r
               <!--Optional:-->\r
               <fromDate>?</fromDate>\r
               <!--Optional:-->\r
               <toDate>?</toDate>\r
               <!--Optional:-->\r
               <referenceIdType>?</referenceIdType>\r
               <!--Optional:-->\r
               <notificationType>?</notificationType>\r
            </notificationSearchCriteria>\r
            <pagination>\r
               <!--Optional:-->\r
               <startIndex>?</startIndex>\r
               <!--Optional:-->\r
               <totalNumberOfRecords>?</totalNumberOfRecords>\r
               <!--Optional:-->\r
               <sortingOrder>?</sortingOrder>\r
               <!--Optional:-->\r
               <sortingIndex>?</sortingIndex>\r
            </pagination>\r
         </RetrieveNotificationListRequest>\r
      </ibn:RetrieveNotificationList>\r
   </soap:Body>\r
</soap:Envelope>]]></con:request><con:credentials><con:authType>No Authorization</con:authType></con:credentials><con:jmsConfig JMSDeliveryMode="PERSISTENT"/><con:jmsPropertyConfig/><con:wsaConfig mustUnderstand="NONE" version="200508" action="http://www.saib.com.sa/OLPWareAcquirer/IBNotificationManager/IBNotificationManager/RetrieveNotificationListRequest"/><con:wsrmConfig version="1.2"/></con:call></con:operation></con:interface><con:properties/><con:wssContainer/><con:oAuth2ProfileContainer/><con:oAuth1ProfileContainer/><con:databaseConnectionContainer/><con:reporting><con:xmlTemplates/><con:parameters/></con:reporting></con:soapui-project>