<?xml version="1.0" encoding="UTF-8"?>
<con:soapui-project id="41e61068-483a-4f6b-9384-1307ccd315da" activeEnvironment="Default" name="OLPSADADBankConsumer" resourceRoot="" soapui-version="5.4.0" abortOnError="false" runType="SEQUENTIAL" xmlns:con="http://eviware.com/soapui/config"><con:settings/><con:interface xsi:type="con:WsdlInterface" id="068edd83-48c8-4bc4-99c6-efe89f64785c" wsaVersion="NONE" name="BankConsumerManagerBinding" type="wsdl" bindingName="{http://olp.sadad.com/bankconsumermanagement/service/bankconsumermanager/intf/1}BankConsumerManagerBinding" soapVersion="1_2" anonymous="optional" definition="file:/C:/SAIB/OLP%20Modules%20Docu/TestData/OLP%20Test%20Data/Issuer%20Wsdls/ISSUER_SADAD_DP/OLPSADADBankConsumer/SADADBankConsumerManager.wsdl" xmlns:xsi="http://www.w3.org/2001/XMLSchema-instance"><con:settings/><con:definitionCache type="TEXT" rootPart="file:\C:\SAIB\OLP%20Modules%20Docu\TestData\OLP%20Test%20Data\Issuer%20Wsdls\ISSUER_SADAD_DP\OLPSADADBankConsumer\SADADBankConsumerManager.wsdl"><con:part><con:url>file:\C:\SAIB\OLP%20Modules%20Docu\TestData\OLP%20Test%20Data\Issuer%20Wsdls\ISSUER_SADAD_DP\OLPSADADBankConsumer\SADADBankConsumerManager.wsdl</con:url><con:content><![CDATA[<!--Copyright All Rights Reserved. This software is the
	proprietary information of SADAD. Use is subject to license terms.-->
<definitions name="BankConsumerManager" targetNamespace="http://olp.sadad.com/bankconsumermanagement/service/bankconsumermanager/intf/1" xmlns="http://schemas.xmlsoap.org/wsdl/" xmlns:ent2="http://enterprise.olp.sadad.com/Infrastructure/EnterpriseContext" xmlns:soap="http://schemas.xmlsoap.org/wsdl/soap12/" xmlns:tns="http://olp.sadad.com/bankconsumermanagement/service/bankconsumermanager/intf/1" xmlns:wsam="http://www.w3.org/2007/05/addressing/metadata" xmlns:wsp="http://www.w3.org/ns/ws-policy" xmlns:wsp1_2="http://schemas.xmlsoap.org/ws/2004/09/policy" xmlns:wsu="http://docs.oasis-open.org/wss/2004/01/oasis-200401-wss-wssecurity-utility-1.0.xsd" xmlns:wsdl="http://schemas.xmlsoap.org/wsdl/" xmlns:xsd="http://www.w3.org/2001/XMLSchema">
  <wsdl:documentation>Consumer manager service definition is used to perform the functionalities related with 
		consumer registration and management. This includes
		1. Get Consumer Details
		2. Update Consumer Status
		3. Update Olp Id</wsdl:documentation>
  <wsdl:import location="EnterpriseContext.wsdl" namespace="http://enterprise.olp.sadad.com/Infrastructure/EnterpriseContext"/>
  <types>
    <xsd:schema>
      <xsd:import namespace="http://olp.sadad.com/bankconsumermanagement/service/bankconsumermanager/intf/1" schemaLocation="SADADBankConsumerManager.xsd"/>
    </xsd:schema>
  </types>
  <message name="GetConsumerDetails">
    <part element="tns:GetConsumerDetails" name="parameters"/>
  </message>
  <message name="GetConsumerDetailsResponse">
    <part element="tns:GetConsumerDetailsResponse" name="parameters"/>
  </message>
  <message name="Fault">
    <part element="tns:Fault" name="fault"/>
  </message>
  <message name="UpdateConsumerStatus">
    <part element="tns:UpdateConsumerStatus" name="parameters"/>
  </message>
  <message name="UpdateConsumerStatusResponse">
    <part element="tns:UpdateConsumerStatusResponse" name="parameters"/>
  </message>
  <message name="UpdateOlpId">
    <part element="tns:UpdateOlpId" name="parameters"/>
  </message>
  <message name="UpdateOlpIdResponse">
    <part element="tns:UpdateOlpIdResponse" name="parameters"/>
  </message>
  <portType name="BankConsumerManager">
    <operation name="GetConsumerDetails">
      <wsdl:documentation>GetConsumerDetails - Operation name, input wrapper, output wrapper and fault wrapper.</wsdl:documentation>
      <input message="tns:GetConsumerDetails" wsam:Action="GetConsumerDetails"/>
      <output message="tns:GetConsumerDetailsResponse" wsam:Action="http://olp.sadad.com/bankconsumermanagement/service/bankconsumermanager/intf/1/BankConsumerManager/GetConsumerDetailsResponse"/>
      <fault message="tns:Fault" name="Fault" wsam:Action="http://olp.sadad.com/bankconsumermanagement/service/bankconsumermanager/intf/1/BankConsumerManager/GetConsumerDetails/Fault/Fault"/>
    </operation>
    <operation name="UpdateConsumerStatus">
      <wsdl:documentation>UpdateConsumerStatus- Operation name, input wrapper, output wrapper and fault wrapper.</wsdl:documentation>
      <input message="tns:UpdateConsumerStatus" wsam:Action="UpdateConsumerStatus"/>
      <output message="tns:UpdateConsumerStatusResponse" wsam:Action="http://olp.sadad.com/bankconsumermanagement/service/bankconsumermanager/intf/1/BankConsumerManager/UpdateConsumerStatusResponse"/>
      <fault message="tns:Fault" name="Fault" wsam:Action="http://olp.sadad.com/bankconsumermanagement/service/bankconsumermanager/intf/1/BankConsumerManager/UpdateConsumerStatus/Fault/Fault"/>
    </operation>
    <operation name="UpdateOlpId">
      <wsdl:documentation>UpdateOlpId- Operation name, input wrapper, output wrapper and fault wrapper.</wsdl:documentation>
      <input message="tns:UpdateOlpId" wsam:Action="UpdateOlpId"/>
      <output message="tns:UpdateOlpIdResponse" wsam:Action="http://olp.sadad.com/bankconsumermanagement/service/bankconsumermanager/intf/1/BankConsumerManager/UpdateOlpIdResponse"/>
      <fault message="tns:Fault" name="Fault" wsam:Action="http://olp.sadad.com/bankconsumermanagement/service/bankconsumermanager/intf/1/BankConsumerManager/UpdateOlpId/Fault/Fault"/>
    </operation>
  </portType>
  <binding name="BankConsumerManagerBinding" type="tns:BankConsumerManager">
    <soap:binding style="document" transport="http://schemas.xmlsoap.org/soap/http"/>
    <operation name="GetConsumerDetails">
      <soap:operation soapAction="GetConsumerDetails"/>
      <input>
        <soap:body use="literal"/>
        <soap:header message="ent2:EnterpriseContextHeader" part="enterpriseHeader" use="literal"/>
      </input>
      <output>
        <soap:body use="literal"/>
      </output>
      <fault name="Fault">
        <soap:fault name="Fault" use="literal"/>
      </fault>
    </operation>
    <operation name="UpdateConsumerStatus">
      <soap:operation soapAction="UpdateConsumerStatus"/>
      <input>
        <soap:body use="literal"/>
        <soap:header message="ent2:EnterpriseContextHeader" part="enterpriseHeader" use="literal"/>
      </input>
      <output>
        <soap:body use="literal"/>
      </output>
      <fault name="Fault">
        <soap:fault name="Fault" use="literal"/>
      </fault>
    </operation>
    <operation name="UpdateOlpId">
      <soap:operation soapAction="UpdateOlpId"/>
      <input>
        <soap:body use="literal"/>
        <soap:header message="ent2:EnterpriseContextHeader" part="enterpriseHeader" use="literal"/>
      </input>
      <output>
        <soap:body use="literal"/>
      </output>
      <fault name="Fault">
        <soap:fault name="Fault" use="literal"/>
      </fault>
    </operation>
  </binding>
  <service name="BankConsumerManager">
    <wsdl:documentation>URL where the service is hosted. (To be updated with test/production server URL)</wsdl:documentation>
    <port binding="tns:BankConsumerManagerBinding" name="BankConsumerManager">
      <soap:address location="https://servername:port/BankConsumerManagement/01_00/BankConsumerManager"/>
    </port>
  </service>
</definitions>]]></con:content><con:type>http://schemas.xmlsoap.org/wsdl/</con:type></con:part><con:part><con:url>file:\C:\SAIB\OLP%20Modules%20Docu\TestData\OLP%20Test%20Data\Issuer%20Wsdls\ISSUER_SADAD_DP\OLPSADADBankConsumer\EnterpriseContext.wsdl</con:url><con:content><![CDATA[<wsdl:definitions targetNamespace="http://enterprise.olp.sadad.com/Infrastructure/EnterpriseContext" xmlns:s2="http://enterprise.olp.sadad.com/Infrastructure/EnterpriseContext" xmlns:wsdl="http://schemas.xmlsoap.org/wsdl/" xmlns:xsd="http://www.w3.org/2001/XMLSchema">
  <wsdl:types>
    <xsd:schema targetNamespace="http://enterprise.olp.sadad.com/Infrastructure/EnterpriseContext">
      <xsd:include schemaLocation="EnterpriseContext.xsd"/>
    </xsd:schema>
  </wsdl:types>
  <wsdl:message name="EnterpriseContextHeader">
    <wsdl:part element="s2:enterpriseContext" name="enterpriseHeader"/>
  </wsdl:message>
</wsdl:definitions>]]></con:content><con:type>http://schemas.xmlsoap.org/wsdl/</con:type></con:part><con:part><con:url>file:\C:\SAIB\OLP%20Modules%20Docu\TestData\OLP%20Test%20Data\Issuer%20Wsdls\ISSUER_SADAD_DP\OLPSADADBankConsumer\EnterpriseContext.xsd</con:url><con:content><![CDATA[<xsd:schema xml:lang="en" elementFormDefault="qualified" attributeFormDefault="unqualified" targetNamespace="http://enterprise.olp.sadad.com/Infrastructure/EnterpriseContext" xmlns="http://enterprise.olp.sadad.com/Infrastructure/EnterpriseContext" xmlns:xsd="http://www.w3.org/2001/XMLSchema">
  <xsd:annotation>
    <xsd:documentation>This schema describes the EnterpriseContext.</xsd:documentation>
  </xsd:annotation>
  <!--Type definitions of simple types-->
  <xsd:simpleType name="ProcessContextId_Type">
    <xsd:annotation>
      <xsd:documentation>This will be a universal message identifier with the combination of 
								1.	Requester Code
								2.	Unique Number generated by Caller (6 digit)
								3.	Timestamp in milliseconds</xsd:documentation>
    </xsd:annotation>
    <xsd:restriction base="xsd:string">
      <xsd:maxLength value="50"/>
    </xsd:restriction>
  </xsd:simpleType>
  <xsd:simpleType name="ApplicationContextId_Type">
    <xsd:annotation>
      <xsd:documentation>Name of the requested application. Possible values are
							1:SADAD OLP System
							2.Issuing Bank System							
							3:Acquiring Bank System
							4:AB-Merchant Portal
							5:IB-Consumer Portal
							6:SADAD Portal
							7:Bank Portal
							8:Merchant System
							9: Sender Bank System
							10: Recipient Bank System</xsd:documentation>
    </xsd:annotation>
    <xsd:restriction base="xsd:int"></xsd:restriction>
  </xsd:simpleType>
  <xsd:simpleType name="BusinessContextId_Type">
    <xsd:annotation>
      <xsd:documentation>This identifier unique used to uniquely identify the type of business request.
			  Below given are possible values.
					CR – Consumer Registration and Management
					MR – Merchant Registration and Management
					CO – Consumer Checkout and Payment
					RS – Reconciliation and Settlement
					RF – Refund Payment
					DP – Consumer/Merchant Dispute
					TM – Service Support
					MT - Merchant Testing
					BM - BOP Management
					FM - Feedback Management 
					NM - Notification Management
					FT - Fund Transfer
					PM - Profile management</xsd:documentation>
    </xsd:annotation>
    <xsd:restriction base="xsd:string">
      <xsd:maxLength value="2"/>
    </xsd:restriction>
  </xsd:simpleType>
  <xsd:simpleType name="Language_Code">
    <xsd:annotation>
      <xsd:documentation>LanguageCode
			EN – English
		    AR - Arabic
		    The default value is EN
		    Added to implement CR041-Multilingual Support</xsd:documentation>
    </xsd:annotation>
    <xsd:restriction base="xsd:string">
      <xsd:maxLength value="20"/>
    </xsd:restriction>
  </xsd:simpleType>
  <xsd:simpleType name="Version_Number">
    <xsd:annotation>
      <xsd:documentation>Version number added to support backward compatibilty for services</xsd:documentation>
    </xsd:annotation>
    <xsd:restriction base="xsd:string">
      <xsd:maxLength value="20"/>
    </xsd:restriction>
  </xsd:simpleType>
  <xsd:simpleType name="RequesterCode_Type">
    <xsd:annotation>
      <xsd:documentation>RequestorCode</xsd:documentation>
    </xsd:annotation>
    <xsd:restriction base="xsd:string">
      <xsd:maxLength value="20"/>
    </xsd:restriction>
  </xsd:simpleType>
  <xsd:simpleType name="MachineIPAddress_Type">
    <xsd:annotation>
      <xsd:documentation>Contains the IP Address of the machine.</xsd:documentation>
    </xsd:annotation>
    <xsd:restriction base="xsd:string">
      <xsd:maxLength value="23"/>
    </xsd:restriction>
  </xsd:simpleType>
  <xsd:simpleType name="UserPrincipleName_Type">
    <xsd:annotation>
      <xsd:documentation>The user name that is used to log onto a machine.</xsd:documentation>
    </xsd:annotation>
    <xsd:restriction base="xsd:string">
      <xsd:maxLength value="15"/>
    </xsd:restriction>
  </xsd:simpleType>
  <xsd:simpleType name="RequestedTimestamp_Type">
    <xsd:annotation>
      <xsd:documentation>The user name that is used to log onto a machine.</xsd:documentation>
    </xsd:annotation>
    <xsd:restriction base="xsd:dateTime"></xsd:restriction>
  </xsd:simpleType>
  <xsd:simpleType name="ChannelId_Type">
    <xsd:annotation>
      <xsd:documentation>The unique Identifier for the channel used to initiate the request.
			Code used to determine the channel. Possible values are
					1 : Web browser
					2 : Mobile browser
					3 : ATM Kiosk
					4 : Smartphone App
					5 : Batch</xsd:documentation>
    </xsd:annotation>
    <xsd:restriction base="xsd:int">
      <xsd:totalDigits value="2"/>
    </xsd:restriction>
  </xsd:simpleType>
  <xsd:simpleType name="ConsumerIPAddress_Type">
    <xsd:annotation>
      <xsd:documentation>IP Address of the consumer.Added to implement CR062</xsd:documentation>
    </xsd:annotation>
    <xsd:restriction base="xsd:string"></xsd:restriction>
  </xsd:simpleType>
  <xsd:simpleType name="MerchantIPAddress_Type">
    <xsd:annotation>
      <xsd:documentation>IP Address of the merchant.Added to implement CR062 ( not required in P2P)</xsd:documentation>
    </xsd:annotation>
    <xsd:restriction base="xsd:string"></xsd:restriction>
  </xsd:simpleType>
  <!--Type definitions of complex types (Aggregates)-->
  <xsd:complexType name="ContextInfo">
    <xsd:annotation>
      <xsd:documentation>Contains information about the context within which the request is executing.</xsd:documentation>
    </xsd:annotation>
    <xsd:sequence>
      <xsd:element name="ProcessContextId" type="ProcessContextId_Type" minOccurs="1" maxOccurs="1"/>
      <xsd:element name="businessContextId" type="BusinessContextId_Type" minOccurs="1" maxOccurs="1"/>
      <xsd:element name="applicationContextId" type="ApplicationContextId_Type" minOccurs="1" maxOccurs="1"/>
      <xsd:element name="languageCode" type="Language_Code" minOccurs="0" maxOccurs="1"/>
      <xsd:element name="versionNumber" type="Version_Number" minOccurs="0" maxOccurs="1"/>
    </xsd:sequence>
  </xsd:complexType>
  <xsd:complexType name="RequestOriginator">
    <xsd:annotation>
      <xsd:documentation>Contains information about where and when the request was originated.</xsd:documentation>
    </xsd:annotation>
    <xsd:sequence>
      <xsd:element name="requesterCode" type="RequesterCode_Type" minOccurs="1" maxOccurs="1"/>
      <xsd:element name="machineIPAddress" type="MachineIPAddress_Type" minOccurs="1" maxOccurs="1"/>
      <xsd:element name="userPrincipleName" type="UserPrincipleName_Type" minOccurs="1" maxOccurs="1"/>
      <xsd:element name="requestedTimestamp" type="RequestedTimestamp_Type" minOccurs="1" maxOccurs="1"/>
      <xsd:element name="channelId" type="ChannelId_Type" minOccurs="1" maxOccurs="1"/>
      <xsd:element name="consumerIPAddress" type="ConsumerIPAddress_Type" minOccurs="0" maxOccurs="1"/>
      <xsd:element name="merchantIPAddress" type="MerchantIPAddress_Type" minOccurs="0" maxOccurs="1"/>
    </xsd:sequence>
  </xsd:complexType>
  <!--Type definitions of complex types (Messages)-->
  <xsd:complexType name="EnterpriseContext_Type">
    <xsd:annotation>
      <xsd:documentation>Contain enterprise specific information that is required on every request.</xsd:documentation>
    </xsd:annotation>
    <xsd:sequence>
      <xsd:element name="contextInfo" type="ContextInfo" minOccurs="1" maxOccurs="1"/>
      <xsd:element name="requestOriginator" type="RequestOriginator" minOccurs="1" maxOccurs="1"/>
    </xsd:sequence>
  </xsd:complexType>
  <!--Message complex types made available as elements-->
  <xsd:element name="enterpriseContext" type="EnterpriseContext_Type"/>
</xsd:schema>]]></con:content><con:type>http://www.w3.org/2001/XMLSchema</con:type></con:part><con:part><con:url>file:\C:\SAIB\OLP%20Modules%20Docu\TestData\OLP%20Test%20Data\Issuer%20Wsdls\ISSUER_SADAD_DP\OLPSADADBankConsumer\SADADBankConsumerManager.xsd</con:url><con:content><![CDATA[<!--Copyright All Rights Reserved. This software is the proprietary information 
	of SADAD. Use is subject to license terms.-->
<xs:schema targetNamespace="http://olp.sadad.com/bankconsumermanagement/service/bankconsumermanager/intf/1" version="1.0" xmlns:xs="http://www.w3.org/2001/XMLSchema" xmlns:tns="http://olp.sadad.com/bankconsumermanagement/service/bankconsumermanager/intf/1" xmlns:xsd="http://www.w3.org/2001/XMLSchema">
  <xsd:annotation>
    <xsd:documentation>This schema defines the data transfer objects used
			by the OLP Consumer Manager service.</xsd:documentation>
  </xsd:annotation>
  <xsd:annotation>
    <xsd:documentation>Below element tag shows the @RequestWrapper and
			@ResponseWrapper name and type.
			The default value of the localName is
			the operationName for Request
			wrapper and
			operationName appended by
			Response for Response wrapper.</xsd:documentation>
  </xsd:annotation>
  <xs:element name="Fault" type="tns:Fault">
    <xsd:annotation>
      <xsd:documentation>Fault element wrapper.</xsd:documentation>
    </xsd:annotation>
  </xs:element>
  <xs:element name="GetConsumerDetails" type="tns:GetConsumerDetails">
    <xsd:annotation>
      <xsd:documentation>GetConsumerDetails request jax-ws element wrapper.</xsd:documentation>
    </xsd:annotation>
  </xs:element>
  <xs:element name="GetConsumerDetailsResponse" type="tns:GetConsumerDetailsResponse">
    <xsd:annotation>
      <xsd:documentation>GetConsumerDetails response jax-ws element
				wrapper.</xsd:documentation>
    </xsd:annotation>
  </xs:element>
  <xs:element name="UpdateConsumerStatus" type="tns:UpdateConsumerStatus">
    <xsd:annotation>
      <xsd:documentation>UpdateConsumerStatus request jax-ws element
				wrapper.</xsd:documentation>
    </xsd:annotation>
  </xs:element>
  <xs:element name="UpdateConsumerStatusResponse" type="tns:UpdateConsumerStatusResponse">
    <xsd:annotation>
      <xsd:documentation>UpdateConsumerStatus response jax-ws element
				wrapper.</xsd:documentation>
    </xsd:annotation>
  </xs:element>
  <xs:element name="UpdateOlpId" type="tns:UpdateOlpId">
    <xsd:annotation>
      <xsd:documentation>UpdateOlpId request jax-ws element wrapper.</xsd:documentation>
    </xsd:annotation>
  </xs:element>
  <xs:element name="UpdateOlpIdResponse" type="tns:UpdateOlpIdResponse">
    <xsd:annotation>
      <xsd:documentation>UpdateOlpId response jax-ws element
				wrapper.</xsd:documentation>
    </xsd:annotation>
  </xs:element>
  <!--Below given are the request and response elements and corresponding 
		attributes.-->
  <xs:complexType name="GetConsumerDetails">
    <xsd:annotation>
      <xsd:documentation>GetConsumerDetails request wrapper.</xsd:documentation>
    </xsd:annotation>
    <xs:sequence>
      <xs:element minOccurs="1" maxOccurs="1" name="GetConsumerDetailsRequest" type="tns:GetConsumerDetailsRequest"/>
    </xs:sequence>
  </xs:complexType>
  <xs:complexType name="GetConsumerDetailsRequest">
    <xs:sequence>
      <xs:element minOccurs="1" maxOccurs="1" name="identity" type="tns:Identity"/>
    </xs:sequence>
  </xs:complexType>
  <xs:complexType name="IdDetails">
    <xs:sequence>
      <xs:element minOccurs="0" maxOccurs="1" name="issueDate" type="xs:date">
        <xsd:annotation>
          <xsd:documentation>Issue date of Id</xsd:documentation>
        </xsd:annotation>
      </xs:element>
      <xs:element minOccurs="0" maxOccurs="1" name="expiryDate" type="xs:date">
        <xsd:annotation>
          <xsd:documentation>Expiry date of Id</xsd:documentation>
        </xsd:annotation>
      </xs:element>
    </xs:sequence>
  </xs:complexType>
  <xs:complexType name="Identity">
    <xs:sequence>
      <xs:element minOccurs="1" maxOccurs="1" name="idType" type="xs:int">
        <xsd:annotation>
          <xsd:documentation>1 = National Id
						2 = Iqama Id
						3 = CR Number</xsd:documentation>
        </xsd:annotation>
      </xs:element>
      <xs:element minOccurs="1" maxOccurs="1" name="idNum" type="xs:string">
        <xsd:annotation>
          <xsd:documentation>The Identity number, which can be national Id,
						iqama or CR number</xsd:documentation>
        </xsd:annotation>
      </xs:element>
    </xs:sequence>
  </xs:complexType>
  <xs:complexType name="GetConsumerDetailsResponse">
    <xsd:annotation>
      <xsd:documentation>GetConsumerDetails response wrapper.</xsd:documentation>
    </xsd:annotation>
    <xs:sequence>
      <xs:element minOccurs="1" maxOccurs="1" name="GetConsumerDetailsReply" type="tns:GetConsumerDetailsReply"/>
    </xs:sequence>
  </xs:complexType>
  <xs:complexType name="GetConsumerDetailsReply">
    <xs:sequence>
      <xs:element minOccurs="0" maxOccurs="1" name="consumer" type="tns:Consumer"/>
      <xs:element minOccurs="1" maxOccurs="1" name="responseCode" type="xs:string">
        <xsd:annotation>
          <xsd:documentation>responseCode :
						00.Success
						01.Failure</xsd:documentation>
        </xsd:annotation>
      </xs:element>
      <xs:element minOccurs="0" maxOccurs="1" name="bankBusinessException" type="tns:BankBusinessException"/>
    </xs:sequence>
  </xs:complexType>
  <xs:complexType name="Consumer">
    <xs:sequence>
      <xs:element minOccurs="0" maxOccurs="1" name="idDetails" type="tns:IdDetails">
        <xsd:annotation>
          <xsd:documentation>The additional identity details of consumer</xsd:documentation>
        </xsd:annotation>
      </xs:element>
      <xs:element minOccurs="0" maxOccurs="1" name="individualConsumer" type="tns:IndividualConsumer">
        <xsd:annotation>
          <xsd:documentation>Element to hold IndividualConsumer</xsd:documentation>
        </xsd:annotation>
      </xs:element>
      <xs:element minOccurs="0" maxOccurs="1" name="businessCosumer" type="tns:BusinessConsumer">
        <xsd:annotation>
          <xsd:documentation>Element to hold BusinessConsumer</xsd:documentation>
        </xsd:annotation>
      </xs:element>
      <xs:element minOccurs="1" maxOccurs="1" name="mobileNumber" type="xs:string">
        <xsd:annotation>
          <xsd:documentation>Mobile number of the consumer</xsd:documentation>
        </xsd:annotation>
      </xs:element>
    </xs:sequence>
  </xs:complexType>
  <xs:complexType name="IndividualConsumer">
    <xs:sequence>
      <xs:element minOccurs="1" maxOccurs="1" name="birthDate" type="xs:date">
        <xsd:annotation>
          <xsd:documentation>Consumer’s date of birth(YYYY-MM-DD)</xsd:documentation>
        </xsd:annotation>
      </xs:element>
      <xs:element minOccurs="1" maxOccurs="1" name="gender" type="xs:int">
        <xsd:annotation>
          <xsd:documentation>Gender of consumer
						1.Male
						2.Female</xsd:documentation>
        </xsd:annotation>
      </xs:element>
      <xs:element minOccurs="1" maxOccurs="1" name="middleName" type="xs:string">
        <xsd:annotation>
          <xsd:documentation>Middle name of consumer</xsd:documentation>
        </xsd:annotation>
      </xs:element>
      <xs:element minOccurs="1" maxOccurs="1" name="lastName" type="xs:string">
        <xsd:annotation>
          <xsd:documentation>Last name of consumer</xsd:documentation>
        </xsd:annotation>
      </xs:element>
      <xs:element minOccurs="1" maxOccurs="1" name="firstName" type="xs:string">
        <xsd:annotation>
          <xsd:documentation>First name of consumer</xsd:documentation>
        </xsd:annotation>
      </xs:element>
    </xs:sequence>
  </xs:complexType>
  <xs:complexType name="BusinessConsumer">
    <xs:sequence>
      <xs:element minOccurs="1" maxOccurs="1" name="establishmentName" type="xs:string">
        <xsd:annotation>
          <xsd:documentation>Name of the Business consumer</xsd:documentation>
        </xsd:annotation>
      </xs:element>
    </xs:sequence>
  </xs:complexType>
  <xs:complexType name="BankBusinessException">
    <xsd:annotation>
      <xsd:documentation>Element to hold bankBusinessException</xsd:documentation>
    </xsd:annotation>
    <xs:sequence>
      <xs:element minOccurs="1" maxOccurs="1" name="errorCode" type="xs:string"/>
      <xs:element minOccurs="1" maxOccurs="1" name="errorMessage" type="xs:string"/>
    </xs:sequence>
  </xs:complexType>
  <xs:complexType name="UpdateConsumerStatus">
    <xsd:annotation>
      <xsd:documentation>UpdateConsumerStatus request wrapper.</xsd:documentation>
    </xsd:annotation>
    <xs:sequence>
      <xs:element minOccurs="1" maxOccurs="1" name="UpdateConsumerStatusRequest" type="tns:UpdateConsumerStatusRequest"/>
    </xs:sequence>
  </xs:complexType>
  <xs:complexType name="UpdateConsumerStatusRequest">
    <xs:sequence>
      <xs:element minOccurs="1" maxOccurs="1" name="olpId" type="xs:long">
        <xsd:annotation>
          <xsd:documentation>Olp id of the consumer</xsd:documentation>
        </xsd:annotation>
      </xs:element>
      <xs:element minOccurs="1" maxOccurs="1" name="status" type="xs:int">
        <xsd:annotation>
          <xsd:documentation>Status of the consumer
						In SADAD OLP System,
						consumer has the following status:
						1.registered
						2.active
						3.blacklisted
						4.on hold
						5.inactive
						6.closed
						7.disabled
						8.expired</xsd:documentation>
        </xsd:annotation>
      </xs:element>
      <xs:element minOccurs="1" maxOccurs="1" name="statusReason" type="xs:string">
        <xsd:annotation>
          <xsd:documentation>The reason for status change</xsd:documentation>
        </xsd:annotation>
      </xs:element>
    </xs:sequence>
  </xs:complexType>
  <xs:complexType name="UpdateConsumerStatusResponse">
    <xsd:annotation>
      <xsd:documentation>UpdateConsumerStatus request wrapper.</xsd:documentation>
    </xsd:annotation>
    <xs:sequence>
      <xs:element minOccurs="1" maxOccurs="1" name="UpdateConsumerStatusReply" type="tns:UpdateConsumerStatusReply"/>
    </xs:sequence>
  </xs:complexType>
  <xs:complexType name="UpdateConsumerStatusReply">
    <xs:sequence>
      <xs:element minOccurs="1" maxOccurs="1" name="responseCode" type="xs:string">
        <xsd:annotation>
          <xsd:documentation>responseCode :
						00.Success
						01.Failure</xsd:documentation>
        </xsd:annotation>
      </xs:element>
      <xs:element minOccurs="0" maxOccurs="1" name="bankBusinessException" type="tns:BankBusinessException">
        <xsd:annotation>
          <xsd:documentation>Element to hold olpBusinessException</xsd:documentation>
        </xsd:annotation>
      </xs:element>
    </xs:sequence>
  </xs:complexType>
  <xs:complexType name="UpdateOlpId">
    <xsd:annotation>
      <xsd:documentation>UpdateOlpId request wrapper.</xsd:documentation>
    </xsd:annotation>
    <xs:sequence>
      <xs:element minOccurs="1" maxOccurs="1" name="UpdateOlpIdRequest" type="tns:UpdateOlpIdRequest"/>
    </xs:sequence>
  </xs:complexType>
  <xs:complexType name="UpdateOlpIdRequest">
    <xs:sequence>
      <xs:element minOccurs="1" maxOccurs="1" name="identity" type="tns:Identity"/>
      <xs:element minOccurs="1" maxOccurs="1" name="olpId" type="xs:long">
        <xsd:annotation>
          <xsd:documentation>Olp id of the consumer</xsd:documentation>
        </xsd:annotation>
      </xs:element>
    </xs:sequence>
  </xs:complexType>
  <xs:complexType name="UpdateOlpIdResponse">
    <xsd:annotation>
      <xsd:documentation>UpdateOlpId request wrapper.</xsd:documentation>
    </xsd:annotation>
    <xs:sequence>
      <xs:element minOccurs="1" maxOccurs="1" name="UpdateOlpIdReply" type="tns:UpdateOlpIdReply"/>
    </xs:sequence>
  </xs:complexType>
  <xs:complexType name="UpdateOlpIdReply">
    <xs:sequence>
      <xs:element minOccurs="1" maxOccurs="1" name="responseCode" type="xs:string">
        <xsd:annotation>
          <xsd:documentation>responseCode :
						00.Success
						01.Failure</xsd:documentation>
        </xsd:annotation>
      </xs:element>
      <xs:element minOccurs="0" maxOccurs="1" name="bankBusinessException" type="tns:BankBusinessException">
        <xsd:annotation>
          <xsd:documentation>Element to hold olpBusinessException</xsd:documentation>
        </xsd:annotation>
      </xs:element>
    </xs:sequence>
  </xs:complexType>
  <xs:complexType name="Fault">
    <xs:sequence>
      <xs:element minOccurs="1" maxOccurs="1" name="faultCode" type="xs:string">
        <xsd:annotation>
          <xsd:documentation>Fault Type of the fault occured</xsd:documentation>
        </xsd:annotation>
      </xs:element>
      <xs:element minOccurs="1" maxOccurs="1" name="faultString" type="xs:string">
        <xsd:annotation>
          <xsd:documentation>Errormessage of the fault occured</xsd:documentation>
        </xsd:annotation>
      </xs:element>
      <xs:element minOccurs="1" maxOccurs="1" name="timeStamp" type="xs:dateTime">
        <xsd:annotation>
          <xsd:documentation>Time when the fault occured</xsd:documentation>
        </xsd:annotation>
      </xs:element>
    </xs:sequence>
  </xs:complexType>
</xs:schema>]]></con:content><con:type>http://www.w3.org/2001/XMLSchema</con:type></con:part></con:definitionCache><con:endpoints><con:endpoint>https://servername:port/BankConsumerManagement/01_00/BankConsumerManager</con:endpoint></con:endpoints><con:operation id="6a2e08e1-3e07-4f48-98b6-e7f1c27d1cbd" isOneWay="false" action="GetConsumerDetails" name="GetConsumerDetails" bindingOperationName="GetConsumerDetails" type="Request-Response" inputName="" receivesAttachments="false" sendsAttachments="false" anonymous="optional"><con:settings/><con:call id="41b4e790-9ac5-448e-b493-55907099588f" name="Request 1"><con:settings><con:setting id="com.eviware.soapui.impl.wsdl.WsdlRequest@request-headers">&lt;xml-fragment/></con:setting></con:settings><con:encoding>UTF-8</con:encoding><con:endpoint>http://192.168.105.110:9080/BankConsumerManagement/01_00/BankConsumerManager/1.0</con:endpoint><con:request><![CDATA[<soap:Envelope xmlns:soap="http://www.w3.org/2003/05/soap-envelope" xmlns:ent="http://enterprise.olp.sadad.com/Infrastructure/EnterpriseContext" xmlns:ns="http://olp.sadad.com/bankconsumermanagement/service/bankconsumermanager/intf/1">\r
   <soap:Header>
      <ent:enterpriseContext>
         <ent:contextInfo>
            <ent:ProcessContextId>SIBC1955991483443933526</ent:ProcessContextId>
            <ent:businessContextId>TM</ent:businessContextId>
            <ent:applicationContextId>4</ent:applicationContextId>
            <!--Optional:-->
            <ent:languageCode>en</ent:languageCode>
            <!--Optional:-->
            <ent:versionNumber>1.0</ent:versionNumber>
         </ent:contextInfo>
         <ent:requestOriginator>
            <ent:requesterCode>SIBC</ent:requesterCode>
            <ent:machineIPAddress>10.10.21.57</ent:machineIPAddress>
            <ent:userPrincipleName>1026</ent:userPrincipleName>
            <ent:requestedTimestamp>2018-01-03T14:45:33</ent:requestedTimestamp>
            <ent:channelId>1</ent:channelId>
         </ent:requestOriginator>
      </ent:enterpriseContext>
   </soap:Header>
   <soap:Body>\r
      <ns:GetConsumerDetails>\r
         <GetConsumerDetailsRequest>\r
            <identity>\r
               <idType>2</idType>\r
               <idNum>1010363756</idNum>\r
            </identity>\r
         </GetConsumerDetailsRequest>\r
      </ns:GetConsumerDetails>\r
   </soap:Body>\r
</soap:Envelope>]]></con:request><con:credentials><con:authType>No Authorization</con:authType></con:credentials><con:jmsConfig JMSDeliveryMode="PERSISTENT"/><con:jmsPropertyConfig/><con:wsaConfig mustUnderstand="NONE" version="200508" action="{http://schemas.xmlsoap.org/wsdl/}GetConsumerDetails"/><con:wsrmConfig version="1.2"/></con:call></con:operation><con:operation id="db811594-6210-40ae-997e-e09bc2213ba1" isOneWay="false" action="UpdateConsumerStatus" name="UpdateConsumerStatus" bindingOperationName="UpdateConsumerStatus" type="Request-Response" inputName="" receivesAttachments="false" sendsAttachments="false" anonymous="optional"><con:settings/><con:call id="1314e783-ea0c-4453-8128-c1c466408930" name="Request 1"><con:settings><con:setting id="com.eviware.soapui.impl.wsdl.WsdlRequest@request-headers">&lt;xml-fragment/></con:setting></con:settings><con:encoding>UTF-8</con:encoding><con:endpoint>http://192.168.105.110:9080/BankConsumerManagement/01_00/BankConsumerManager/1.0</con:endpoint><con:request><![CDATA[<soap:Envelope xmlns:soap="http://www.w3.org/2003/05/soap-envelope" xmlns:ent="http://enterprise.olp.sadad.com/Infrastructure/EnterpriseContext" xmlns:ns="http://olp.sadad.com/bankconsumermanagement/service/bankconsumermanager/intf/1">
   <soap:Header>
      <ent:enterpriseContext>
         <ent:contextInfo>
            <ent:ProcessContextId>SIBC1955992483443933611</ent:ProcessContextId>
            <ent:businessContextId>TM</ent:businessContextId>
            <ent:applicationContextId>4</ent:applicationContextId>
            <!--Optional:-->
            <ent:languageCode>en</ent:languageCode>
            <!--Optional:-->
            <ent:versionNumber>1.0</ent:versionNumber>
         </ent:contextInfo>
         <ent:requestOriginator>
            <ent:requesterCode>SIBC</ent:requesterCode>
            <ent:machineIPAddress>10.10.21.57</ent:machineIPAddress>
            <ent:userPrincipleName>1026</ent:userPrincipleName>
            <ent:requestedTimestamp>2018-01-03T14:45:33</ent:requestedTimestamp>
            <ent:channelId>1</ent:channelId>
         </ent:requestOriginator>
      </ent:enterpriseContext>
   </soap:Header>
   <soap:Body>
      <ns:UpdateConsumerStatus>
         <UpdateConsumerStatusRequest>
            <olpId>105859</olpId>
            <status>10</status>
            <statusReason>CONSUMER REGISTERED WITH P2P</statusReason>
         </UpdateConsumerStatusRequest>
      </ns:UpdateConsumerStatus>
   </soap:Body>
</soap:Envelope>]]></con:request><con:credentials><con:authType>No Authorization</con:authType></con:credentials><con:jmsConfig JMSDeliveryMode="PERSISTENT"/><con:jmsPropertyConfig/><con:wsaConfig mustUnderstand="NONE" version="200508" action="{http://schemas.xmlsoap.org/wsdl/}UpdateConsumerStatus"/><con:wsrmConfig version="1.2"/></con:call></con:operation><con:operation id="f45ca7df-f618-4b6b-9e7e-403b817b0087" isOneWay="false" action="UpdateOlpId" name="UpdateOlpId" bindingOperationName="UpdateOlpId" type="Request-Response" inputName="" receivesAttachments="false" sendsAttachments="false" anonymous="optional"><con:settings/><con:call id="90520459-34ea-43bf-b1ba-6bcb6d11f29b" name="Request 1"><con:settings><con:setting id="com.eviware.soapui.impl.wsdl.WsdlRequest@request-headers">&lt;xml-fragment/></con:setting></con:settings><con:encoding>UTF-8</con:encoding><con:endpoint>http://192.168.105.110:9080/BankConsumerManagement/01_00/BankConsumerManager/1.0</con:endpoint><con:request><![CDATA[<soap:Envelope xmlns:soap="http://www.w3.org/2003/05/soap-envelope" xmlns:ent="http://enterprise.olp.sadad.com/Infrastructure/EnterpriseContext" xmlns:ns="http://olp.sadad.com/bankconsumermanagement/service/bankconsumermanager/intf/1">\r
   <soap:Header>\r
      <ent:enterpriseContext>
         <ent:contextInfo>
            <ent:ProcessContextId>SIBC1955992483443931665</ent:ProcessContextId>
            <ent:businessContextId>TM</ent:businessContextId>
            <ent:applicationContextId>4</ent:applicationContextId>
            <!--Optional:-->
            <ent:languageCode>en</ent:languageCode>
            <!--Optional:-->
            <ent:versionNumber>1.0</ent:versionNumber>
         </ent:contextInfo>
         <ent:requestOriginator>
            <ent:requesterCode>SIBC</ent:requesterCode>
            <ent:machineIPAddress>10.10.21.57</ent:machineIPAddress>
            <ent:userPrincipleName>1026</ent:userPrincipleName>
            <ent:requestedTimestamp>2018-01-03T14:45:33</ent:requestedTimestamp>
            <ent:channelId>1</ent:channelId>
         </ent:requestOriginator>
      </ent:enterpriseContext>
   </soap:Header>\r
   <soap:Body>\r
      <ns:UpdateOlpId>\r
         <UpdateOlpIdRequest>\r
            <identity>\r
               <idType>0</idType>\r
               <idNum>1019940600</idNum>\r
            </identity>\r
            <olpId>124746</olpId>\r
         </UpdateOlpIdRequest>\r
      </ns:UpdateOlpId>\r
   </soap:Body>\r
</soap:Envelope>]]></con:request><con:credentials><con:authType>No Authorization</con:authType></con:credentials><con:jmsConfig JMSDeliveryMode="PERSISTENT"/><con:jmsPropertyConfig/><con:wsaConfig mustUnderstand="NONE" version="200508" action="{http://schemas.xmlsoap.org/wsdl/}UpdateOlpId"/><con:wsrmConfig version="1.2"/></con:call></con:operation></con:interface><con:properties/><con:wssContainer/><con:oAuth2ProfileContainer/><con:oAuth1ProfileContainer/><con:databaseConnectionContainer/><con:reporting><con:xmlTemplates/><con:parameters/></con:reporting></con:soapui-project>