<?xml version="1.0" encoding="UTF-8"?>
<con:soapui-project id="3af40061-574c-4807-976f-8b2e6b12a279" activeEnvironment="Default" name="OLPSADADBankReconciliation" resourceRoot="" soapui-version="5.4.0" abortOnError="false" runType="SEQUENTIAL" xmlns:con="http://eviware.com/soapui/config"><con:settings/><con:interface xsi:type="con:WsdlInterface" id="df27f002-a452-4c83-a76e-e3918f9ba20b" wsaVersion="NONE" name="BankReconciliationManagerBinding" type="wsdl" bindingName="{http://olp.sadad.com/bankreconciliationmanagement/service/bankreconciliationmanager/intf/1}BankReconciliationManagerBinding" soapVersion="1_2" anonymous="optional" definition="file:/C:/SAIB/OLP%20Modules%20Docu/TestData/OLP%20Test%20Data/Issuer%20Wsdls/ISSUER_SADAD_DP/OLPSADADBankReconciliation/SADADBankReconciliationManager.wsdl" xmlns:xsi="http://www.w3.org/2001/XMLSchema-instance"><con:settings/><con:definitionCache type="TEXT" rootPart="file:\C:\SAIB\OLP%20Modules%20Docu\TestData\OLP%20Test%20Data\Issuer%20Wsdls\ISSUER_SADAD_DP\OLPSADADBankReconciliation\SADADBankReconciliationManager.wsdl"><con:part><con:url>file:\C:\SAIB\OLP%20Modules%20Docu\TestData\OLP%20Test%20Data\Issuer%20Wsdls\ISSUER_SADAD_DP\OLPSADADBankReconciliation\SADADBankReconciliationManager.wsdl</con:url><con:content><![CDATA[<!--Copyright All Rights Reserved. This software is the
	proprietary information of SADAD. Use is subject to license terms.-->
<definitions name="BankReconciliationManager" targetNamespace="http://olp.sadad.com/bankreconciliationmanagement/service/bankreconciliationmanager/intf/1" xmlns="http://schemas.xmlsoap.org/wsdl/" xmlns:ent2="http://enterprise.olp.sadad.com/Infrastructure/EnterpriseContext" xmlns:soap="http://schemas.xmlsoap.org/wsdl/soap12/" xmlns:tns="http://olp.sadad.com/bankreconciliationmanagement/service/bankreconciliationmanager/intf/1" xmlns:wsam="http://www.w3.org/2007/05/addressing/metadata" xmlns:wsp="http://www.w3.org/ns/ws-policy" xmlns:wsp1_2="http://schemas.xmlsoap.org/ws/2004/09/policy" xmlns:wsu="http://docs.oasis-open.org/wss/2004/01/oasis-200401-wss-wssecurity-utility-1.0.xsd" xmlns:xsd="http://www.w3.org/2001/XMLSchema" xmlns:wsdl="http://schemas.xmlsoap.org/wsdl/">
  <wsdl:documentation>Payment Instruction manager service definition is used to perform the functionalities like
		1. Processing of debit instructions.
		2. Processing of credit instructions</wsdl:documentation>
  <wsdl:import location="EnterpriseContext.wsdl" namespace="http://enterprise.olp.sadad.com/Infrastructure/EnterpriseContext"/>
  <types>
    <xsd:schema>
      <xsd:import namespace="http://olp.sadad.com/bankreconciliationmanagement/service/bankreconciliationmanager/intf/1" schemaLocation="SADADBankReconciliationManager.xsd"/>
    </xsd:schema>
  </types>
  <message name="ProcessOLPReconReport">
    <part element="tns:ProcessOLPReconReport" name="parameters"/>
  </message>
  <message name="ProcessOLPReconReportResponse">
    <part element="tns:ProcessOLPReconReportResponse" name="parameters"/>
  </message>
  <message name="Fault">
    <part element="tns:Fault" name="fault"/>
  </message>
  <message name="ProcessOLPCutoffMessage">
    <part element="tns:ProcessOLPCutoffMessage" name="parameters"/>
  </message>
  <message name="ProcessOLPCutoffMessageResponse">
    <part element="tns:ProcessOLPCutoffMessageResponse" name="parameters"/>
  </message>
  <portType name="BankReconciliationManager">
    <operation name="ProcessOLPReconReport">
      <wsdl:documentation>Process credit instruction - Operation name, input wrapper, output wrapper and fault wrapper.</wsdl:documentation>
      <input message="tns:ProcessOLPReconReport" wsam:Action="ProcessOLPReconReport"/>
      <output message="tns:ProcessOLPReconReportResponse" wsam:Action="http://olp.sadad.com/bankreconciliationmanagement/service/bankreconciliationmanager/intf/1/BankReconciliationManager/ProcessOLPReconReportResponse"/>
      <fault message="tns:Fault" name="Fault" wsam:Action="http://olp.sadad.com/bankreconciliationmanagement/service/bankreconciliationmanager/intf/1/BankReconciliationManager/ProcessOLPReconReport/Fault/Fault"/>
    </operation>
    <operation name="ProcessOLPCutoffMessage">
      <wsdl:documentation>Process credit instruction - Operation name, input wrapper, output wrapper and fault wrapper.</wsdl:documentation>
      <input message="tns:ProcessOLPCutoffMessage" wsam:Action="ProcessOLPCutoffMessage"/>
      <output message="tns:ProcessOLPCutoffMessageResponse" wsam:Action="http://olp.sadad.com/bankreconciliationmanagement/service/bankreconciliationmanager/intf/1/BankReconciliationManager/ProcessOLPCutoffMessageResponse"/>
      <fault message="tns:Fault" name="Fault" wsam:Action="http://olp.sadad.com/bankreconciliationmanagement/service/bankreconciliationmanager/intf/1/BankReconciliationManager/ProcessOLPCutoffMessage/Fault/Fault"/>
    </operation>
  </portType>
  <binding name="BankReconciliationManagerBinding" type="tns:BankReconciliationManager">
    <soap:binding style="document" transport="http://schemas.xmlsoap.org/soap/http"/>
    <operation name="ProcessOLPReconReport">
      <soap:operation soapAction="ProcessOLPReconReport"/>
      <input>
        <soap:body use="literal"/>
        <soap:header message="ent2:EnterpriseContextHeader" part="enterpriseHeader" use="literal"/>
      </input>
      <output>
        <soap:body use="literal"/>
      </output>
      <fault name="Fault">
        <soap:fault name="Fault" use="literal"/>
      </fault>
    </operation>
    <operation name="ProcessOLPCutoffMessage">
      <soap:operation soapAction="ProcessOLPCutoffMessage"/>
      <input>
        <soap:body use="literal"/>
        <soap:header message="ent2:EnterpriseContextHeader" part="enterpriseHeader" use="literal"/>
      </input>
      <output>
        <soap:body use="literal"/>
      </output>
      <fault name="Fault">
        <soap:fault name="Fault" use="literal"/>
      </fault>
    </operation>
  </binding>
  <service name="BankReconciliationManager">
    <wsdl:documentation>URL where the service is hosted. (To be updated with test/production server URL)</wsdl:documentation>
    <port binding="tns:BankReconciliationManagerBinding" name="BankReconciliationManager">
      <soap:address location="https://servername:port/BankReconciliationManagement/01_00/BankReconciliationManager"/>
    </port>
  </service>
</definitions>]]></con:content><con:type>http://schemas.xmlsoap.org/wsdl/</con:type></con:part><con:part><con:url>file:\C:\SAIB\OLP%20Modules%20Docu\TestData\OLP%20Test%20Data\Issuer%20Wsdls\ISSUER_SADAD_DP\OLPSADADBankReconciliation\EnterpriseContext.wsdl</con:url><con:content><![CDATA[<wsdl:definitions targetNamespace="http://enterprise.olp.sadad.com/Infrastructure/EnterpriseContext" xmlns:s2="http://enterprise.olp.sadad.com/Infrastructure/EnterpriseContext" xmlns:wsdl="http://schemas.xmlsoap.org/wsdl/" xmlns:xsd="http://www.w3.org/2001/XMLSchema">
  <wsdl:types>
    <xsd:schema targetNamespace="http://enterprise.olp.sadad.com/Infrastructure/EnterpriseContext">
      <xsd:include schemaLocation="EnterpriseContext.xsd"/>
    </xsd:schema>
  </wsdl:types>
  <wsdl:message name="EnterpriseContextHeader">
    <wsdl:part element="s2:enterpriseContext" name="enterpriseHeader"/>
  </wsdl:message>
</wsdl:definitions>]]></con:content><con:type>http://schemas.xmlsoap.org/wsdl/</con:type></con:part><con:part><con:url>file:\C:\SAIB\OLP%20Modules%20Docu\TestData\OLP%20Test%20Data\Issuer%20Wsdls\ISSUER_SADAD_DP\OLPSADADBankReconciliation\EnterpriseContext.xsd</con:url><con:content><![CDATA[<xsd:schema xml:lang="en" elementFormDefault="qualified" attributeFormDefault="unqualified" targetNamespace="http://enterprise.olp.sadad.com/Infrastructure/EnterpriseContext" xmlns="http://enterprise.olp.sadad.com/Infrastructure/EnterpriseContext" xmlns:xsd="http://www.w3.org/2001/XMLSchema">
  <xsd:annotation>
    <xsd:documentation>This schema describes the EnterpriseContext.</xsd:documentation>
  </xsd:annotation>
  <!--Type definitions of simple types-->
  <xsd:simpleType name="ProcessContextId_Type">
    <xsd:annotation>
      <xsd:documentation>This will be a universal message identifier with the combination of 
								1.	Requester Code
								2.	Unique Number generated by Caller (6 digit)
								3.	Timestamp in milliseconds</xsd:documentation>
    </xsd:annotation>
    <xsd:restriction base="xsd:string">
      <xsd:maxLength value="50"/>
    </xsd:restriction>
  </xsd:simpleType>
  <xsd:simpleType name="ApplicationContextId_Type">
    <xsd:annotation>
      <xsd:documentation>Name of the requested application. Possible values are
							1:SADAD OLP System
							2.Issuing Bank System							
							3:Acquiring Bank System
							4:AB-Merchant Portal
							5:IB-Consumer Portal
							6:SADAD Portal
							7:Bank Portal
							8:Merchant System
							9: Sender Bank System
							10: Recipient Bank System</xsd:documentation>
    </xsd:annotation>
    <xsd:restriction base="xsd:int"></xsd:restriction>
  </xsd:simpleType>
  <xsd:simpleType name="BusinessContextId_Type">
    <xsd:annotation>
      <xsd:documentation>This identifier unique used to uniquely identify the type of business request.
			  Below given are possible values.
					CR – Consumer Registration and Management
					MR – Merchant Registration and Management
					CO – Consumer Checkout and Payment
					RS – Reconciliation and Settlement
					RF – Refund Payment
					DP – Consumer/Merchant Dispute
					TM – Service Support
					MT - Merchant Testing
					BM - BOP Management
					FM - Feedback Management 
					NM - Notification Management
					FT - Fund Transfer
					PM - Profile management</xsd:documentation>
    </xsd:annotation>
    <xsd:restriction base="xsd:string">
      <xsd:maxLength value="2"/>
    </xsd:restriction>
  </xsd:simpleType>
  <xsd:simpleType name="Language_Code">
    <xsd:annotation>
      <xsd:documentation>LanguageCode
			EN – English
		    AR - Arabic
		    The default value is EN
		    Added to implement CR041-Multilingual Support</xsd:documentation>
    </xsd:annotation>
    <xsd:restriction base="xsd:string">
      <xsd:maxLength value="20"/>
    </xsd:restriction>
  </xsd:simpleType>
  <xsd:simpleType name="Version_Number">
    <xsd:annotation>
      <xsd:documentation>Version number added to support backward compatibilty for services</xsd:documentation>
    </xsd:annotation>
    <xsd:restriction base="xsd:string">
      <xsd:maxLength value="20"/>
    </xsd:restriction>
  </xsd:simpleType>
  <xsd:simpleType name="RequesterCode_Type">
    <xsd:annotation>
      <xsd:documentation>RequestorCode</xsd:documentation>
    </xsd:annotation>
    <xsd:restriction base="xsd:string">
      <xsd:maxLength value="20"/>
    </xsd:restriction>
  </xsd:simpleType>
  <xsd:simpleType name="MachineIPAddress_Type">
    <xsd:annotation>
      <xsd:documentation>Contains the IP Address of the machine.</xsd:documentation>
    </xsd:annotation>
    <xsd:restriction base="xsd:string">
      <xsd:maxLength value="23"/>
    </xsd:restriction>
  </xsd:simpleType>
  <xsd:simpleType name="UserPrincipleName_Type">
    <xsd:annotation>
      <xsd:documentation>The user name that is used to log onto a machine.</xsd:documentation>
    </xsd:annotation>
    <xsd:restriction base="xsd:string">
      <xsd:maxLength value="15"/>
    </xsd:restriction>
  </xsd:simpleType>
  <xsd:simpleType name="RequestedTimestamp_Type">
    <xsd:annotation>
      <xsd:documentation>The user name that is used to log onto a machine.</xsd:documentation>
    </xsd:annotation>
    <xsd:restriction base="xsd:dateTime"></xsd:restriction>
  </xsd:simpleType>
  <xsd:simpleType name="ChannelId_Type">
    <xsd:annotation>
      <xsd:documentation>The unique Identifier for the channel used to initiate the request.
			Code used to determine the channel. Possible values are
					1 : Web browser
					2 : Mobile browser
					3 : ATM Kiosk
					4 : Smartphone App
					5 : Batch</xsd:documentation>
    </xsd:annotation>
    <xsd:restriction base="xsd:int">
      <xsd:totalDigits value="2"/>
    </xsd:restriction>
  </xsd:simpleType>
  <xsd:simpleType name="ConsumerIPAddress_Type">
    <xsd:annotation>
      <xsd:documentation>IP Address of the consumer.Added to implement CR062</xsd:documentation>
    </xsd:annotation>
    <xsd:restriction base="xsd:string"></xsd:restriction>
  </xsd:simpleType>
  <xsd:simpleType name="MerchantIPAddress_Type">
    <xsd:annotation>
      <xsd:documentation>IP Address of the merchant.Added to implement CR062 ( not required in P2P)</xsd:documentation>
    </xsd:annotation>
    <xsd:restriction base="xsd:string"></xsd:restriction>
  </xsd:simpleType>
  <!--Type definitions of complex types (Aggregates)-->
  <xsd:complexType name="ContextInfo">
    <xsd:annotation>
      <xsd:documentation>Contains information about the context within which the request is executing.</xsd:documentation>
    </xsd:annotation>
    <xsd:sequence>
      <xsd:element name="ProcessContextId" type="ProcessContextId_Type" minOccurs="1" maxOccurs="1"/>
      <xsd:element name="businessContextId" type="BusinessContextId_Type" minOccurs="1" maxOccurs="1"/>
      <xsd:element name="applicationContextId" type="ApplicationContextId_Type" minOccurs="1" maxOccurs="1"/>
      <xsd:element name="languageCode" type="Language_Code" minOccurs="0" maxOccurs="1"/>
      <xsd:element name="versionNumber" type="Version_Number" minOccurs="0" maxOccurs="1"/>
    </xsd:sequence>
  </xsd:complexType>
  <xsd:complexType name="RequestOriginator">
    <xsd:annotation>
      <xsd:documentation>Contains information about where and when the request was originated.</xsd:documentation>
    </xsd:annotation>
    <xsd:sequence>
      <xsd:element name="requesterCode" type="RequesterCode_Type" minOccurs="1" maxOccurs="1"/>
      <xsd:element name="machineIPAddress" type="MachineIPAddress_Type" minOccurs="1" maxOccurs="1"/>
      <xsd:element name="userPrincipleName" type="UserPrincipleName_Type" minOccurs="1" maxOccurs="1"/>
      <xsd:element name="requestedTimestamp" type="RequestedTimestamp_Type" minOccurs="1" maxOccurs="1"/>
      <xsd:element name="channelId" type="ChannelId_Type" minOccurs="1" maxOccurs="1"/>
      <xsd:element name="consumerIPAddress" type="ConsumerIPAddress_Type" minOccurs="0" maxOccurs="1"/>
      <xsd:element name="merchantIPAddress" type="MerchantIPAddress_Type" minOccurs="0" maxOccurs="1"/>
    </xsd:sequence>
  </xsd:complexType>
  <!--Type definitions of complex types (Messages)-->
  <xsd:complexType name="EnterpriseContext_Type">
    <xsd:annotation>
      <xsd:documentation>Contain enterprise specific information that is required on every request.</xsd:documentation>
    </xsd:annotation>
    <xsd:sequence>
      <xsd:element name="contextInfo" type="ContextInfo" minOccurs="1" maxOccurs="1"/>
      <xsd:element name="requestOriginator" type="RequestOriginator" minOccurs="1" maxOccurs="1"/>
    </xsd:sequence>
  </xsd:complexType>
  <!--Message complex types made available as elements-->
  <xsd:element name="enterpriseContext" type="EnterpriseContext_Type"/>
</xsd:schema>]]></con:content><con:type>http://www.w3.org/2001/XMLSchema</con:type></con:part><con:part><con:url>file:\C:\SAIB\OLP%20Modules%20Docu\TestData\OLP%20Test%20Data\Issuer%20Wsdls\ISSUER_SADAD_DP\OLPSADADBankReconciliation\SADADBankReconciliationManager.xsd</con:url><con:content><![CDATA[<!--Copyright All Rights Reserved. This software is the proprietary information 
	of SADAD. Use is subject to license terms.-->
<xs:schema targetNamespace="http://olp.sadad.com/bankreconciliationmanagement/service/bankreconciliationmanager/intf/1" version="1.0" xmlns:xs="http://www.w3.org/2001/XMLSchema" xmlns:tns="http://olp.sadad.com/bankreconciliationmanagement/service/bankreconciliationmanager/intf/1" xmlns:xsd="http://www.w3.org/2001/XMLSchema" xmlns:xmime="http://www.w3.org/2005/05/xmlmime">
  <xsd:annotation>
    <xsd:documentation>This schema defines the data transfer objects used
			by the Payment instruction manager service.</xsd:documentation>
  </xsd:annotation>
  <xsd:annotation>
    <xsd:documentation>Below element tag shows the @RequestWrapper and
			@ResponseWrapper name and type. The default value of the localName is
			the operationName for Request wrapper and operationName appended by
			Response for Response wrapper.</xsd:documentation>
  </xsd:annotation>
  <xs:element name="Fault" type="tns:Fault">
    <xsd:annotation>
      <xsd:documentation>BankReconciliationManagement Fault element
				wrapper.</xsd:documentation>
    </xsd:annotation>
  </xs:element>
  <xs:element name="ProcessOLPReconReport" type="tns:ProcessOLPReconReport">
    <xsd:annotation>
      <xsd:documentation>ProcessOLPReconReport request jax-ws element
				wrapper.</xsd:documentation>
    </xsd:annotation>
  </xs:element>
  <xs:element name="ProcessOLPReconReportResponse" type="tns:ProcessOLPReconReportResponse">
    <xsd:annotation>
      <xsd:documentation>ProcessOLPReconReport response jax-ws element
				wrapper.</xsd:documentation>
    </xsd:annotation>
  </xs:element>
  <xs:element name="ProcessOLPCutoffMessage" type="tns:ProcessOLPCutoffMessage">
    <xsd:annotation>
      <xsd:documentation>ProcessOLPCutoffMessage request element wrapper.</xsd:documentation>
    </xsd:annotation>
  </xs:element>
  <xs:element name="ProcessOLPCutoffMessageResponse" type="tns:ProcessOLPCutoffMessageResponse">
    <xsd:annotation>
      <xsd:documentation>ProcessOLPCutoffMessage response element wrapper.</xsd:documentation>
    </xsd:annotation>
  </xs:element>
  <!--Below given are the request and response elements and corresponding 
		attributes.-->
  <xs:complexType name="ProcessOLPReconReport">
    <xsd:annotation>
      <xsd:documentation>ProcessOLPReconReport request wrapper.</xsd:documentation>
    </xsd:annotation>
    <xs:sequence>
      <xs:element minOccurs="1" maxOccurs="1" name="ProcessOLPReconReportRequest" type="tns:ProcessOLPReconReportRequest"/>
    </xs:sequence>
  </xs:complexType>
  <xs:complexType name="ProcessOLPReconReportRequest">
    <xs:sequence>
      <xs:element minOccurs="1" maxOccurs="1" name="olpReconReport" type="tns:OLPReconReport">
        <xsd:annotation>
          <xsd:documentation>Element to hold the bank report</xsd:documentation>
        </xsd:annotation>
      </xs:element>
    </xs:sequence>
  </xs:complexType>
  <xs:complexType name="OLPReconReport">
    <xs:sequence>
      <xs:element minOccurs="1" name="reportName" type="xs:string"/>
      <xs:element minOccurs="1" name="reportType" type="xs:int">
        <xsd:annotation>
          <xsd:documentation>Report Type
						1. Transaction report
						2. Settlement report</xsd:documentation>
        </xsd:annotation>
      </xs:element>
      <xs:element minOccurs="1" name="reportFormat" type="xs:string"/>
      <xs:element minOccurs="1" name="reportDate" type="xs:dateTime"/>
      <xs:element minOccurs="0" name="description" type="xs:string"/>
      <xs:element minOccurs="1" name="reportFile" type="xs:base64Binary" xmime:expectedContentTypes="*/*"/>
    </xs:sequence>
  </xs:complexType>
  <xs:complexType name="ProcessOLPReconReportResponse">
    <xsd:annotation>
      <xsd:documentation>ProcessOLPReconReport response wrapper.</xsd:documentation>
    </xsd:annotation>
    <xs:sequence>
      <xs:element minOccurs="1" maxOccurs="1" name="ProcessOLPReconReportReply" type="tns:ProcessOLPReconReportReply"/>
    </xs:sequence>
  </xs:complexType>
  <xs:complexType name="ProcessOLPReconReportReply">
    <xs:sequence>
      <xs:element minOccurs="1" maxOccurs="1" name="responseCode" type="xs:string">
        <xsd:annotation>
          <xsd:documentation>responseCode :
						00.Success
						01.Failure</xsd:documentation>
        </xsd:annotation>
      </xs:element>
      <xs:element minOccurs="0" maxOccurs="1" name="bankBusinessException" type="tns:BankBusinessException">
        <xsd:annotation>
          <xsd:documentation>The Business Exception.</xsd:documentation>
        </xsd:annotation>
      </xs:element>
    </xs:sequence>
  </xs:complexType>
  <xs:complexType name="BankBusinessException">
    <xs:sequence>
      <xs:element minOccurs="1" maxOccurs="1" name="errorCode" type="xs:string">
        <xsd:annotation>
          <xsd:documentation>The Error Code of the Business Exception.</xsd:documentation>
        </xsd:annotation>
      </xs:element>
      <xs:element minOccurs="1" maxOccurs="1" name="errorMessage" type="xs:string">
        <xsd:annotation>
          <xsd:documentation>The Error Message of the Business Exception.</xsd:documentation>
        </xsd:annotation>
      </xs:element>
    </xs:sequence>
  </xs:complexType>
  <xs:complexType name="ProcessOLPCutoffMessage">
    <xsd:annotation>
      <xsd:documentation>ProcessOLPCutoffMessage request wrapper.</xsd:documentation>
    </xsd:annotation>
    <xs:sequence>
      <xs:element minOccurs="1" maxOccurs="1" name="ProcessOLPCutoffMessageRequest" type="tns:ProcessOLPCutoffMessageRequest"/>
    </xs:sequence>
  </xs:complexType>
  <xs:complexType name="ProcessOLPCutoffMessageRequest">
    <xs:sequence>
      <xs:element minOccurs="1" maxOccurs="1" name="header" type="tns:Header">
        <xsd:annotation>
          <xsd:documentation>Element to hold OLP cutoff message header</xsd:documentation>
        </xsd:annotation>
      </xs:element>
      <xs:element minOccurs="1" maxOccurs="1" name="olpCutoffMessage" type="tns:OLPCutoffMessage">
        <xsd:annotation>
          <xsd:documentation>Element to hold OLP cutoff message</xsd:documentation>
        </xsd:annotation>
      </xs:element>
    </xs:sequence>
  </xs:complexType>
  <xs:complexType name="Header">
    <xs:sequence>
      <xs:element minOccurs="1" maxOccurs="1" name="messageId" type="xs:string">
        <xsd:annotation>
          <xsd:documentation>Message Id</xsd:documentation>
        </xsd:annotation>
      </xs:element>
      <xs:element minOccurs="1" maxOccurs="1" name="numberOfMessages" type="xs:int">
        <xsd:annotation>
          <xsd:documentation>Message Id</xsd:documentation>
        </xsd:annotation>
      </xs:element>
      <xs:element minOccurs="1" maxOccurs="1" name="timestamp" type="xs:dateTime">
        <xsd:annotation>
          <xsd:documentation>Message Id</xsd:documentation>
        </xsd:annotation>
      </xs:element>
      <xs:element minOccurs="1" maxOccurs="1" name="messageType" type="xs:int">
        <xsd:annotation>
          <xsd:documentation>Message Type
						1 - Payment
						2 - Refund
						3 - Both</xsd:documentation>
        </xsd:annotation>
      </xs:element>
    </xs:sequence>
  </xs:complexType>
  <xs:complexType name="OLPCutoffMessage">
    <xs:sequence>
      <xs:element minOccurs="0" maxOccurs="unbounded" name="cutoffMessage" type="tns:CutoffMessage">
        <xsd:annotation>
          <xsd:documentation>Bank Reference Number.</xsd:documentation>
        </xsd:annotation>
      </xs:element>
    </xs:sequence>
  </xs:complexType>
  <xs:complexType name="CutoffMessage">
    <xs:sequence>
      <xs:element minOccurs="1" maxOccurs="1" name="bankReferenceNum" type="xs:string">
        <xsd:annotation>
          <xsd:documentation>Bank Reference Number.</xsd:documentation>
        </xsd:annotation>
      </xs:element>
      <xs:element minOccurs="1" maxOccurs="1" name="transactionId" type="xs:string">
        <xsd:annotation>
          <xsd:documentation>The Unique Transaction ID.</xsd:documentation>
        </xsd:annotation>
      </xs:element>
      <xs:element minOccurs="1" maxOccurs="1" name="transactionAmount" type="xs:double">
        <xsd:annotation>
          <xsd:documentation>The transaction amount.</xsd:documentation>
        </xsd:annotation>
      </xs:element>
      <xs:element minOccurs="1" maxOccurs="1" name="transactionCurrency" type="xs:string">
        <xsd:annotation>
          <xsd:documentation>The currency of the transaction</xsd:documentation>
        </xsd:annotation>
      </xs:element>
      <xs:element minOccurs="1" maxOccurs="1" name="transactionDate" type="xs:dateTime">
        <xsd:annotation>
          <xsd:documentation>Transaction date.</xsd:documentation>
        </xsd:annotation>
      </xs:element>
      <xs:element minOccurs="1" maxOccurs="1" name="transactionType" type="xs:int">
        <xsd:annotation>
          <xsd:documentation>Type of transaction
						1.Payment
						2.Refund</xsd:documentation>
        </xsd:annotation>
      </xs:element>
      <xs:element minOccurs="1" maxOccurs="1" name="paymentType" type="xs:int">
        <xsd:annotation>
          <xsd:documentation>Type of payment
						1.Debit
						2.Credit</xsd:documentation>
        </xsd:annotation>
      </xs:element>
      <xs:element minOccurs="1" maxOccurs="1" name="customerType" type="xs:int">
        <xsd:annotation>
          <xsd:documentation>Type of customer
						1.consumer
						2.merchant</xsd:documentation>
        </xsd:annotation>
      </xs:element>
      <xs:element minOccurs="1" maxOccurs="1" name="customerId" type="xs:string">
        <xsd:annotation>
          <xsd:documentation>The unique Id of the customer</xsd:documentation>
        </xsd:annotation>
      </xs:element>
      <xs:element minOccurs="1" maxOccurs="1" name="transactionStatus" type="xs:int">
        <xsd:annotation>
          <xsd:documentation>Type of transactionn status
						1.Success
						2.Failure</xsd:documentation>
        </xsd:annotation>
      </xs:element>
    </xs:sequence>
  </xs:complexType>
  <xs:complexType name="ProcessOLPCutoffMessageResponse">
    <xsd:annotation>
      <xsd:documentation>ProcessOLPCutoffMessage response wrapper.</xsd:documentation>
    </xsd:annotation>
    <xs:sequence>
      <xs:element minOccurs="1" maxOccurs="1" name="ProcessOLPCutoffMessageReply" type="tns:ProcessOLPCutoffMessageReply"/>
    </xs:sequence>
  </xs:complexType>
  <xs:complexType name="ProcessOLPCutoffMessageReply">
    <xs:sequence>
      <xs:element minOccurs="1" maxOccurs="1" name="responseCode" type="xs:string">
        <xsd:annotation>
          <xsd:documentation>responseCode :
						00.Success
						01.Failure</xsd:documentation>
        </xsd:annotation>
      </xs:element>
      <xs:element minOccurs="0" maxOccurs="1" name="bankBusinessException" type="tns:BankBusinessException">
        <xsd:annotation>
          <xsd:documentation>The Business Exception.</xsd:documentation>
        </xsd:annotation>
      </xs:element>
    </xs:sequence>
  </xs:complexType>
  <xs:complexType name="Fault">
    <xs:sequence>
      <xs:element minOccurs="1" maxOccurs="1" name="faultCode" type="xs:string">
        <xsd:annotation>
          <xsd:documentation>Fault Type of the fault occured</xsd:documentation>
        </xsd:annotation>
      </xs:element>
      <xs:element minOccurs="1" maxOccurs="1" name="faultString" type="xs:string">
        <xsd:annotation>
          <xsd:documentation>Errormessage of the fault occured</xsd:documentation>
        </xsd:annotation>
      </xs:element>
      <xs:element minOccurs="1" maxOccurs="1" name="timeStamp" type="xs:dateTime">
        <xsd:annotation>
          <xsd:documentation>Time when the fault occured</xsd:documentation>
        </xsd:annotation>
      </xs:element>
    </xs:sequence>
  </xs:complexType>
</xs:schema>]]></con:content><con:type>http://www.w3.org/2001/XMLSchema</con:type></con:part></con:definitionCache><con:endpoints><con:endpoint>https://servername:port/BankReconciliationManagement/01_00/BankReconciliationManager</con:endpoint></con:endpoints><con:operation id="c04aa03a-615f-439a-a630-422206a9e20a" isOneWay="false" action="ProcessOLPCutoffMessage" name="ProcessOLPCutoffMessage" bindingOperationName="ProcessOLPCutoffMessage" type="Request-Response" inputName="" receivesAttachments="false" sendsAttachments="false" anonymous="optional"><con:settings/><con:call id="f9e09526-28da-401e-8824-0014141c5fdb" name="Request 1"><con:settings><con:setting id="com.eviware.soapui.impl.wsdl.WsdlRequest@request-headers">&lt;xml-fragment/></con:setting></con:settings><con:encoding>UTF-8</con:encoding><con:endpoint>http://192.168.105.110:9080/BankReconciliationManagement/01_00/BankReconciliationManager</con:endpoint><con:request><![CDATA[<soap:Envelope xmlns:soap="http://www.w3.org/2003/05/soap-envelope" xmlns:ent="http://enterprise.olp.sadad.com/Infrastructure/EnterpriseContext" xmlns:ns="http://olp.sadad.com/bankreconciliationmanagement/service/bankreconciliationmanager/intf/1">\r
   <soap:Header>
      <ent:enterpriseContext>
         <ent:contextInfo>
            <ent:ProcessContextId>SIBC1955991483443933218</ent:ProcessContextId>
            <ent:businessContextId>TM</ent:businessContextId>
            <ent:applicationContextId>4</ent:applicationContextId>
            <!--Optional:-->
            <ent:languageCode>en</ent:languageCode>
            <!--Optional:-->
            <ent:versionNumber>1.0</ent:versionNumber>
         </ent:contextInfo>
         <ent:requestOriginator>
            <ent:requesterCode>SIBC</ent:requesterCode>
            <ent:machineIPAddress>10.10.21.57</ent:machineIPAddress>
            <ent:userPrincipleName>1026</ent:userPrincipleName>
            <ent:requestedTimestamp>2018-01-03T14:45:33</ent:requestedTimestamp>
            <ent:channelId>1</ent:channelId>
         </ent:requestOriginator>
      </ent:enterpriseContext>
   </soap:Header>
   <soap:Body>\r
      <ns:ProcessOLPCutoffMessage>\r
         <ProcessOLPCutoffMessageRequest>\r
            <header>\r
               <messageId>104643</messageId>\r
               <numberOfMessages>0</numberOfMessages>\r
               <timestamp>2018-01-03T14:45:33</timestamp>\r
               <messageType>0</messageType>\r
            </header>\r
            <olpCutoffMessage>\r
               <!--Zero or more repetitions:-->\r
               <cutoffMessage>\r
                  <bankReferenceNum>?</bankReferenceNum>\r
                  <transactionId>P1000000000000015145</transactionId>\r
                  <transactionAmount>10</transactionAmount>\r
                  <transactionCurrency>SAR</transactionCurrency>\r
                  <transactionDate>2018-01-03T14:45:33</transactionDate>\r
                  <transactionType>1</transactionType>\r
                  <paymentType>1</paymentType>\r
                  <customerType>1</customerType>\r
                  <customerId>105815</customerId>\r
                  <transactionStatus>0</transactionStatus>\r
               </cutoffMessage>\r
            </olpCutoffMessage>\r
         </ProcessOLPCutoffMessageRequest>\r
      </ns:ProcessOLPCutoffMessage>\r
   </soap:Body>\r
</soap:Envelope>]]></con:request><con:credentials><con:authType>No Authorization</con:authType></con:credentials><con:jmsConfig JMSDeliveryMode="PERSISTENT"/><con:jmsPropertyConfig/><con:wsaConfig mustUnderstand="NONE" version="200508" action="{http://schemas.xmlsoap.org/wsdl/}ProcessOLPCutoffMessage"/><con:wsrmConfig version="1.2"/></con:call></con:operation><con:operation id="2ad24828-96fa-4f16-b948-01c2ee47c40c" isOneWay="false" action="ProcessOLPReconReport" name="ProcessOLPReconReport" bindingOperationName="ProcessOLPReconReport" type="Request-Response" inputName="" receivesAttachments="false" sendsAttachments="false" anonymous="optional"><con:settings/><con:call id="7894c326-a6f7-46e1-b6e0-b0f1cf4c0199" name="Request 1"><con:settings><con:setting id="com.eviware.soapui.impl.wsdl.WsdlRequest@request-headers">&lt;xml-fragment/></con:setting></con:settings><con:encoding>UTF-8</con:encoding><con:endpoint>http://192.168.105.110:9080/BankReconciliationManagement/01_00/BankReconciliationManager/1.0</con:endpoint><con:request><![CDATA[<soap:Envelope xmlns:soap="http://www.w3.org/2003/05/soap-envelope" xmlns:ent="http://enterprise.olp.sadad.com/Infrastructure/EnterpriseContext" xmlns:ns="http://olp.sadad.com/bankreconciliationmanagement/service/bankreconciliationmanager/intf/1">
   <soap:Header>
      <ent:enterpriseContext>
         <ent:contextInfo>
            <ent:ProcessContextId>SIBC1955991483443937516</ent:ProcessContextId>
            <ent:businessContextId>TM</ent:businessContextId>
            <ent:applicationContextId>4</ent:applicationContextId>
            <!--Optional:-->
            <ent:languageCode>en</ent:languageCode>
            <!--Optional:-->
            <ent:versionNumber>1.0</ent:versionNumber>
         </ent:contextInfo>
         <ent:requestOriginator>
            <ent:requesterCode>SIBC</ent:requesterCode>
            <ent:machineIPAddress>10.10.21.57</ent:machineIPAddress>
            <ent:userPrincipleName>1026</ent:userPrincipleName>
            <ent:requestedTimestamp>2018-01-03T14:45:33</ent:requestedTimestamp>
            <ent:channelId>1</ent:channelId>
         </ent:requestOriginator>
      </ent:enterpriseContext>
   </soap:Header>
   <soap:Body>
      <ns:ProcessOLPReconReport>
         <ProcessOLPReconReportRequest>
            <olpReconReport>
               <reportName>sadad</reportName>
               <reportType>23</reportType>
               <reportFormat>formaat</reportFormat>
               <reportDate>2018-01-07T13:42:21</reportDate>
               <!--Optional:-->
               <description>success</description>
               <reportFile>292376812783</reportFile>
            </olpReconReport>
         </ProcessOLPReconReportRequest>
      </ns:ProcessOLPReconReport>
   </soap:Body>
</soap:Envelope>]]></con:request><con:credentials><con:authType>No Authorization</con:authType></con:credentials><con:jmsConfig JMSDeliveryMode="PERSISTENT"/><con:jmsPropertyConfig/><con:wsaConfig mustUnderstand="NONE" version="200508" action="{http://schemas.xmlsoap.org/wsdl/}ProcessOLPReconReport"/><con:wsrmConfig version="1.2"/></con:call></con:operation></con:interface><con:properties/><con:wssContainer/><con:oAuth2ProfileContainer/><con:oAuth1ProfileContainer/><con:databaseConnectionContainer/><con:reporting><con:xmlTemplates/><con:parameters/></con:reporting></con:soapui-project>