<?xml version="1.0" encoding="UTF-8"?>
<con:soapui-project id="069a92cd-eb88-4661-9520-e479890a5e57" activeEnvironment="Default" name="OLPSADADBankMerchant" resourceRoot="" soapui-version="5.4.0" abortOnError="false" runType="SEQUENTIAL" xmlns:con="http://eviware.com/soapui/config"><con:settings/><con:interface xsi:type="con:WsdlInterface" id="7e84bfea-d310-4379-a956-220823abed96" wsaVersion="NONE" name="BankMerchantManagerBinding" type="wsdl" bindingName="{http://olp.sadad.com/bankmerchantmanagement/service/bankmerchantmanager/intf/1}BankMerchantManagerBinding" soapVersion="1_2" anonymous="optional" definition="file:/C:/SAIB/OLP%20Modules%20Docu/TestData/OLP%20Test%20Data/Issuer%20Wsdls/ISSUER_SADAD_DP/OLPSADADBankMerchant/SADADBankMerchantManager.wsdl" xmlns:xsi="http://www.w3.org/2001/XMLSchema-instance"><con:settings/><con:definitionCache type="TEXT" rootPart="file:\C:\SAIB\OLP%20Modules%20Docu\TestData\OLP%20Test%20Data\Issuer%20Wsdls\ISSUER_SADAD_DP\OLPSADADBankMerchant\SADADBankMerchantManager.wsdl"><con:part><con:url>file:\C:\SAIB\OLP%20Modules%20Docu\TestData\OLP%20Test%20Data\Issuer%20Wsdls\ISSUER_SADAD_DP\OLPSADADBankMerchant\SADADBankMerchantManager.wsdl</con:url><con:content><![CDATA[<!--Copyright All Rights Reserved. This software is the proprietary information 
	of SADAD. Use is subject to license terms.-->
<definitions name="BankMerchantManager" targetNamespace="http://olp.sadad.com/bankmerchantmanagement/service/bankmerchantmanager/intf/1" xmlns="http://schemas.xmlsoap.org/wsdl/" xmlns:ent2="http://enterprise.olp.sadad.com/Infrastructure/EnterpriseContext" xmlns:soap="http://schemas.xmlsoap.org/wsdl/soap12/" xmlns:tns="http://olp.sadad.com/bankmerchantmanagement/service/bankmerchantmanager/intf/1" xmlns:wsam="http://www.w3.org/2007/05/addressing/metadata" xmlns:wsp="http://www.w3.org/ns/ws-policy" xmlns:wsp1_2="http://schemas.xmlsoap.org/ws/2004/09/policy" xmlns:wsu="http://docs.oasis-open.org/wss/2004/01/oasis-200401-wss-wssecurity-utility-1.0.xsd" xmlns:wsdl="http://schemas.xmlsoap.org/wsdl/" xmlns:xsd="http://www.w3.org/2001/XMLSchema">
  <documentation>Bank Merchant manager service definition is used to
		perform the functionalities related with
		Merchant Management services.
		This includes
		1.GetMerchantDetails
		2.UpdateMerchantStatus
		3.UpdateMerchantId</documentation>
  <wsdl:import location="EnterpriseContext.wsdl" namespace="http://enterprise.olp.sadad.com/Infrastructure/EnterpriseContext"/>
  <types>
    <xsd:schema>
      <xsd:import namespace="http://olp.sadad.com/bankmerchantmanagement/service/bankmerchantmanager/intf/1" schemaLocation="SADADBankMerchantManager.xsd"/>
    </xsd:schema>
  </types>
  <message name="GetMerchantDetails">
    <part element="tns:GetMerchantDetails" name="parameters"/>
  </message>
  <message name="GetMerchantDetailsResponse">
    <part element="tns:GetMerchantDetailsResponse" name="parameters"/>
  </message>
  <message name="Fault">
    <part element="tns:Fault" name="fault"/>
  </message>
  <message name="UpdateMerchantStatus">
    <part element="tns:UpdateMerchantStatus" name="parameters"/>
  </message>
  <message name="UpdateMerchantStatusResponse">
    <part element="tns:UpdateMerchantStatusResponse" name="parameters"/>
  </message>
  <message name="UpdateMerchantId">
    <part element="tns:UpdateMerchantId" name="parameters"/>
  </message>
  <message name="UpdateMerchantIdResponse">
    <part element="tns:UpdateMerchantIdResponse" name="parameters"/>
  </message>
  <portType name="BankMerchantManager">
    <operation name="GetMerchantDetails">
      <documentation>Get Merchant Details- Operation name, input wrapper,
				output wrapper and
				fault wrapper.</documentation>
      <input message="tns:GetMerchantDetails" wsam:Action="GetMerchantDetails"/>
      <output message="tns:GetMerchantDetailsResponse" wsam:Action="http://olp.sadad.com/bankmerchantmanagement/service/bankmerchantmanager/intf/1/BankMerchantManager/GetMerchantDetailsResponse"/>
      <fault message="tns:Fault" name="Fault" wsam:Action="http://olp.sadad.com/bankmerchantmanagement/service/bankmerchantmanager/intf/1/BankMerchantManager/GetMerchantDetails/Fault/Fault"/>
    </operation>
    <operation name="UpdateMerchantStatus">
      <documentation>Update Merchant Status- Operation name, input wrapper,
				output wrapper and
				fault wrapper.</documentation>
      <input message="tns:UpdateMerchantStatus" wsam:Action="UpdateMerchantStatus"/>
      <output message="tns:UpdateMerchantStatusResponse" wsam:Action="http://olp.sadad.com/bankmerchantmanagement/service/bankmerchantmanager/intf/1/BankMerchantManager/UpdateMerchantStatusResponse"/>
      <fault message="tns:Fault" name="Fault" wsam:Action="http://olp.sadad.com/bankmerchantmanagement/service/bankmerchantmanager/intf/1/BankMerchantManager/UpdateMerchantStatus/Fault/Fault"/>
    </operation>
    <operation name="UpdateMerchantId">
      <documentation>Update Merchant Id- Operation name, input wrapper,
				output wrapper and
				fault wrapper.</documentation>
      <input message="tns:UpdateMerchantId" wsam:Action="UpdateMerchantId"/>
      <output message="tns:UpdateMerchantIdResponse" wsam:Action="http://olp.sadad.com/bankmerchantmanagement/service/bankmerchantmanager/intf/1/BankMerchantManager/UpdateMerchantIdResponse"/>
      <fault message="tns:Fault" name="Fault" wsam:Action="http://olp.sadad.com/bankmerchantmanagement/service/bankmerchantmanager/intf/1/BankMerchantManager/UpdateMerchantId/Fault/Fault"/>
    </operation>
  </portType>
  <binding name="BankMerchantManagerBinding" type="tns:BankMerchantManager">
    <soap:binding style="document" transport="http://schemas.xmlsoap.org/soap/http"/>
    <operation name="GetMerchantDetails">
      <soap:operation soapAction="GetMerchantDetails"/>
      <input>
        <soap:body use="literal"/>
        <soap:header message="ent2:EnterpriseContextHeader" part="enterpriseHeader" use="literal"/>
      </input>
      <output>
        <soap:body use="literal"/>
      </output>
      <fault name="Fault">
        <soap:fault name="Fault" use="literal"/>
      </fault>
    </operation>
    <operation name="UpdateMerchantStatus">
      <soap:operation soapAction="UpdateMerchantStatus"/>
      <input>
        <soap:body use="literal"/>
        <soap:header message="ent2:EnterpriseContextHeader" part="enterpriseHeader" use="literal"/>
      </input>
      <output>
        <soap:body use="literal"/>
      </output>
      <fault name="Fault">
        <soap:fault name="Fault" use="literal"/>
      </fault>
    </operation>
    <operation name="UpdateMerchantId">
      <soap:operation soapAction="UpdateMerchantId"/>
      <input>
        <soap:body use="literal"/>
        <soap:header message="ent2:EnterpriseContextHeader" part="enterpriseHeader" use="literal"/>
      </input>
      <output>
        <soap:body use="literal"/>
      </output>
      <fault name="Fault">
        <soap:fault name="Fault" use="literal"/>
      </fault>
    </operation>
  </binding>
  <service name="BankMerchantManager">
    <documentation>URL where the service is hosted. (To be updated with
			test/production
			server URL)</documentation>
    <port binding="tns:BankMerchantManagerBinding" name="BankMerchantManager">
      <soap:address location="http://localhost:9080/AcquirerWebService/BankMerchantManager"/>
    </port>
  </service>
</definitions>]]></con:content><con:type>http://schemas.xmlsoap.org/wsdl/</con:type></con:part><con:part><con:url>file:\C:\SAIB\OLP%20Modules%20Docu\TestData\OLP%20Test%20Data\Issuer%20Wsdls\ISSUER_SADAD_DP\OLPSADADBankMerchant\EnterpriseContext.wsdl</con:url><con:content><![CDATA[<wsdl:definitions targetNamespace="http://enterprise.olp.sadad.com/Infrastructure/EnterpriseContext" xmlns:s2="http://enterprise.olp.sadad.com/Infrastructure/EnterpriseContext" xmlns:wsdl="http://schemas.xmlsoap.org/wsdl/" xmlns:xsd="http://www.w3.org/2001/XMLSchema">
  <wsdl:types>
    <xsd:schema targetNamespace="http://enterprise.olp.sadad.com/Infrastructure/EnterpriseContext">
      <xsd:include schemaLocation="EnterpriseContext.xsd"/>
    </xsd:schema>
  </wsdl:types>
  <wsdl:message name="EnterpriseContextHeader">
    <wsdl:part element="s2:enterpriseContext" name="enterpriseHeader"/>
  </wsdl:message>
</wsdl:definitions>]]></con:content><con:type>http://schemas.xmlsoap.org/wsdl/</con:type></con:part><con:part><con:url>file:\C:\SAIB\OLP%20Modules%20Docu\TestData\OLP%20Test%20Data\Issuer%20Wsdls\ISSUER_SADAD_DP\OLPSADADBankMerchant\EnterpriseContext.xsd</con:url><con:content><![CDATA[<xsd:schema xml:lang="en" elementFormDefault="qualified" attributeFormDefault="unqualified" targetNamespace="http://enterprise.olp.sadad.com/Infrastructure/EnterpriseContext" xmlns="http://enterprise.olp.sadad.com/Infrastructure/EnterpriseContext" xmlns:xsd="http://www.w3.org/2001/XMLSchema">
  <xsd:annotation>
    <xsd:documentation>This schema describes the EnterpriseContext.</xsd:documentation>
  </xsd:annotation>
  <!--Type definitions of simple types-->
  <xsd:simpleType name="ProcessContextId_Type">
    <xsd:annotation>
      <xsd:documentation>This will be a universal message identifier with the combination of 
								1.	Requester Code
								2.	Unique Number generated by Caller (6 digit)
								3.	Timestamp in milliseconds</xsd:documentation>
    </xsd:annotation>
    <xsd:restriction base="xsd:string">
      <xsd:maxLength value="50"/>
    </xsd:restriction>
  </xsd:simpleType>
  <xsd:simpleType name="ApplicationContextId_Type">
    <xsd:annotation>
      <xsd:documentation>Name of the requested application. Possible values are
							1:SADAD OLP System
							2.Issuing Bank System							
							3:Acquiring Bank System
							4:AB-Merchant Portal
							5:IB-Consumer Portal
							6:SADAD Portal
							7:Bank Portal
							8:Merchant System
							9: Sender Bank System
							10: Recipient Bank System</xsd:documentation>
    </xsd:annotation>
    <xsd:restriction base="xsd:int"></xsd:restriction>
  </xsd:simpleType>
  <xsd:simpleType name="BusinessContextId_Type">
    <xsd:annotation>
      <xsd:documentation>This identifier unique used to uniquely identify the type of business request.
			  Below given are possible values.
					CR – Consumer Registration and Management
					MR – Merchant Registration and Management
					CO – Consumer Checkout and Payment
					RS – Reconciliation and Settlement
					RF – Refund Payment
					DP – Consumer/Merchant Dispute
					TM – Service Support
					MT - Merchant Testing
					BM - BOP Management
					FM - Feedback Management 
					NM - Notification Management
					FT - Fund Transfer
					PM - Profile management</xsd:documentation>
    </xsd:annotation>
    <xsd:restriction base="xsd:string">
      <xsd:maxLength value="2"/>
    </xsd:restriction>
  </xsd:simpleType>
  <xsd:simpleType name="Language_Code">
    <xsd:annotation>
      <xsd:documentation>LanguageCode
			EN – English
		    AR - Arabic
		    The default value is EN
		    Added to implement CR041-Multilingual Support</xsd:documentation>
    </xsd:annotation>
    <xsd:restriction base="xsd:string">
      <xsd:maxLength value="20"/>
    </xsd:restriction>
  </xsd:simpleType>
  <xsd:simpleType name="Version_Number">
    <xsd:annotation>
      <xsd:documentation>Version number added to support backward compatibilty for services</xsd:documentation>
    </xsd:annotation>
    <xsd:restriction base="xsd:string">
      <xsd:maxLength value="20"/>
    </xsd:restriction>
  </xsd:simpleType>
  <xsd:simpleType name="RequesterCode_Type">
    <xsd:annotation>
      <xsd:documentation>RequestorCode</xsd:documentation>
    </xsd:annotation>
    <xsd:restriction base="xsd:string">
      <xsd:maxLength value="20"/>
    </xsd:restriction>
  </xsd:simpleType>
  <xsd:simpleType name="MachineIPAddress_Type">
    <xsd:annotation>
      <xsd:documentation>Contains the IP Address of the machine.</xsd:documentation>
    </xsd:annotation>
    <xsd:restriction base="xsd:string">
      <xsd:maxLength value="23"/>
    </xsd:restriction>
  </xsd:simpleType>
  <xsd:simpleType name="UserPrincipleName_Type">
    <xsd:annotation>
      <xsd:documentation>The user name that is used to log onto a machine.</xsd:documentation>
    </xsd:annotation>
    <xsd:restriction base="xsd:string">
      <xsd:maxLength value="15"/>
    </xsd:restriction>
  </xsd:simpleType>
  <xsd:simpleType name="RequestedTimestamp_Type">
    <xsd:annotation>
      <xsd:documentation>The user name that is used to log onto a machine.</xsd:documentation>
    </xsd:annotation>
    <xsd:restriction base="xsd:dateTime"></xsd:restriction>
  </xsd:simpleType>
  <xsd:simpleType name="ChannelId_Type">
    <xsd:annotation>
      <xsd:documentation>The unique Identifier for the channel used to initiate the request.
			Code used to determine the channel. Possible values are
					1 : Web browser
					2 : Mobile browser
					3 : ATM Kiosk
					4 : Smartphone App
					5 : Batch</xsd:documentation>
    </xsd:annotation>
    <xsd:restriction base="xsd:int">
      <xsd:totalDigits value="2"/>
    </xsd:restriction>
  </xsd:simpleType>
  <xsd:simpleType name="ConsumerIPAddress_Type">
    <xsd:annotation>
      <xsd:documentation>IP Address of the consumer.Added to implement CR062</xsd:documentation>
    </xsd:annotation>
    <xsd:restriction base="xsd:string"></xsd:restriction>
  </xsd:simpleType>
  <xsd:simpleType name="MerchantIPAddress_Type">
    <xsd:annotation>
      <xsd:documentation>IP Address of the merchant.Added to implement CR062 ( not required in P2P)</xsd:documentation>
    </xsd:annotation>
    <xsd:restriction base="xsd:string"></xsd:restriction>
  </xsd:simpleType>
  <!--Type definitions of complex types (Aggregates)-->
  <xsd:complexType name="ContextInfo">
    <xsd:annotation>
      <xsd:documentation>Contains information about the context within which the request is executing.</xsd:documentation>
    </xsd:annotation>
    <xsd:sequence>
      <xsd:element name="ProcessContextId" type="ProcessContextId_Type" minOccurs="1" maxOccurs="1"/>
      <xsd:element name="businessContextId" type="BusinessContextId_Type" minOccurs="1" maxOccurs="1"/>
      <xsd:element name="applicationContextId" type="ApplicationContextId_Type" minOccurs="1" maxOccurs="1"/>
      <xsd:element name="languageCode" type="Language_Code" minOccurs="0" maxOccurs="1"/>
      <xsd:element name="versionNumber" type="Version_Number" minOccurs="0" maxOccurs="1"/>
    </xsd:sequence>
  </xsd:complexType>
  <xsd:complexType name="RequestOriginator">
    <xsd:annotation>
      <xsd:documentation>Contains information about where and when the request was originated.</xsd:documentation>
    </xsd:annotation>
    <xsd:sequence>
      <xsd:element name="requesterCode" type="RequesterCode_Type" minOccurs="1" maxOccurs="1"/>
      <xsd:element name="machineIPAddress" type="MachineIPAddress_Type" minOccurs="1" maxOccurs="1"/>
      <xsd:element name="userPrincipleName" type="UserPrincipleName_Type" minOccurs="1" maxOccurs="1"/>
      <xsd:element name="requestedTimestamp" type="RequestedTimestamp_Type" minOccurs="1" maxOccurs="1"/>
      <xsd:element name="channelId" type="ChannelId_Type" minOccurs="1" maxOccurs="1"/>
      <xsd:element name="consumerIPAddress" type="ConsumerIPAddress_Type" minOccurs="0" maxOccurs="1"/>
      <xsd:element name="merchantIPAddress" type="MerchantIPAddress_Type" minOccurs="0" maxOccurs="1"/>
    </xsd:sequence>
  </xsd:complexType>
  <!--Type definitions of complex types (Messages)-->
  <xsd:complexType name="EnterpriseContext_Type">
    <xsd:annotation>
      <xsd:documentation>Contain enterprise specific information that is required on every request.</xsd:documentation>
    </xsd:annotation>
    <xsd:sequence>
      <xsd:element name="contextInfo" type="ContextInfo" minOccurs="1" maxOccurs="1"/>
      <xsd:element name="requestOriginator" type="RequestOriginator" minOccurs="1" maxOccurs="1"/>
    </xsd:sequence>
  </xsd:complexType>
  <!--Message complex types made available as elements-->
  <xsd:element name="enterpriseContext" type="EnterpriseContext_Type"/>
</xsd:schema>]]></con:content><con:type>http://www.w3.org/2001/XMLSchema</con:type></con:part><con:part><con:url>file:\C:\SAIB\OLP%20Modules%20Docu\TestData\OLP%20Test%20Data\Issuer%20Wsdls\ISSUER_SADAD_DP\OLPSADADBankMerchant\SADADBankMerchantManager.xsd</con:url><con:content><![CDATA[<!--Copyright All Rights Reserved. This software is the proprietary information 
	of SADAD. Use is subject to license terms.-->
<xs:schema targetNamespace="http://olp.sadad.com/bankmerchantmanagement/service/bankmerchantmanager/intf/1" version="1.0" xmlns:xs="http://www.w3.org/2001/XMLSchema" xmlns:tns="http://olp.sadad.com/bankmerchantmanagement/service/bankmerchantmanager/intf/1" xmlns:xsd="http://www.w3.org/2001/XMLSchema">
  <xsd:annotation>
    <xsd:documentation>This schema defines the data transfer objects used
			by the Bank Merchant Manager service.</xsd:documentation>
  </xsd:annotation>
  <xsd:annotation>
    <xsd:documentation>Below element tag shows the @RequestWrapper and
			@ResponseWrapper name and type.
			The default value of the localName is
			the operationName for Request
			wrapper and
			operationName appended by
			Response for Response wrapper.</xsd:documentation>
  </xsd:annotation>
  <xs:element name="Fault" type="tns:Fault">
    <xsd:annotation>
      <xsd:documentation>Fault element wrapper.</xsd:documentation>
    </xsd:annotation>
  </xs:element>
  <xs:element name="GetMerchantDetails" type="tns:GetMerchantDetails">
    <xsd:annotation>
      <xsd:documentation>GetMerchantDetails request jax-ws element wrapper.</xsd:documentation>
    </xsd:annotation>
  </xs:element>
  <xs:element name="GetMerchantDetailsResponse" type="tns:GetMerchantDetailsResponse">
    <xsd:annotation>
      <xsd:documentation>GetMerchantDetails response jax-ws element
				wrapper.</xsd:documentation>
    </xsd:annotation>
  </xs:element>
  <xs:element name="UpdateMerchantStatus" type="tns:UpdateMerchantStatus">
    <xsd:annotation>
      <xsd:documentation>UpdateMerchantStatus request jax-ws element
				wrapper.</xsd:documentation>
    </xsd:annotation>
  </xs:element>
  <xs:element name="UpdateMerchantStatusResponse" type="tns:UpdateMerchantStatusResponse">
    <xsd:annotation>
      <xsd:documentation>UpdateMerchantStatus response element wrapper.</xsd:documentation>
    </xsd:annotation>
  </xs:element>
  <xs:element name="UpdateMerchantId" type="tns:UpdateMerchantId">
    <xsd:annotation>
      <xsd:documentation>UpdateMerchantId request jax-ws element
				wrapper.</xsd:documentation>
    </xsd:annotation>
  </xs:element>
  <xs:element name="UpdateMerchantIdResponse" type="tns:UpdateMerchantIdResponse">
    <xsd:annotation>
      <xsd:documentation>UpdateMerchantId response element wrapper.</xsd:documentation>
    </xsd:annotation>
  </xs:element>
  <!--Below given are the request and response elements and corresponding 
		attributes.-->
  <xs:complexType name="UpdateMerchantStatus">
    <xsd:annotation>
      <xsd:documentation>UpdateMerchantStatus request jax-ws wrapper.</xsd:documentation>
    </xsd:annotation>
    <xs:sequence>
      <xs:element minOccurs="1" maxOccurs="1" name="UpdateMerchantStatusRequest" type="tns:UpdateMerchantStatusRequest">
        <xsd:annotation>
          <xsd:documentation>UpdateMerchantStatus request element wrapper.</xsd:documentation>
        </xsd:annotation>
      </xs:element>
    </xs:sequence>
  </xs:complexType>
  <xs:complexType name="UpdateMerchantStatusRequest">
    <xs:sequence>
      <xs:element minOccurs="1" maxOccurs="1" name="merchantId" type="xs:long">
        <xsd:annotation>
          <xsd:documentation>The Merchant ID whose status have to be
						updated.</xsd:documentation>
        </xsd:annotation>
      </xs:element>
      <xs:element minOccurs="1" maxOccurs="1" name="status" type="xs:int">
        <xsd:annotation>
          <xsd:documentation>The new status to be changed.
						Status can be
						1:
						registered
						2: Testing
						3: active
						4: blacklisted
						5: on hold
						6: closed
						7:
						disabled</xsd:documentation>
        </xsd:annotation>
      </xs:element>
      <xs:element minOccurs="1" maxOccurs="1" name="statusChangeReason" type="xs:string">
        <xsd:annotation>
          <xsd:documentation>The reason for which the status is changed.</xsd:documentation>
        </xsd:annotation>
      </xs:element>
    </xs:sequence>
  </xs:complexType>
  <xs:complexType name="UpdateMerchantStatusResponse">
    <xsd:annotation>
      <xsd:documentation>UpdateMerchantStatus response wrapper.</xsd:documentation>
    </xsd:annotation>
    <xs:sequence>
      <xs:element minOccurs="1" maxOccurs="1" name="UpdateMerchantStatusReply" type="tns:UpdateMerchantStatusReply">
        <xsd:annotation>
          <xsd:documentation>UpdateMerchantStatus response element wrapper.</xsd:documentation>
        </xsd:annotation>
      </xs:element>
    </xs:sequence>
  </xs:complexType>
  <xs:complexType name="UpdateMerchantStatusReply">
    <xs:sequence>
      <xs:element minOccurs="1" maxOccurs="1" name="responseCode" type="xs:string">
        <xsd:annotation>
          <xsd:documentation>responseCode :
						00.Success
						01.Failure</xsd:documentation>
        </xsd:annotation>
      </xs:element>
      <xs:element minOccurs="0" maxOccurs="1" name="bankBusinessException" type="tns:BankBusinessException">
        <xsd:annotation>
          <xsd:documentation>The business exception that occur during the
						merchant status update process.</xsd:documentation>
        </xsd:annotation>
      </xs:element>
    </xs:sequence>
  </xs:complexType>
  <xs:complexType name="BankBusinessException">
    <xs:sequence>
      <xs:element minOccurs="1" maxOccurs="1" name="errorCode" type="xs:string">
        <xsd:annotation>
          <xsd:documentation>The Error Code of the exception occured.</xsd:documentation>
        </xsd:annotation>
      </xs:element>
      <xs:element minOccurs="1" maxOccurs="1" name="errorMessage" type="xs:string">
        <xsd:annotation>
          <xsd:documentation>The Error Message corresponding to the error
						code.</xsd:documentation>
        </xsd:annotation>
      </xs:element>
    </xs:sequence>
  </xs:complexType>
  <xs:complexType name="UpdateMerchantId">
    <xsd:annotation>
      <xsd:documentation>UpdateMerchantId request jax-ws wrapper.</xsd:documentation>
    </xsd:annotation>
    <xs:sequence>
      <xs:element minOccurs="1" maxOccurs="1" name="UpdateMerchantIdRequest" type="tns:UpdateMerchantIdRequest">
        <xsd:annotation>
          <xsd:documentation>UpdateMerchantId request element wrapper.</xsd:documentation>
        </xsd:annotation>
      </xs:element>
    </xs:sequence>
  </xs:complexType>
  <xs:complexType name="UpdateMerchantIdRequest">
    <xs:sequence>
      <xs:element minOccurs="1" maxOccurs="1" name="identity" type="tns:Identity">
        <xsd:annotation>
          <xsd:documentation>The identity of merchant</xsd:documentation>
        </xsd:annotation>
      </xs:element>
      <xs:element minOccurs="1" maxOccurs="1" name="merchantId" type="xs:long">
        <xsd:annotation>
          <xsd:documentation>The Merchant Id to update after the creation of
						Merchant registration.</xsd:documentation>
        </xsd:annotation>
      </xs:element>
    </xs:sequence>
  </xs:complexType>
  <xs:complexType name="UpdateMerchantIdResponse">
    <xsd:annotation>
      <xsd:documentation>UpdateMerchantId response wrapper.</xsd:documentation>
    </xsd:annotation>
    <xs:sequence>
      <xs:element minOccurs="1" maxOccurs="1" name="UpdateMerchantIdReply" type="tns:UpdateMerchantIdReply">
        <xsd:annotation>
          <xsd:documentation>UpdateMerchantId response element wrapper.</xsd:documentation>
        </xsd:annotation>
      </xs:element>
    </xs:sequence>
  </xs:complexType>
  <xs:complexType name="UpdateMerchantIdReply">
    <xs:sequence>
      <xs:element minOccurs="1" maxOccurs="1" name="responseCode" type="xs:string">
        <xsd:annotation>
          <xsd:documentation>responseCode :
						00.Success
						01.Failure</xsd:documentation>
        </xsd:annotation>
      </xs:element>
      <xs:element minOccurs="0" maxOccurs="1" name="bankBusinessException" type="tns:BankBusinessException">
        <xsd:annotation>
          <xsd:documentation>The business exception that occur during the
						merchant Id update process.</xsd:documentation>
        </xsd:annotation>
      </xs:element>
    </xs:sequence>
  </xs:complexType>
  <xs:complexType name="GetMerchantDetails">
    <xsd:annotation>
      <xsd:documentation>GetMerchantDetails request wrapper.</xsd:documentation>
    </xsd:annotation>
    <xs:sequence>
      <xs:element minOccurs="1" maxOccurs="1" name="GetMerchantDetailsRequest" type="tns:GetMerchantDetailsRequest">
        <xsd:annotation>
          <xsd:documentation>GetMerchantDetails request element wrapper.</xsd:documentation>
        </xsd:annotation>
      </xs:element>
    </xs:sequence>
  </xs:complexType>
  <xs:complexType name="GetMerchantDetailsRequest">
    <xs:sequence>
      <xs:element minOccurs="1" maxOccurs="1" name="identity" type="tns:Identity">
        <xsd:annotation>
          <xsd:documentation>The identity of merchant</xsd:documentation>
        </xsd:annotation>
      </xs:element>
    </xs:sequence>
  </xs:complexType>
  <xs:complexType name="Identity">
    <xs:sequence>
      <xs:element minOccurs="1" maxOccurs="1" name="idNum" type="xs:string">
        <xsd:annotation>
          <xsd:documentation>The Identity number, which can be national Id,
						iqama or CR number</xsd:documentation>
        </xsd:annotation>
      </xs:element>
      <xs:element minOccurs="1" maxOccurs="1" name="idType" type="xs:int">
        <xsd:annotation>
          <xsd:documentation>Possible Identity types
						1 = National Id
						2 = Iqama
						Id
						3 = CR Number</xsd:documentation>
        </xsd:annotation>
      </xs:element>
    </xs:sequence>
  </xs:complexType>
  <xs:complexType name="GetMerchantDetailsResponse">
    <xsd:annotation>
      <xsd:documentation>GetMerchantDetails response wrapper.</xsd:documentation>
    </xsd:annotation>
    <xs:sequence>
      <xs:element minOccurs="1" maxOccurs="1" name="GetMerchantDetailsReply" type="tns:GetMerchantDetailsReply"/>
    </xs:sequence>
  </xs:complexType>
  <xs:complexType name="GetMerchantDetailsReply">
    <xs:sequence>
      <xs:element minOccurs="0" maxOccurs="1" name="merchant" type="tns:Merchant">
        <xsd:annotation>
          <xsd:documentation>The Merchant wrapper.</xsd:documentation>
        </xsd:annotation>
      </xs:element>
      <xs:element minOccurs="1" maxOccurs="1" name="responseCode" type="xs:string">
        <xsd:annotation>
          <xsd:documentation>responseCode :
						00.Success
						01.Failure</xsd:documentation>
        </xsd:annotation>
      </xs:element>
      <xs:element minOccurs="0" maxOccurs="1" name="bankBusinessException" type="tns:BankBusinessException">
        <xsd:annotation>
          <xsd:documentation>The business exception that occur .</xsd:documentation>
        </xsd:annotation>
      </xs:element>
    </xs:sequence>
  </xs:complexType>
  <xs:complexType name="Merchant">
    <xs:sequence>
      <xs:element minOccurs="0" maxOccurs="1" name="address" type="tns:Address">
        <xsd:annotation>
          <xsd:documentation>The Address wrapper of the Merchant.</xsd:documentation>
        </xsd:annotation>
      </xs:element>
      <xs:element minOccurs="0" maxOccurs="1" name="businessDetails" type="tns:BusinessDetails">
        <xsd:annotation>
          <xsd:documentation>The Business Details wrapper.</xsd:documentation>
        </xsd:annotation>
      </xs:element>
      <xs:element minOccurs="0" maxOccurs="1" name="contact1" type="tns:Contact">
        <xsd:annotation>
          <xsd:documentation>Merchant Contact wrapper.</xsd:documentation>
        </xsd:annotation>
      </xs:element>
      <xs:element minOccurs="0" maxOccurs="1" name="contact2" type="tns:Contact">
        <xsd:annotation>
          <xsd:documentation>Merchant Contact wrapper.</xsd:documentation>
        </xsd:annotation>
      </xs:element>
      <xs:element minOccurs="0" maxOccurs="1" name="successResponseURL" type="xs:string">
        <xsd:annotation>
          <xsd:documentation>The URL to which the navigation happens when
						the transaction is success.</xsd:documentation>
        </xsd:annotation>
      </xs:element>
      <xs:element minOccurs="0" maxOccurs="1" name="successTestResponseURL" type="xs:string">
        <xsd:annotation>
          <xsd:documentation>The URL to which the navigation happens when
						the TestMerchant's transaction is success.</xsd:documentation>
        </xsd:annotation>
      </xs:element>
      <xs:element minOccurs="0" maxOccurs="1" name="failureResponseURL" type="xs:string">
        <xsd:annotation>
          <xsd:documentation>The URL to which the navigation happens when
						the transaction is failed.</xsd:documentation>
        </xsd:annotation>
      </xs:element>
      <xs:element minOccurs="0" maxOccurs="1" name="failureTestResponseURL" type="xs:string">
        <xsd:annotation>
          <xsd:documentation>The URL to which the navigation happens when
						the TestMerchant's transaction is failed.</xsd:documentation>
        </xsd:annotation>
      </xs:element>
    </xs:sequence>
  </xs:complexType>
  <xs:complexType name="Address">
    <xsd:annotation>
      <xsd:documentation>The address details of the merchant.</xsd:documentation>
    </xsd:annotation>
    <xs:sequence>
      <xs:element minOccurs="0" maxOccurs="1" name="city" type="xs:string">
        <xsd:annotation>
          <xsd:documentation>City of the merchant.</xsd:documentation>
        </xsd:annotation>
      </xs:element>
      <xs:element minOccurs="0" maxOccurs="1" name="country" type="xs:string">
        <xsd:annotation>
          <xsd:documentation>Merchant's country.</xsd:documentation>
        </xsd:annotation>
      </xs:element>
      <xs:element minOccurs="0" maxOccurs="1" name="line1" type="xs:string">
        <xsd:annotation>
          <xsd:documentation>Merchant's address line1.</xsd:documentation>
        </xsd:annotation>
      </xs:element>
      <xs:element minOccurs="0" maxOccurs="1" name="line2" type="xs:string">
        <xsd:annotation>
          <xsd:documentation>Merchant's address line2.</xsd:documentation>
        </xsd:annotation>
      </xs:element>
      <xs:element minOccurs="0" maxOccurs="1" name="postalCode" type="xs:string">
        <xsd:annotation>
          <xsd:documentation>Merchant's postal code.</xsd:documentation>
        </xsd:annotation>
      </xs:element>
    </xs:sequence>
  </xs:complexType>
  <xs:complexType name="BusinessDetails">
    <xsd:annotation>
      <xsd:documentation>The Details of the merchant's organisation is
				stored in this wrapper.</xsd:documentation>
    </xsd:annotation>
    <xs:sequence>
      <xs:element minOccurs="0" maxOccurs="1" name="companyName" type="xs:string">
        <xsd:annotation>
          <xsd:documentation>Company name of the merchant.</xsd:documentation>
        </xsd:annotation>
      </xs:element>
      <xs:element minOccurs="0" maxOccurs="1" name="currency" type="xs:string">
        <xsd:annotation>
          <xsd:documentation>Currency code of merchant.</xsd:documentation>
        </xsd:annotation>
      </xs:element>
      <xs:element minOccurs="0" maxOccurs="1" name="sicCode" type="xs:int">
        <xsd:annotation>
          <xsd:documentation>SIC code of merchant.</xsd:documentation>
        </xsd:annotation>
      </xs:element>
      <xs:element minOccurs="0" maxOccurs="1" name="websiteURL" type="xs:string">
        <xsd:annotation>
          <xsd:documentation>Website Url of the organization.</xsd:documentation>
        </xsd:annotation>
      </xs:element>
      <xs:element minOccurs="0" maxOccurs="1" name="crIssueDate" type="xs:date">
        <xsd:annotation>
          <xsd:documentation>Issue date of Commercial Registration</xsd:documentation>
        </xsd:annotation>
      </xs:element>
      <xs:element minOccurs="0" maxOccurs="1" name="crExpiryDate" type="xs:date">
        <xsd:annotation>
          <xsd:documentation>Expiry date of Commercial Registration</xsd:documentation>
        </xsd:annotation>
      </xs:element>
    </xs:sequence>
  </xs:complexType>
  <xs:complexType name="Contact">
    <xsd:annotation>
      <xsd:documentation>The Business Contact details of the Merchant.</xsd:documentation>
    </xsd:annotation>
    <xs:sequence>
      <xs:element minOccurs="0" maxOccurs="1" name="email" type="xs:string">
        <xsd:annotation>
          <xsd:documentation>email address of merchant.</xsd:documentation>
        </xsd:annotation>
      </xs:element>
      <xs:element minOccurs="0" maxOccurs="1" name="firstName" type="xs:string">
        <xsd:annotation>
          <xsd:documentation>First name of merchant.</xsd:documentation>
        </xsd:annotation>
      </xs:element>
      <xs:element minOccurs="0" maxOccurs="1" name="middleName" type="xs:string">
        <xsd:annotation>
          <xsd:documentation>Middle name of merchant.</xsd:documentation>
        </xsd:annotation>
      </xs:element>
      <xs:element minOccurs="0" maxOccurs="1" name="lastName" type="xs:string">
        <xsd:annotation>
          <xsd:documentation>Last name of merchant.</xsd:documentation>
        </xsd:annotation>
      </xs:element>
      <xs:element minOccurs="0" maxOccurs="1" name="landline" type="xs:string">
        <xsd:annotation>
          <xsd:documentation>Landline number of merchant.</xsd:documentation>
        </xsd:annotation>
      </xs:element>
    </xs:sequence>
  </xs:complexType>
  <xs:complexType name="Fault">
    <xs:sequence>
      <xs:element minOccurs="1" maxOccurs="1" name="faultCode" type="xs:string">
        <xsd:annotation>
          <xsd:documentation>Fault Type of the fault occured</xsd:documentation>
        </xsd:annotation>
      </xs:element>
      <xs:element minOccurs="1" maxOccurs="1" name="faultString" type="xs:string">
        <xsd:annotation>
          <xsd:documentation>Errormessage of the fault occured</xsd:documentation>
        </xsd:annotation>
      </xs:element>
      <xs:element minOccurs="1" maxOccurs="1" name="timeStamp" type="xs:dateTime">
        <xsd:annotation>
          <xsd:documentation>Time when the fault occured</xsd:documentation>
        </xsd:annotation>
      </xs:element>
    </xs:sequence>
  </xs:complexType>
</xs:schema>]]></con:content><con:type>http://www.w3.org/2001/XMLSchema</con:type></con:part></con:definitionCache><con:endpoints><con:endpoint>http://localhost:9080/AcquirerWebService/BankMerchantManager</con:endpoint></con:endpoints><con:operation id="e1327812-2ae1-4fe9-bb09-c312545559e1" isOneWay="false" action="GetMerchantDetails" name="GetMerchantDetails" bindingOperationName="GetMerchantDetails" type="Request-Response" inputName="" receivesAttachments="false" sendsAttachments="false" anonymous="optional"><con:settings/><con:call id="6c8c6339-aa35-42a5-a208-85033e99ca3c" name="Request 1"><con:settings><con:setting id="com.eviware.soapui.impl.wsdl.WsdlRequest@request-headers">&lt;xml-fragment/></con:setting></con:settings><con:encoding>UTF-8</con:encoding><con:endpoint>http://192.168.105.110:9080/AcquirerWebService/BankMerchantManager/1.0</con:endpoint><con:request><![CDATA[<soap:Envelope xmlns:soap="http://www.w3.org/2003/05/soap-envelope" xmlns:ent="http://enterprise.olp.sadad.com/Infrastructure/EnterpriseContext" xmlns:ns="http://olp.sadad.com/bankmerchantmanagement/service/bankmerchantmanager/intf/1">\r
   <soap:Header>
      <ent:enterpriseContext>
         <ent:contextInfo>
            <ent:ProcessContextId>SIBC1955991483443953123</ent:ProcessContextId>
            <ent:businessContextId>TM</ent:businessContextId>
            <ent:applicationContextId>4</ent:applicationContextId>
            <!--Optional:-->
            <ent:languageCode>en</ent:languageCode>
            <!--Optional:-->
            <ent:versionNumber>1.0</ent:versionNumber>
         </ent:contextInfo>
         <ent:requestOriginator>
            <ent:requesterCode>SIBC</ent:requesterCode>
            <ent:machineIPAddress>10.10.21.57</ent:machineIPAddress>
            <ent:userPrincipleName>1026</ent:userPrincipleName>
            <ent:requestedTimestamp>2018-01-03T14:45:33</ent:requestedTimestamp>
            <ent:channelId>1</ent:channelId>
         </ent:requestOriginator>
      </ent:enterpriseContext>
   </soap:Header>

   <soap:Body>\r
      <ns:GetMerchantDetails>\r
         <GetMerchantDetailsRequest>\r
            <identity>\r
               <idNum>1010288118</idNum>\r
               <idType>2</idType>\r
            </identity>\r
         </GetMerchantDetailsRequest>\r
      </ns:GetMerchantDetails>\r
   </soap:Body>\r
</soap:Envelope>]]></con:request><con:credentials><con:authType>No Authorization</con:authType></con:credentials><con:jmsConfig JMSDeliveryMode="PERSISTENT"/><con:jmsPropertyConfig/><con:wsaConfig mustUnderstand="NONE" version="200508" action="{http://schemas.xmlsoap.org/wsdl/}GetMerchantDetails"/><con:wsrmConfig version="1.2"/></con:call></con:operation><con:operation id="87a686cf-58bf-47c8-a98f-036e93d732af" isOneWay="false" action="UpdateMerchantId" name="UpdateMerchantId" bindingOperationName="UpdateMerchantId" type="Request-Response" inputName="" receivesAttachments="false" sendsAttachments="false" anonymous="optional"><con:settings/><con:call id="3a93bc6b-c28d-486c-a526-e03b11b8cb51" name="Request 1"><con:settings><con:setting id="com.eviware.soapui.impl.wsdl.WsdlRequest@request-headers">&lt;xml-fragment/></con:setting></con:settings><con:encoding>UTF-8</con:encoding><con:endpoint>http://192.168.105.110:9080/AcquirerWebService/BankMerchantManager/1.0</con:endpoint><con:request><![CDATA[<soap:Envelope xmlns:soap="http://www.w3.org/2003/05/soap-envelope" xmlns:ent="http://enterprise.olp.sadad.com/Infrastructure/EnterpriseContext" xmlns:ns="http://olp.sadad.com/bankmerchantmanagement/service/bankmerchantmanager/intf/1">\r
   <soap:Header>
      <ent:enterpriseContext>
         <ent:contextInfo>
            <ent:ProcessContextId>SIBC1955991483443967456</ent:ProcessContextId>
            <ent:businessContextId>TM</ent:businessContextId>
            <ent:applicationContextId>4</ent:applicationContextId>
            <!--Optional:-->
            <ent:languageCode>en</ent:languageCode>
            <!--Optional:-->
            <ent:versionNumber>1.0</ent:versionNumber>
         </ent:contextInfo>
         <ent:requestOriginator>
            <ent:requesterCode>SIBC</ent:requesterCode>
            <ent:machineIPAddress>10.10.21.57</ent:machineIPAddress>
            <ent:userPrincipleName>1026</ent:userPrincipleName>
            <ent:requestedTimestamp>2018-01-03T14:45:33</ent:requestedTimestamp>
            <ent:channelId>1</ent:channelId>
         </ent:requestOriginator>
      </ent:enterpriseContext>
   </soap:Header>
   <soap:Body>\r
      <ns:UpdateMerchantId>\r
         <UpdateMerchantIdRequest>\r
            <identity>\r
               <idNum>1010551010</idNum>\r
               <idType>2</idType>\r
            </identity>\r
            <merchantId>1003</merchantId>\r
         </UpdateMerchantIdRequest>\r
      </ns:UpdateMerchantId>\r
   </soap:Body>\r
</soap:Envelope>]]></con:request><con:credentials><con:authType>No Authorization</con:authType></con:credentials><con:jmsConfig JMSDeliveryMode="PERSISTENT"/><con:jmsPropertyConfig/><con:wsaConfig mustUnderstand="NONE" version="200508" action="{http://schemas.xmlsoap.org/wsdl/}UpdateMerchantId"/><con:wsrmConfig version="1.2"/></con:call></con:operation><con:operation id="ede8d6dd-f0bc-4663-9c6c-67d5690134b6" isOneWay="false" action="UpdateMerchantStatus" name="UpdateMerchantStatus" bindingOperationName="UpdateMerchantStatus" type="Request-Response" inputName="" receivesAttachments="false" sendsAttachments="false" anonymous="optional"><con:settings/><con:call id="52b37cdf-ba09-461c-a161-3e0b753ca857" name="Request 1"><con:settings><con:setting id="com.eviware.soapui.impl.wsdl.WsdlRequest@request-headers">&lt;xml-fragment/></con:setting></con:settings><con:encoding>UTF-8</con:encoding><con:endpoint>http://192.168.105.110:9080/AcquirerWebService/BankMerchantManager/1.0</con:endpoint><con:request><![CDATA[<soap:Envelope xmlns:soap="http://www.w3.org/2003/05/soap-envelope" xmlns:ent="http://enterprise.olp.sadad.com/Infrastructure/EnterpriseContext" xmlns:ns="http://olp.sadad.com/bankmerchantmanagement/service/bankmerchantmanager/intf/1">\r
   <soap:Header>\r
      <ent:enterpriseContext>\r
         <ent:contextInfo>\r
            <ent:ProcessContextId>SIBC1955991484444934279</ent:ProcessContextId>\r
            <ent:businessContextId>TM</ent:businessContextId>\r
            <ent:applicationContextId>4</ent:applicationContextId>\r
            <!--Optional:-->\r
            <ent:languageCode>en</ent:languageCode>\r
            <!--Optional:-->\r
            <ent:versionNumber>1.0</ent:versionNumber>\r
         </ent:contextInfo>\r
         <ent:requestOriginator>\r
            <ent:requesterCode>SIBC</ent:requesterCode>\r
            <ent:machineIPAddress>10.10.21.57</ent:machineIPAddress>\r
            <ent:userPrincipleName>1026</ent:userPrincipleName>\r
            <ent:requestedTimestamp>2018-01-03T14:45:33</ent:requestedTimestamp>\r
            <ent:channelId>1</ent:channelId>\r
         </ent:requestOriginator>\r
      </ent:enterpriseContext>\r
   </soap:Header>\r
   <soap:Body>\r
      <ns:UpdateMerchantStatus>\r
         <UpdateMerchantStatusRequest>\r
            <merchantId>1026</merchantId>\r
            <status>6</status>\r
            <statusChangeReason>Success</statusChangeReason>\r
         </UpdateMerchantStatusRequest>\r
      </ns:UpdateMerchantStatus>\r
   </soap:Body>\r
</soap:Envelope>]]></con:request><con:credentials><con:authType>No Authorization</con:authType></con:credentials><con:jmsConfig JMSDeliveryMode="PERSISTENT"/><con:jmsPropertyConfig/><con:wsaConfig mustUnderstand="NONE" version="200508" action="{http://schemas.xmlsoap.org/wsdl/}UpdateMerchantStatus"/><con:wsrmConfig version="1.2"/></con:call></con:operation></con:interface><con:properties/><con:wssContainer/><con:oAuth2ProfileContainer/><con:oAuth1ProfileContainer/><con:databaseConnectionContainer/><con:reporting><con:xmlTemplates/><con:parameters/></con:reporting></con:soapui-project>