<?xml version="1.0" encoding="UTF-8"?>
<con:soapui-project id="cef1ae45-3007-4365-9f68-0c01b892e836" activeEnvironment="Default" name="PaymentManagerDataPower's WSDL" resourceRoot="${projectDir}" soapui-version="5.4.0" abortOnError="false" runType="SEQUENTIAL" xmlns:con="http://eviware.com/soapui/config"><con:settings/><con:interface xsi:type="con:WsdlInterface" id="d69bf79e-ec2a-457e-8ef6-4165996675f8" wsaVersion="NONE" name="IBPaymentManagerBinding" type="wsdl" bindingName="{http://www.saib.com.sa/OLPWareAcquirer/IBPaymentManager/}IBPaymentManagerBinding" soapVersion="1_1" anonymous="optional" definition="file:/C:/SAIB/OLP%20Modules%20Docu/TestData/OLP%20Test%20Data/DataPower's%20WSDL/IBPaymentManager/IBPaymentManager.wsdl" xmlns:xsi="http://www.w3.org/2001/XMLSchema-instance"><con:settings/><con:definitionCache type="TEXT" rootPart="file:\C:\SAIB\OLP%20Modules%20Docu\TestData\OLP%20Test%20Data\DataPower's%20WSDL\IBPaymentManager\IBPaymentManager.wsdl"><con:part><con:url>file:\C:\SAIB\OLP%20Modules%20Docu\TestData\OLP%20Test%20Data\DataPower's%20WSDL\IBPaymentManager\IBPaymentManager.wsdl</con:url><con:content><![CDATA[<!--Copyright All Rights Reserved. This software is the
	proprietary information of SADAD. Use is subject to license terms.-->
<definitions name="IBPaymentManager" targetNamespace="http://www.saib.com.sa/OLPWareAcquirer/IBPaymentManager/" xmlns="http://schemas.xmlsoap.org/wsdl/" xmlns:ds="http://www.w3.org/2000/09/xmldsig#" xmlns:ent2="http://enterprise.olp.sadad.com/Infrastructure/EnterpriseContext" xmlns:header="http://www.saib.com.sa/OLPWareAcquirer/" xmlns:olp="http://www.saib.com.sa/OLPWareAcquirer/IBPaymentManager/" xmlns:soap="http://schemas.xmlsoap.org/wsdl/soap/" xmlns:wsam="http://www.w3.org/2007/05/addressing/metadata" xmlns:wsdl="http://schemas.xmlsoap.org/wsdl/" xmlns:wsp="http://www.w3.org/ns/ws-policy" xmlns:wsp1_2="http://schemas.xmlsoap.org/ws/2004/09/policy" xmlns:wsu="http://docs.oasis-open.org/wss/2004/01/oasis-200401-wss-wssecurity-utility-1.0.xsd" xmlns:xsd="http://www.w3.org/2001/XMLSchema">
  <wsdl:documentation>Payment manager service definition is used to perform the functionalities related with 
		checkout process and transaction(s) retrieval from various internal and external portals. 
		This includes

		1. RetrievePaymentTransaction called by Issuing bank and from various portals

		2. RetrievePaymentTransactionList called from various portals</wsdl:documentation>
  <wsdl:import location="MessageHeader.wsdl" namespace="http://www.saib.com.sa/OLPWareAcquirer/"/>
  <types>
    <xsd:schema>
      <xsd:import namespace="http://www.saib.com.sa/OLPWareAcquirer/IBPaymentManager/" schemaLocation="IBPaymentManager.xsd"/>
    </xsd:schema>
  </types>
  <wsdl:message name="MessageHeader">
    <wsdl:part element="header:messageHeader" name="messageHeader"/>
  </wsdl:message>
  <message name="Fault">
    <part element="olp:Fault" name="fault"/>
  </message>
  <message name="RetrievePaymentTransactionList">
    <part element="olp:RetrievePaymentTransactionList" name="parameters"/>
  </message>
  <message name="RetrievePaymentTransactionListResponse">
    <part element="olp:RetrievePaymentTransactionListResponse" name="parameters"/>
  </message>
  <message name="RetrievePaymentTransactionDetails">
    <part element="olp:RetrievePaymentTransactionDetails" name="parameters"/>
  </message>
  <message name="RetrievePaymentTransactionDetailsResponse">
    <part element="olp:RetrievePaymentTransactionDetailsResponse" name="parameters"/>
  </message>
  <message name="BulkUpdatePaymentStatus">
    <part element="olp:BulkUpdatePaymentStatus" name="parameters"/>
  </message>
  <message name="BulkUpdatePaymentStatusResponse">
    <part element="olp:BulkUpdatePaymentStatusResponse" name="parameters"/>
  </message>
  <portType name="IBPaymentManager">
    <operation name="RetrievePaymentTransactionList">
      <wsdl:documentation>Retrieving a list of PaymentTransactions - Operation name, input wrapper, output wrapper and fault wrapper.</wsdl:documentation>
      <input message="olp:RetrievePaymentTransactionList"/>
      <output message="olp:RetrievePaymentTransactionListResponse"/>
    </operation>
    <operation name="RetrievePaymentTransactionDetails">
      <wsdl:documentation>Retrieving a particular PaymentTransactions - to be used by portals - Operation name, input wrapper, output wrapper and fault wrapper.</wsdl:documentation>
      <input message="olp:RetrievePaymentTransactionDetails"/>
      <output message="olp:RetrievePaymentTransactionDetailsResponse"/>
    </operation>
    <operation name="BulkUpdatePaymentStatus">
      <wsdl:documentation>Bulk update of Payment Status - Operation name, input wrapper, output wrapper and fault wrapper.</wsdl:documentation>
      <input message="olp:BulkUpdatePaymentStatus"/>
      <output message="olp:BulkUpdatePaymentStatusResponse"/>
    </operation>
  </portType>
  <binding name="IBPaymentManagerBinding" type="olp:IBPaymentManager">
    <soap:binding style="document" transport="http://schemas.xmlsoap.org/soap/http"/>
    <operation name="RetrievePaymentTransactionList">
      <soap:operation soapAction=""/>
      <input>
        <soap:body use="literal"/>
        <soap:header message="header:HeaderMessage" part="Header" use="literal"/>
      </input>
      <output>
        <soap:body use="literal"/>
      </output>
    </operation>
    <operation name="RetrievePaymentTransactionDetails">
      <soap:operation soapAction="RetrievePaymentTransactionDetails"/>
      <input>
        <soap:body use="literal"/>
        <soap:header message="header:HeaderMessage" part="Header" use="literal"/>
      </input>
      <output>
        <soap:body use="literal"/>
      </output>
    </operation>
    <operation name="BulkUpdatePaymentStatus">
      <soap:operation soapAction="BulkUpdatePaymentStatus"/>
      <input>
        <soap:body use="literal"/>
        <soap:header message="header:HeaderMessage" part="Header" use="literal"/>
      </input>
      <output>
        <soap:body use="literal"/>
      </output>
    </operation>
  </binding>
  <service name="IBPaymentManagerService">
    <wsdl:documentation>URL where the service is hosted. (To be updated with test/production server URL)</wsdl:documentation>
    <port binding="olp:IBPaymentManagerBinding" name="IBPaymentManagerPort">
      <soap:address location="http://localhost:9080/AcquirerWebService/IBPaymentManagerService"/>
    </port>
  </service>
</definitions>]]></con:content><con:type>http://schemas.xmlsoap.org/wsdl/</con:type></con:part><con:part><con:url>file:\C:\SAIB\OLP%20Modules%20Docu\TestData\OLP%20Test%20Data\DataPower's%20WSDL\IBPaymentManager\MessageHeader.wsdl</con:url><con:content><![CDATA[<wsdl:definitions targetNamespace="http://www.saib.com.sa/OLPWareAcquirer/" xmlns:s2="http://www.saib.com.sa/OLPWareAcquirer/" xmlns:wsdl="http://schemas.xmlsoap.org/wsdl/" xmlns:xsd="http://www.w3.org/2001/XMLSchema">
  <wsdl:types>
    <xsd:schema targetNamespace="http://www.saib.com.sa/OLPWareAcquirer/">
      <xsd:include schemaLocation="MessageHeader.xsd"/>
    </xsd:schema>
  </wsdl:types>
  <wsdl:message name="HeaderMessage">
    <wsdl:part element="s2:messageHeader" name="Header"/>
  </wsdl:message>
</wsdl:definitions>]]></con:content><con:type>http://schemas.xmlsoap.org/wsdl/</con:type></con:part><con:part><con:url>file:\C:\SAIB\OLP%20Modules%20Docu\TestData\OLP%20Test%20Data\DataPower's%20WSDL\IBPaymentManager\MessageHeader.xsd</con:url><con:content><![CDATA[<xsd:schema xml:lang="en" elementFormDefault="qualified" attributeFormDefault="unqualified" targetNamespace="http://www.saib.com.sa/OLPWareAcquirer/" xmlns="http://www.saib.com.sa/OLPWareAcquirer/" xmlns:xsd="http://www.w3.org/2001/XMLSchema">
  <xsd:element name="messageHeader">
    <xsd:complexType>
      <xsd:sequence>
        <xsd:element name="ProcessContextId" minOccurs="1" maxOccurs="1">
          <xsd:simpleType>
            <xsd:restriction base="xsd:string">
              <xsd:maxLength value="50"/>
            </xsd:restriction>
          </xsd:simpleType>
        </xsd:element>
        <xsd:element name="businessContextId" minOccurs="1" maxOccurs="1">
          <xsd:simpleType>
            <xsd:restriction base="xsd:string">
              <xsd:maxLength value="2"/>
            </xsd:restriction>
          </xsd:simpleType>
        </xsd:element>
        <xsd:element name="applicationContextId" type="xsd:int" minOccurs="1" maxOccurs="1"/>
        <xsd:element name="requesterCode" minOccurs="1" maxOccurs="1">
          <xsd:simpleType>
            <xsd:restriction base="xsd:string">
              <xsd:maxLength value="20"/>
            </xsd:restriction>
          </xsd:simpleType>
        </xsd:element>
        <xsd:element name="machineIPAddress" minOccurs="1" maxOccurs="1">
          <xsd:simpleType>
            <xsd:restriction base="xsd:string">
              <xsd:maxLength value="23"/>
            </xsd:restriction>
          </xsd:simpleType>
        </xsd:element>
        <xsd:element name="userPrincipleName" minOccurs="1" maxOccurs="1">
          <xsd:simpleType>
            <xsd:restriction base="xsd:string">
              <xsd:maxLength value="15"/>
            </xsd:restriction>
          </xsd:simpleType>
        </xsd:element>
        <xsd:element name="requestedTimestamp" type="xsd:dateTime" minOccurs="1" maxOccurs="1"/>
        <xsd:element name="channelId" minOccurs="1" maxOccurs="1">
          <xsd:simpleType>
            <xsd:restriction base="xsd:int">
              <xsd:totalDigits value="2"/>
            </xsd:restriction>
          </xsd:simpleType>
        </xsd:element>
        <xsd:element name="LanguageCode" minOccurs="0" maxOccurs="1">
          <xsd:simpleType>
            <xsd:restriction base="xsd:string">
              <xsd:maxLength value="20"/>
            </xsd:restriction>
          </xsd:simpleType>
        </xsd:element>
        <xsd:element name="VersionNumber" minOccurs="0" maxOccurs="1">
          <xsd:simpleType>
            <xsd:restriction base="xsd:string">
              <xsd:maxLength value="20"/>
            </xsd:restriction>
          </xsd:simpleType>
        </xsd:element>
      </xsd:sequence>
    </xsd:complexType>
  </xsd:element>
</xsd:schema>]]></con:content><con:type>http://www.w3.org/2001/XMLSchema</con:type></con:part><con:part><con:url>file:\C:\SAIB\OLP%20Modules%20Docu\TestData\OLP%20Test%20Data\DataPower's%20WSDL\IBPaymentManager\IBPaymentManager.xsd</con:url><con:content><![CDATA[<!--Copyright All Rights Reserved. This software is the proprietary information 
	of SADAD. Use is subject to license terms.-->
<schema targetNamespace="http://www.saib.com.sa/OLPWareAcquirer/IBPaymentManager/" version="1.0" xmlns="http://www.w3.org/2001/XMLSchema" xmlns:xs="http://www.w3.org/2001/XMLSchema" xmlns:olp="http://www.saib.com.sa/OLPWareAcquirer/IBPaymentManager/" xmlns:xsd="http://www.w3.org/2001/XMLSchema">
  <annotation>
    <documentation>This schema defines the data transfer objects used
			by
			the OLP Payment Manager service.</documentation>
  </annotation>
  <annotation>
    <documentation>Below element tag shows the @RequestWrapper and
			@ResponseWrapper name and type.
			The default value of the localName is
			the operationName for Request
			wrapper and
			operationName appended by
			Response for Response wrapper</documentation>
  </annotation>
  <element name="RetrievePaymentTransactionList">
    <complexType>
      <sequence>
        <element minOccurs="1" maxOccurs="1" name="RetrievePaymentTransactionListRequest">
          <complexType>
            <sequence>
              <element minOccurs="1" maxOccurs="1" name="paymentTransactionSearchCriteria" type="olp:PaymentTransactionSearchCriteria">
                <annotation>
                  <documentation>Element to hold paymentTransactionSearchCriteria</documentation>
                </annotation>
              </element>
            </sequence>
          </complexType>
        </element>
      </sequence>
    </complexType>
  </element>
  <element name="RetrievePaymentTransactionListResponse">
    <complexType>
      <sequence>
        <element minOccurs="1" maxOccurs="1" name="RetrievePaymentTransactionListReply">
          <complexType>
            <sequence>
              <element minOccurs="1" maxOccurs="1" name="responseCode" type="string"/>
              <element maxOccurs="200" minOccurs="0" name="paymentList" nillable="true" type="olp:PaymentInfo"/>
              <element minOccurs="0" maxOccurs="1" name="totalNumberOfRecords" type="int"/>
              <element name="totalTransactionValue" type="double" maxOccurs="1" minOccurs="0">
                <annotation>
                  <documentation>Total transaction value</documentation>
                </annotation>
              </element>
              <element minOccurs="0" maxOccurs="1" name="olpBusinessException" type="olp:OlpBusinessException"/>
            </sequence>
          </complexType>
        </element>
      </sequence>
    </complexType>
  </element>
  <element name="RetrievePaymentTransactionDetails">
    <complexType>
      <sequence>
        <element minOccurs="1" maxOccurs="1" name="RetrievePaymentTransactionDetailsRequest">
          <complexType>
            <sequence>
              <element minOccurs="1" maxOccurs="1" name="sadadTransactionNumber" type="string"/>
            </sequence>
          </complexType>
        </element>
      </sequence>
    </complexType>
  </element>
  <element name="RetrievePaymentTransactionDetailsResponse">
    <complexType>
      <sequence>
        <element minOccurs="1" maxOccurs="1" name="RetrievePaymentTransactionDetailsReply">
          <complexType>
            <sequence>
              <element minOccurs="1" maxOccurs="1" name="responseCode" type="string"></element>
              <element minOccurs="0" name="paymentTransactionDetails" type="olp:PaymentTransactionDetails"></element>
              <element minOccurs="0" maxOccurs="1" name="olpBusinessException" type="olp:OlpBusinessException"/>
            </sequence>
          </complexType>
        </element>
      </sequence>
    </complexType>
  </element>
  <element name="BulkUpdatePaymentStatus" type="olp:BulkUpdatePaymentStatus">
    <annotation>
      <documentation>BulkUpdatePaymentStatus request jax-ws</documentation>
    </annotation>
  </element>
  <element name="BulkUpdatePaymentStatusResponse" type="olp:BulkUpdatePaymentStatusResponse">
    <annotation>
      <documentation>BulkUpdatePaymentStatus response jax-ws</documentation>
    </annotation>
  </element>
  <element name="Fault" type="olp:Fault">
    <annotation>
      <documentation>fault element wrapper.</documentation>
    </annotation>
  </element>
  <complexType name="PaymentCurrency">
    <sequence>
      <element minOccurs="1" maxOccurs="1" name="paymentAmount" type="double">
        <annotation>
          <documentation>Payment Amount of checkout in SAR</documentation>
        </annotation>
      </element>
      <element minOccurs="1" maxOccurs="1" name="paymentCurrency" type="string">
        <annotation>
          <documentation>The Payment currency - SAR</documentation>
        </annotation>
      </element>
      <element minOccurs="0" maxOccurs="1" name="fxRate" type="double">
        <annotation>
          <documentation>Foreign exchange rate, if any</documentation>
        </annotation>
      </element>
      <element minOccurs="0" maxOccurs="1" name="foreignCurrency" type="string">
        <annotation>
          <documentation>The base currency of the party</documentation>
        </annotation>
      </element>
      <element minOccurs="0" maxOccurs="1" name="amountInForeignCurrency" type="double">
        <annotation>
          <documentation>The Payment amount in foreign currency</documentation>
        </annotation>
      </element>
    </sequence>
  </complexType>
  <complexType name="OlpBusinessException">
    <sequence>
      <element minOccurs="1" maxOccurs="1" name="errorCode" type="string">
        <annotation>
          <documentation>Errorcode of the exception occured</documentation>
        </annotation>
      </element>
      <element minOccurs="1" maxOccurs="1" name="errorMessage" type="string">
        <annotation>
          <documentation>Errormessage of the exception occured</documentation>
        </annotation>
      </element>
      <element minOccurs="0" maxOccurs="1" name="reasonCode" type="string">
        <annotation>
          <documentation>Reason Code of the exception occured</documentation>
        </annotation>
      </element>
      <element minOccurs="0" maxOccurs="1" name="reasonDescription" type="string">
        <annotation>
          <documentation>Reason Description of the exception occured</documentation>
        </annotation>
      </element>
    </sequence>
  </complexType>
  <complexType name="Fault">
    <sequence>
      <element minOccurs="1" maxOccurs="1" name="faultCode" type="string">
        <annotation>
          <documentation>Fault Type of the fault occured</documentation>
        </annotation>
      </element>
      <element minOccurs="1" maxOccurs="1" name="faultString" type="string">
        <annotation>
          <documentation>Errormessage of the fault occured</documentation>
        </annotation>
      </element>
      <element minOccurs="1" maxOccurs="1" name="timeStamp" type="dateTime">
        <annotation>
          <documentation>Time when the fault occured</documentation>
        </annotation>
      </element>
    </sequence>
  </complexType>
  <complexType name="PaymentTransactionSearchCriteria">
    <sequence>
      <element minOccurs="0" maxOccurs="1" name="sadadTransactionNumber" type="string">
        <annotation>
          <documentation>Unique transaction Id</documentation>
        </annotation>
      </element>
      <element minOccurs="0" maxOccurs="1" name="bankRefNumber" type="string">
        <annotation>
          <documentation>Bank Reference Number</documentation>
        </annotation>
      </element>
      <element minOccurs="0" maxOccurs="1" name="paymentStatus" type="int">
        <annotation>
          <documentation>Following status are available for Merchant portal
						or Consumer portal :

						8 : Failed
						9 : Success
						10 : In Progress</documentation>
        </annotation>
      </element>
      <element minOccurs="0" maxOccurs="1" name="fromDate" type="date">
        <annotation>
          <documentation>To change status for a period of time
						(YYYY-MM-DD)</documentation>
        </annotation>
      </element>
      <element minOccurs="0" maxOccurs="1" name="toDate" type="date">
        <annotation>
          <documentation>To change status for a period of time
						(YYYY-MM-DD)</documentation>
        </annotation>
      </element>
      <element name="merchantName" type="string" maxOccurs="1" minOccurs="0">
        <annotation>
          <documentation>Name of merchant</documentation>
        </annotation>
      </element>
      <element name="transactionType" type="int" maxOccurs="1" minOccurs="0">
        <annotation>
          <documentation>Transaction Type:
						1 : Payment
						2 : Refund</documentation>
        </annotation>
      </element>
      <element minOccurs="1" maxOccurs="1" name="pagination" type="olp:Pagination">
        <annotation>
          <documentation>Customer element wrapper</documentation>
        </annotation>
      </element>
      <element minOccurs="0" maxOccurs="1" name="olpId" type="long">
        <annotation>
          <documentation>Olp Id of customer</documentation>
        </annotation>
      </element>
      <element minOccurs="0" maxOccurs="1" name="merchantId" type="long">
        <annotation>
          <documentation>Merchant Id</documentation>
        </annotation>
      </element>
    </sequence>
  </complexType>
  <complexType name="Pagination">
    <sequence>
      <element minOccurs="0" maxOccurs="1" name="startIndex" type="int">
        <annotation>
          <documentation>Index for pagination</documentation>
        </annotation>
      </element>
      <element minOccurs="0" maxOccurs="1" name="numberOfRecords" type="int">
        <annotation>
          <documentation>Index for pagination</documentation>
        </annotation>
      </element>
      <element minOccurs="0" maxOccurs="1" name="sortingOrder" type="int">
        <annotation>
          <documentation>
            Sorting order :
            <br/>
            1:ascending
            <br/>
            2:descending
            <br/>
            Note : default value is descending
          </documentation>
        </annotation>
      </element>
      <element minOccurs="0" maxOccurs="1" name="sortingIndex" type="string">
        <annotation>
          <documentation>
            These are the possible parameter which are used for sorting:
            <br/>
            sadadTransactionNumber
            <br/>
            createdOn
            <br/>
            amount
            <br/>
            merchantName
            <br/>
            transactionStatus
            <br/>
            consumerName
            <br/>
            transactionType
            <br/>
            olpId
            <br/>
            merchantId
            <br/>
            Note : 	sadadTransactionNumber is default parameter for sorting .
          </documentation>
        </annotation>
      </element>
    </sequence>
  </complexType>
  <complexType name="PaymentInfo">
    <sequence>
      <element minOccurs="1" maxOccurs="1" name="sadadTransactionNumber" type="string">
        <annotation>
          <documentation>Unique transaction id</documentation>
        </annotation>
      </element>
      <element minOccurs="1" maxOccurs="1" name="transactionStatus" type="int">
        <annotation>
          <documentation>Following status are available for Merchant
						portal or
						Consumer portal :

						8 : Failed
						9 : Success
						10 : In Progress</documentation>
        </annotation>
      </element>
      <element minOccurs="1" maxOccurs="1" name="transactionStatusDesc" type="string">
        <annotation>
          <documentation>Desc of the transaction Transaction has the
						following status:(pass the string value)
						8 : Failed
						9 : Success
						10 :
						In Progress</documentation>
        </annotation>
      </element>
      <element minOccurs="1" maxOccurs="1" name="amount" type="double">
        <annotation>
          <documentation>Transaction amount</documentation>
        </annotation>
      </element>
      <element minOccurs="0" maxOccurs="1" name="consumerName" type="string">
        <annotation>
          <documentation>Name of consumer</documentation>
        </annotation>
      </element>
      <element minOccurs="1" maxOccurs="1" name="merchantName" type="string">
        <annotation>
          <documentation>Name of merchant</documentation>
        </annotation>
      </element>
      <element minOccurs="1" maxOccurs="1" name="merchantId" type="long">
        <annotation>
          <documentation>merchantId</documentation>
        </annotation>
      </element>
      <element minOccurs="1" maxOccurs="1" name="createdOn" type="dateTime">
        <annotation>
          <documentation>Created date of the transaction</documentation>
        </annotation>
      </element>
      <element minOccurs="1" maxOccurs="1" name="transactionType" type="int">
        <annotation>
          <documentation>1. Payment 2. Refund</documentation>
        </annotation>
      </element>
      <element minOccurs="1" maxOccurs="1" name="olpId" type="long"></element>
      <element name="remainingRefundAmount" type="double" maxOccurs="1" minOccurs="0"></element>
      <element minOccurs="1" maxOccurs="1" name="paymentCurrency" type="olp:PaymentCurrency">
        <annotation>
          <documentation>Currency element wrapper.</documentation>
        </annotation>
      </element>
    </sequence>
  </complexType>
  <complexType name="PaymentTransactionDetails">
    <sequence>
      <element minOccurs="1" maxOccurs="1" name="sadadTransactionNumber" type="string">
        <annotation>
          <documentation>Sadad Transaction Number</documentation>
        </annotation>
      </element>
      <element minOccurs="0" maxOccurs="1" name="olpId" type="long">
        <annotation>
          <documentation>OlpId of the consumer</documentation>
        </annotation>
      </element>
      <element minOccurs="1" maxOccurs="1" name="merchantName" type="string">
        <annotation>
          <documentation>Name of the merchant</documentation>
        </annotation>
      </element>
      <element name="consumerName" type="string" maxOccurs="1" minOccurs="1">
        <annotation>
          <documentation>Name of the Consumer</documentation>
        </annotation>
      </element>
      <element minOccurs="0" maxOccurs="1" name="merchantId" type="long">
        <annotation>
          <documentation>Id of the merchant</documentation>
        </annotation>
      </element>
      <element minOccurs="0" maxOccurs="1" name="abRefNumber" type="string">
        <annotation>
          <documentation>Acquiring Bank Reference Number</documentation>
        </annotation>
      </element>
      <element minOccurs="0" maxOccurs="1" name="ibRefNumber" type="string">
        <annotation>
          <documentation>Issuing Bank Reference Number</documentation>
        </annotation>
      </element>
      <element name="abBankCode" type="string" maxOccurs="1" minOccurs="0">
        <annotation>
          <documentation>Accquiring Bank Code</documentation>
        </annotation>
      </element>
      <element name="ibBankCode" type="string" maxOccurs="1" minOccurs="0">
        <annotation>
          <documentation>Issuing Bank Code</documentation>
        </annotation>
      </element>
      <element minOccurs="1" maxOccurs="1" name="transactionDate" type="dateTime">
        <annotation>
          <documentation>Transaction Date</documentation>
        </annotation>
      </element>
      <element minOccurs="1" maxOccurs="1" name="transactionStatus" type="int">
        <annotation>
          <documentation>Transaction Status</documentation>
        </annotation>
      </element>
      <element minOccurs="1" maxOccurs="1" name="transactionStatusDesc" type="string">
        <annotation>
          <documentation>Transaction Status</documentation>
        </annotation>
      </element>
      <element minOccurs="1" maxOccurs="1" name="paymentCurrency" type="olp:PaymentCurrency">
        <annotation>
          <documentation>Currency element wrapper.</documentation>
        </annotation>
      </element>
      <element minOccurs="0" maxOccurs="1" name="transactionFee" type="double">
        <annotation>
          <documentation>The total fee for the transaction</documentation>
        </annotation>
      </element>
      <element minOccurs="0" maxOccurs="1" name="sadadFee" type="double">
        <annotation>
          <documentation>The fee amount for sadad</documentation>
        </annotation>
      </element>
      <element minOccurs="0" maxOccurs="1" name="abFee" type="double">
        <annotation>
          <documentation>The fee amount for accquiring bank.</documentation>
        </annotation>
      </element>
      <element name="ibFee" minOccurs="0" maxOccurs="1" type="double">
        <annotation>
          <documentation>The fee amount for Issuing Bank</documentation>
        </annotation>
      </element>
      <element minOccurs="0" maxOccurs="1" name="paymentType" type="int">
        <annotation>
          <documentation>The payment Type of the transaction.</documentation>
        </annotation>
      </element>
      <element minOccurs="0" maxOccurs="1" name="isReversed" type="boolean">
        <annotation>
          <documentation>It states the status of the reversal:
						0: Not Reversed
						1: Reversed</documentation>
        </annotation>
      </element>
    </sequence>
  </complexType>
  <complexType name="BulkUpdatePaymentStatus">
    <sequence>
      <element minOccurs="1" maxOccurs="1" name="BulkUpdatePaymentStatusRequest" type="olp:BulkUpdatePaymentStatusRequest"/>
    </sequence>
  </complexType>
  <complexType name="BulkUpdatePaymentStatusRequest">
    <sequence>
      <element minOccurs="1" maxOccurs="1000" name="BulkUpdatePaymentStatusRequestList" type="olp:BulkUpdateStatusInfo"/>
    </sequence>
  </complexType>
  <complexType name="BulkUpdateStatusInfo">
    <sequence>
      <element minOccurs="1" maxOccurs="1" name="sadadTransactionNumber" type="string"/>
      <element name="abRefNumber" type="string" maxOccurs="1" minOccurs="1"/>
      <element name="paymentStatus" type="int" maxOccurs="1" minOccurs="1"/>
    </sequence>
  </complexType>
  <complexType name="BulkUpdatePaymentStatusResponse">
    <sequence>
      <element minOccurs="1" maxOccurs="1" name="BulkUpdatePaymentStatusReply" type="olp:BulkUpdatePaymentStatusReply"/>
    </sequence>
  </complexType>
  <complexType name="BulkUpdatePaymentStatusReply">
    <sequence>
      <element name="bulkUpdateStatusResponseInfoList" type="olp:bulkUpdateStatusResponseInfo" minOccurs="1" maxOccurs="1000">
        <annotation>
          <documentation>Response list for bulk update of payment status.</documentation>
        </annotation>
      </element>
      <element minOccurs="1" maxOccurs="1" name="responseCode" type="string">
        <annotation>
          <documentation>
            Response code such as:
            <br/>
            00 : Success
            <br/>
            01 : Failure
          </documentation>
        </annotation>
      </element>
      <element minOccurs="0" maxOccurs="1" name="olpBusinessException" type="olp:OlpBusinessException">
        <annotation>
          <documentation>OlpBusinessException to handle business exception</documentation>
        </annotation>
      </element>
    </sequence>
  </complexType>
  <complexType name="bulkUpdateStatusResponseInfo">
    <sequence>
      <element name="sadadTransactionNumber" type="string" maxOccurs="1" minOccurs="1"></element>
      <element name="abRefNumber" type="string" maxOccurs="1" minOccurs="0"></element>
      <element name="paymentStatus" type="int" maxOccurs="1" minOccurs="0"></element>
      <element name="responseCode" type="string" maxOccurs="1" minOccurs="1"></element>
      <element name="olpBusinessException" type="olp:OlpBusinessException" maxOccurs="1" minOccurs="0"/>
    </sequence>
  </complexType>
</schema>]]></con:content><con:type>http://www.w3.org/2001/XMLSchema</con:type></con:part></con:definitionCache><con:endpoints><con:endpoint>http://localhost:9080/AcquirerWebService/IBPaymentManagerService</con:endpoint></con:endpoints><con:operation id="8017a324-d687-498d-8e21-3005919a99aa" isOneWay="false" action="BulkUpdatePaymentStatus" name="BulkUpdatePaymentStatus" bindingOperationName="BulkUpdatePaymentStatus" type="Request-Response" inputName="" receivesAttachments="false" sendsAttachments="false" anonymous="optional"><con:settings/><con:call id="587a38d2-bb38-41e5-b246-ab5c007ab54f" name="Request 1"><con:settings><con:setting id="com.eviware.soapui.impl.wsdl.WsdlRequest@request-headers">&lt;xml-fragment/></con:setting></con:settings><con:encoding>UTF-8</con:encoding><con:endpoint>http://192.168.105.110:9080/integration/AcquirerWebService/IBPaymentManagerService/1.0</con:endpoint><con:request><![CDATA[<soapenv:Envelope xmlns:soapenv="http://schemas.xmlsoap.org/soap/envelope/" xmlns:olp="http://www.saib.com.sa/OLPWareAcquirer/" xmlns:ibp="http://www.saib.com.sa/OLPWareAcquirer/IBPaymentManager/">\r
   <soapenv:Header>\r
      <olp:messageHeader>
         <olp:ProcessContextId>SIBC1955991483443934287</olp:ProcessContextId>
         <olp:businessContextId>TM</olp:businessContextId>
         <olp:applicationContextId>4</olp:applicationContextId>
         <olp:requesterCode>SIBC</olp:requesterCode>
         <olp:machineIPAddress>10.10.21.57</olp:machineIPAddress>
         <olp:userPrincipleName>1026</olp:userPrincipleName>
         <olp:requestedTimestamp>2018-01-03T14:45:33</olp:requestedTimestamp>
         <olp:channelId>1</olp:channelId>
         <olp:LanguageCode>en</olp:LanguageCode>
         <olp:VersionNumber>1.0</olp:VersionNumber>
      </olp:messageHeader>
   </soapenv:Header>\r
   <soapenv:Body>\r
      <ibp:BulkUpdatePaymentStatus>\r
         <BulkUpdatePaymentStatusRequest>\r
            <!--1 to 1000 repetitions:-->\r
            <BulkUpdatePaymentStatusRequestList>\r
               <sadadTransactionNumber>P1000000000000006628</sadadTransactionNumber>\r
               <abRefNumber>10</abRefNumber>\r
               <paymentStatus>1</paymentStatus>\r
            </BulkUpdatePaymentStatusRequestList>\r
         </BulkUpdatePaymentStatusRequest>\r
      </ibp:BulkUpdatePaymentStatus>\r
   </soapenv:Body>\r
</soapenv:Envelope>]]></con:request><con:credentials><con:authType>No Authorization</con:authType></con:credentials><con:jmsConfig JMSDeliveryMode="PERSISTENT"/><con:jmsPropertyConfig/><con:wsaConfig mustUnderstand="NONE" version="200508" action="BulkUpdatePaymentStatus"/><con:wsrmConfig version="1.2"/></con:call></con:operation><con:operation id="20a439be-d3d9-4140-a62b-ccc0a5c21ccf" isOneWay="false" action="RetrievePaymentTransactionDetails" name="RetrievePaymentTransactionDetails" bindingOperationName="RetrievePaymentTransactionDetails" type="Request-Response" inputName="" receivesAttachments="false" sendsAttachments="false" anonymous="optional"><con:settings/><con:call id="0908a1bb-0bf9-492b-924f-b810e6a5f441" name="Request 1"><con:settings><con:setting id="com.eviware.soapui.impl.wsdl.WsdlRequest@request-headers">&lt;xml-fragment/></con:setting></con:settings><con:encoding>UTF-8</con:encoding><con:endpoint>http://192.168.105.110:9080/integration/AcquirerWebService/IBPaymentManagerService/1.0</con:endpoint><con:request><![CDATA[<soapenv:Envelope xmlns:soapenv="http://schemas.xmlsoap.org/soap/envelope/" xmlns:olp="http://www.saib.com.sa/OLPWareAcquirer/" xmlns:ibp="http://www.saib.com.sa/OLPWareAcquirer/IBPaymentManager/">\r
   <soapenv:Header>\r
      <olp:messageHeader>
         <olp:ProcessContextId>SIBC1955991483443634497</olp:ProcessContextId>
         <olp:businessContextId>TM</olp:businessContextId>
         <olp:applicationContextId>4</olp:applicationContextId>
         <olp:requesterCode>SIBC</olp:requesterCode>
         <olp:machineIPAddress>10.10.21.57</olp:machineIPAddress>
         <olp:userPrincipleName>1026</olp:userPrincipleName>
         <olp:requestedTimestamp>2018-01-03T14:45:33</olp:requestedTimestamp>
         <olp:channelId>1</olp:channelId>
         <olp:LanguageCode>en</olp:LanguageCode>
         <olp:VersionNumber>1.0</olp:VersionNumber>
      </olp:messageHeader>
   </soapenv:Header>\r
   <soapenv:Body>\r
      <ibp:RetrievePaymentTransactionDetails>\r
         <RetrievePaymentTransactionDetailsRequest>\r
            <sadadTransactionNumber>P1000000000000006628</sadadTransactionNumber>\r
         </RetrievePaymentTransactionDetailsRequest>\r
      </ibp:RetrievePaymentTransactionDetails>\r
   </soapenv:Body>\r
</soapenv:Envelope>]]></con:request><con:credentials><con:authType>No Authorization</con:authType></con:credentials><con:jmsConfig JMSDeliveryMode="PERSISTENT"/><con:jmsPropertyConfig/><con:wsaConfig mustUnderstand="NONE" version="200508" action="RetrievePaymentTransactionDetails"/><con:wsrmConfig version="1.2"/></con:call></con:operation><con:operation id="a81aae58-e202-4129-9bde-e79f39e8bbb1" isOneWay="false" action="" name="RetrievePaymentTransactionList" bindingOperationName="RetrievePaymentTransactionList" type="Request-Response" inputName="" receivesAttachments="false" sendsAttachments="false" anonymous="optional"><con:settings/><con:call id="d4012d98-df49-438c-a3f7-f3cda9675f46" name="Request 1"><con:settings><con:setting id="com.eviware.soapui.impl.wsdl.WsdlRequest@request-headers">&lt;xml-fragment/></con:setting></con:settings><con:encoding>UTF-8</con:encoding><con:endpoint>http://192.168.105.110:9080/integration/AcquirerWebService/IBPaymentManagerService/1.0</con:endpoint><con:request><![CDATA[<soapenv:Envelope xmlns:soapenv="http://schemas.xmlsoap.org/soap/envelope/" xmlns:olp="http://www.saib.com.sa/OLPWareAcquirer/" xmlns:ibp="http://www.saib.com.sa/OLPWareAcquirer/IBPaymentManager/">\r
   <soapenv:Header>\r
      <olp:messageHeader>\r
         <olp:ProcessContextId>SIBC1955991483443904484</olp:ProcessContextId>\r
         <olp:businessContextId>TM</olp:businessContextId>\r
         <olp:applicationContextId>4</olp:applicationContextId>\r
         <olp:requesterCode>SIBC</olp:requesterCode>\r
         <olp:machineIPAddress>10.10.21.57</olp:machineIPAddress>\r
         <olp:userPrincipleName>1026</olp:userPrincipleName>\r
         <olp:requestedTimestamp>2018-01-03T14:45:33</olp:requestedTimestamp>\r
         <olp:channelId>1</olp:channelId>\r
         <olp:LanguageCode>en</olp:LanguageCode>\r
         <olp:VersionNumber>1.0</olp:VersionNumber>\r
      </olp:messageHeader>\r
   </soapenv:Header>\r
   <soapenv:Body>\r
      <ibp:RetrievePaymentTransactionList>\r
         <RetrievePaymentTransactionListRequest>\r
            <paymentTransactionSearchCriteria>\r
               <pagination>\r
                  <startIndex>1</startIndex>\r
                  <numberOfRecords>10</numberOfRecords>\r
                  <sortingOrder>1</sortingOrder>\r
                  <sortingIndex>1</sortingIndex>\r
               </pagination>\r
            </paymentTransactionSearchCriteria>\r
         </RetrievePaymentTransactionListRequest>\r
      </ibp:RetrievePaymentTransactionList>\r
   </soapenv:Body>\r
</soapenv:Envelope>]]></con:request><con:credentials><con:authType>No Authorization</con:authType></con:credentials><con:jmsConfig JMSDeliveryMode="PERSISTENT"/><con:jmsPropertyConfig/><con:wsaConfig mustUnderstand="NONE" version="200508" action="http://www.saib.com.sa/OLPWareAcquirer/IBPaymentManager/IBPaymentManager/RetrievePaymentTransactionListRequest"/><con:wsrmConfig version="1.2"/></con:call><con:call id="7d9ccdcd-017c-49e0-8d4e-9baf9ae7183a" name="Request 2"><con:settings/><con:encoding>UTF-8</con:encoding><con:endpoint>http://localhost:9080/AcquirerWebService/IBPaymentManagerService</con:endpoint><con:request><![CDATA[<soapenv:Envelope xmlns:soapenv="http://schemas.xmlsoap.org/soap/envelope/" xmlns:olp="http://www.saib.com.sa/OLPWareAcquirer/" xmlns:ibp="http://www.saib.com.sa/OLPWareAcquirer/IBPaymentManager/">\r
   <soapenv:Header>\r
      <olp:messageHeader>\r
         <olp:ProcessContextId>?</olp:ProcessContextId>\r
         <olp:businessContextId>?</olp:businessContextId>\r
         <olp:applicationContextId>?</olp:applicationContextId>\r
         <olp:requesterCode>?</olp:requesterCode>\r
         <olp:machineIPAddress>?</olp:machineIPAddress>\r
         <olp:userPrincipleName>?</olp:userPrincipleName>\r
         <olp:requestedTimestamp>?</olp:requestedTimestamp>\r
         <olp:channelId>?</olp:channelId>\r
         <!--Optional:-->\r
         <olp:LanguageCode>?</olp:LanguageCode>\r
         <!--Optional:-->\r
         <olp:VersionNumber>?</olp:VersionNumber>\r
      </olp:messageHeader>\r
   </soapenv:Header>\r
   <soapenv:Body>\r
      <ibp:RetrievePaymentTransactionList>\r
         <RetrievePaymentTransactionListRequest>\r
            <paymentTransactionSearchCriteria>\r
               <!--Optional:-->\r
               <sadadTransactionNumber>?</sadadTransactionNumber>\r
               <!--Optional:-->\r
               <bankRefNumber>?</bankRefNumber>\r
               <!--Optional:-->\r
               <paymentStatus>?</paymentStatus>\r
               <!--Optional:-->\r
               <fromDate>?</fromDate>\r
               <!--Optional:-->\r
               <toDate>?</toDate>\r
               <!--Optional:-->\r
               <merchantName>?</merchantName>\r
               <!--Optional:-->\r
               <transactionType>?</transactionType>\r
               <pagination>\r
                  <!--Optional:-->\r
                  <startIndex>?</startIndex>\r
                  <!--Optional:-->\r
                  <numberOfRecords>?</numberOfRecords>\r
                  <!--Optional:-->\r
                  <sortingOrder>?</sortingOrder>\r
                  <!--Optional:-->\r
                  <sortingIndex>?</sortingIndex>\r
               </pagination>\r
               <!--Optional:-->\r
               <olpId>?</olpId>\r
               <!--Optional:-->\r
               <merchantId>?</merchantId>\r
            </paymentTransactionSearchCriteria>\r
         </RetrievePaymentTransactionListRequest>\r
      </ibp:RetrievePaymentTransactionList>\r
   </soapenv:Body>\r
</soapenv:Envelope>]]></con:request><con:credentials><con:authType>No Authorization</con:authType></con:credentials><con:jmsConfig JMSDeliveryMode="PERSISTENT"/><con:jmsPropertyConfig/><con:wsaConfig mustUnderstand="NONE" version="200508" action="http://www.saib.com.sa/OLPWareAcquirer/IBPaymentManager/IBPaymentManager/RetrievePaymentTransactionListRequest"/><con:wsrmConfig version="1.2"/></con:call></con:operation></con:interface><con:properties/><con:wssContainer/><con:oAuth2ProfileContainer/><con:oAuth1ProfileContainer/><con:databaseConnectionContainer/><con:reporting><con:xmlTemplates/><con:parameters/></con:reporting></con:soapui-project>