<?xml version="1.0" encoding="UTF-8"?>
<con:soapui-project id="d3584b04-77cb-46ae-b9ad-6c3e6387fe35" activeEnvironment="Default" name="SADADEOD" soapui-version="5.4.0" abortOnError="false" runType="SEQUENTIAL" xmlns:con="http://eviware.com/soapui/config"><con:settings/><con:interface xsi:type="con:WsdlInterface" id="da046817-fc74-4ef8-8996-2289d85b3880" wsaVersion="NONE" name="SADADEODHttpBinding" type="wsdl" bindingName="{http://www.saib.com.sa/integration/sadadeod/v1}SADADEODHttpBinding" soapVersion="1_1" anonymous="optional" definition="http://10.10.73.12:7801/integration/SADADEOD/v1?wsdl" xmlns:xsi="http://www.w3.org/2001/XMLSchema-instance"><con:settings/><con:definitionCache type="TEXT" rootPart="http://10.10.73.12:7801/integration/SADADEOD/v1?wsdl"><con:part><con:url>http://10.10.73.12:7801/integration/SADADEOD/v1?wsdl</con:url><con:content><![CDATA[<!--File SADADEOD.wsdl, shared library SADADEODLib-->
<wsdl:definitions name="SADADEOD" targetNamespace="http://www.saib.com.sa/integration/sadadeod/v1" xmlns:wsdl="http://schemas.xmlsoap.org/wsdl/" xmlns:soap="http://schemas.xmlsoap.org/wsdl/soap/" xmlns:tns="http://www.saib.com.sa/integration/sadadeod/v1" xmlns:xsd="http://www.w3.org/2001/XMLSchema" xmlns:xsd1="http://www.saib.com.sa/integration/Common/1.0">
  <wsdl:documentation>
    <wsdl:appinfo source="WMQI_APPINFO">
      <MRWSDLAppInfo imported="true">
        <binding hasEncoding="false" imported="true" name="SADADEODHttpBinding" originalBindingStyle="document"/>
      </MRWSDLAppInfo>
    </wsdl:appinfo>
  </wsdl:documentation>
  <wsdl:types>
    <xsd:schema>
      <xsd:import namespace="http://www.saib.com.sa/integration/sadadeod/v1" schemaLocation="http://10.10.73.12:7801/integration/SADADEOD/v1?xsd=xsd0"></xsd:import>
      <xsd:import namespace="http://www.saib.com.sa/integration/Common/1.0" schemaLocation="http://10.10.73.12:7801/integration/SADADEOD/v1?xsd=xsd1"></xsd:import>
    </xsd:schema>
  </wsdl:types>
  <wsdl:message name="BankCutOffReqMsg">
    <wsdl:part element="xsd1:ReqHeader" name="ReqHeader"/>
    <wsdl:part element="tns:BankCutOffRequest" name="BankCutOffReq"/>
  </wsdl:message>
  <wsdl:message name="BankCutOffResMsg">
    <wsdl:part element="xsd1:RespHeader" name="RespHeader"/>
    <wsdl:part element="tns:BankCutOffResponse" name="BankCutOffRes"/>
  </wsdl:message>
  <wsdl:message name="BankReconDownloadReqMsg">
    <wsdl:part element="xsd1:ReqHeader" name="ReqHeader"/>
    <wsdl:part element="tns:BankReconDownloadRequest" name="BankReconDownloadReq"/>
  </wsdl:message>
  <wsdl:message name="BankReconDownloadResMsg">
    <wsdl:part element="xsd1:RespHeader" name="RespHeader"/>
    <wsdl:part element="tns:BankReconDownloadResponse" name="BankReconDownloadRes"/>
  </wsdl:message>
  <wsdl:message name="BankSplUploadReqMsg">
    <wsdl:part element="xsd1:ReqHeader" name="ReqHeader"/>
    <wsdl:part element="tns:BankSplUploadRequest" name="BankSplUploadReq"/>
  </wsdl:message>
  <wsdl:message name="BankSplUploadResMsg">
    <wsdl:part element="xsd1:RespHeader" name="RespHeader"/>
    <wsdl:part element="tns:BankSplUploadResponse" name="BankSplUploadRes"/>
  </wsdl:message>
  <wsdl:message name="BankRefundCutOffReqMsg">
    <wsdl:part element="xsd1:ReqHeader" name="ReqHeader"/>
    <wsdl:part element="tns:BankRefundCutOffRequest" name="BankRefundCutOffReq"/>
  </wsdl:message>
  <wsdl:message name="BankRefundCutOffResMsg">
    <wsdl:part element="xsd1:RespHeader" name="RespHeader"/>
    <wsdl:part element="tns:BankRefundCutOffResponse" name="BankRefundCutOffRes"/>
  </wsdl:message>
  <wsdl:message name="ReconRefundRecReqMsg">
    <wsdl:part element="xsd1:ReqHeader" name="ReqHeader"/>
    <wsdl:part element="tns:ReconRefundRecRequest" name="ReconRefundRecReq"/>
  </wsdl:message>
  <wsdl:message name="ReconRefundRecResMsg">
    <wsdl:part element="xsd1:RespHeader" name="RespHeader"/>
    <wsdl:part element="tns:ReconRefundRecResponse" name="ReconRefundRecRes"/>
  </wsdl:message>
  <wsdl:message name="BankSrlUploadReqMsg">
    <wsdl:part element="xsd1:ReqHeader" name="ReqHeader"/>
    <wsdl:part element="tns:BankSrlUploadRequest" name="BankSrlUploadReq"/>
  </wsdl:message>
  <wsdl:message name="BankSrlUploadResMsg">
    <wsdl:part element="xsd1:RespHeader" name="RespHeader"/>
    <wsdl:part element="tns:BankSrlUploadResponse" name="BankSrlUploadRes"/>
  </wsdl:message>
  <wsdl:portType name="SADADEOD">
    <wsdl:operation name="BankCutOff">
      <wsdl:input message="tns:BankCutOffReqMsg" name="BankCutOffRequest"/>
      <wsdl:output message="tns:BankCutOffResMsg" name="BankCutOffResponse"/>
    </wsdl:operation>
    <wsdl:operation name="BankReconDownload">
      <wsdl:input message="tns:BankReconDownloadReqMsg" name="BankReconDownloadRequest"/>
      <wsdl:output message="tns:BankReconDownloadResMsg" name="BankReconDownloadResponse"/>
    </wsdl:operation>
    <wsdl:operation name="BankSplUpload">
      <wsdl:input message="tns:BankSplUploadReqMsg" name="BankSplUploadRequest"/>
      <wsdl:output message="tns:BankSplUploadResMsg" name="BankSplUploadResponse"/>
    </wsdl:operation>
    <wsdl:operation name="BankRefundCutOff">
      <wsdl:input message="tns:BankRefundCutOffReqMsg" name="BankRefundCutOffRequest"/>
      <wsdl:output message="tns:BankRefundCutOffResMsg" name="BankRefundCutOffResponse"/>
    </wsdl:operation>
    <wsdl:operation name="ReconRefundRec">
      <wsdl:input message="tns:ReconRefundRecReqMsg" name="ReconRefundRecRequest"/>
      <wsdl:output message="tns:ReconRefundRecResMsg" name="ReconRefundRecResponse"/>
    </wsdl:operation>
    <wsdl:operation name="BankSrlUpload">
      <wsdl:input message="tns:BankSrlUploadReqMsg" name="BankSrlUploadRequest"/>
      <wsdl:output message="tns:BankSrlUploadResMsg" name="BankSrlUploadResponse"/>
    </wsdl:operation>
  </wsdl:portType>
  <wsdl:binding name="SADADEODHttpBinding" type="tns:SADADEOD">
    <soap:binding style="document" transport="http://schemas.xmlsoap.org/soap/http"/>
    <wsdl:operation name="BankCutOff">
      <soap:operation soapAction="BankCutOff"/>
      <wsdl:input name="BankCutOffRequest">
        <soap:header message="tns:BankCutOffReqMsg" part="ReqHeader" use="literal"/>
        <soap:body parts="BankCutOffReq" use="literal"/>
      </wsdl:input>
      <wsdl:output name="BankCutOffResponse">
        <soap:header message="tns:BankCutOffResMsg" part="RespHeader" use="literal"/>
        <soap:body parts="BankCutOffRes" use="literal"/>
      </wsdl:output>
    </wsdl:operation>
    <wsdl:operation name="BankReconDownload">
      <soap:operation soapAction="BankReconDownload"/>
      <wsdl:input name="BankReconDownloadRequest">
        <soap:header message="tns:BankReconDownloadReqMsg" part="ReqHeader" use="literal"/>
        <soap:body parts="BankReconDownloadReq" use="literal"/>
      </wsdl:input>
      <wsdl:output name="BankReconDownloadResponse">
        <soap:header message="tns:BankReconDownloadResMsg" part="RespHeader" use="literal"/>
        <soap:body parts="BankReconDownloadRes" use="literal"/>
      </wsdl:output>
    </wsdl:operation>
    <wsdl:operation name="BankSplUpload">
      <soap:operation soapAction="BankSplUpload"/>
      <wsdl:input name="BankSplUploadRequest">
        <soap:header message="tns:BankSplUploadReqMsg" part="ReqHeader" use="literal"/>
        <soap:body parts="BankSplUploadReq" use="literal"/>
      </wsdl:input>
      <wsdl:output name="BankSplUploadResponse">
        <soap:header message="tns:BankSplUploadResMsg" part="RespHeader" use="literal"/>
        <soap:body parts="BankSplUploadRes" use="literal"/>
      </wsdl:output>
    </wsdl:operation>
    <wsdl:operation name="BankRefundCutOff">
      <soap:operation soapAction="BankRefundCutOff"/>
      <wsdl:input name="BankRefundCutOffRequest">
        <soap:header message="tns:BankRefundCutOffReqMsg" part="ReqHeader" use="literal"/>
        <soap:body parts="BankRefundCutOffReq" use="literal"/>
      </wsdl:input>
      <wsdl:output name="BankRefundCutOffResponse">
        <soap:header message="tns:BankRefundCutOffResMsg" part="RespHeader" use="literal"/>
        <soap:body parts="BankRefundCutOffRes" use="literal"/>
      </wsdl:output>
    </wsdl:operation>
    <wsdl:operation name="ReconRefundRec">
      <soap:operation soapAction="ReconRefundRec"/>
      <wsdl:input name="ReconRefundRecRequest">
        <soap:header message="tns:ReconRefundRecReqMsg" part="ReqHeader" use="literal"/>
        <soap:body parts="ReconRefundRecReq" use="literal"/>
      </wsdl:input>
      <wsdl:output name="ReconRefundRecResponse">
        <soap:header message="tns:ReconRefundRecResMsg" part="RespHeader" use="literal"/>
        <soap:body parts="ReconRefundRecRes" use="literal"/>
      </wsdl:output>
    </wsdl:operation>
    <wsdl:operation name="BankSrlUpload">
      <soap:operation soapAction="BankSrlUpload"/>
      <wsdl:input name="BankSrlUploadRequest">
        <soap:header message="tns:BankSrlUploadReqMsg" part="ReqHeader" use="literal"/>
        <soap:body parts="BankSrlUploadReq" use="literal"/>
      </wsdl:input>
      <wsdl:output name="BankSrlUploadResponse">
        <soap:header message="tns:BankSrlUploadResMsg" part="RespHeader" use="literal"/>
        <soap:body parts="BankSrlUploadRes" use="literal"/>
      </wsdl:output>
    </wsdl:operation>
  </wsdl:binding>
  <wsdl:service name="SADADEOD">
    <wsdl:port binding="tns:SADADEODHttpBinding" name="SADADEODHttpPort">
      <soap:address location="http://10.10.73.12:7801/integration/SADADEOD/v1"/>
    </wsdl:port>
  </wsdl:service>
</wsdl:definitions>]]></con:content><con:type>http://schemas.xmlsoap.org/wsdl/</con:type></con:part><con:part><con:url>http://10.10.73.12:7801/integration/SADADEOD/v1?xsd=xsd0</con:url><con:content><![CDATA[<!--File SADADEOD.xsd, shared library SADADEODLib-->
<schema elementFormDefault="qualified" targetNamespace="http://www.saib.com.sa/integration/sadadeod/v1" xmlns="http://www.w3.org/2001/XMLSchema" xmlns:ibmSchExtn="http://www.ibm.com/schema/extensions" xmlns:pref="http://www.saib.com.sa/integration/Common/1.0" xmlns:tns="http://www.saib.com.sa/integration/sadadeod/v1" xmlns:xsd="http://www.w3.org/2001/XMLSchema">
  <xsd:element ibmSchExtn:docRoot="true" name="BankCutOffRequest"></xsd:element>
  <xsd:element ibmSchExtn:docRoot="true" name="BankCutOffResponse"></xsd:element>
  <xsd:element ibmSchExtn:docRoot="true" name="BankSplUploadRequest"></xsd:element>
  <xsd:element ibmSchExtn:docRoot="true" name="BankSplUploadResponse"></xsd:element>
  <xsd:element ibmSchExtn:docRoot="true" name="BankReconDownloadRequest"></xsd:element>
  <xsd:element ibmSchExtn:docRoot="true" name="BankReconDownloadResponse"></xsd:element>
  <xsd:element ibmSchExtn:docRoot="true" name="ReconRefundRecRequest"></xsd:element>
  <xsd:element ibmSchExtn:docRoot="true" name="ReconRefundRecResponse"></xsd:element>
  <xsd:element ibmSchExtn:docRoot="true" name="BankRefundCutOffRequest"></xsd:element>
  <xsd:element ibmSchExtn:docRoot="true" name="BankRefundCutOffResponse"></xsd:element>
  <xsd:element ibmSchExtn:docRoot="true" name="BankSrlUploadRequest"></xsd:element>
  <xsd:element ibmSchExtn:docRoot="true" name="BankSrlUploadResponse"></xsd:element>
</schema>]]></con:content><con:type>http://www.w3.org/2001/XMLSchema</con:type></con:part><con:part><con:url>http://10.10.73.12:7801/integration/SADADEOD/v1?xsd=xsd1</con:url><con:content><![CDATA[<!--File SAIBCommon.xsd, shared library SAIBCommonLib-->
<xsd:schema attributeFormDefault="qualified" elementFormDefault="qualified" targetNamespace="http://www.saib.com.sa/integration/Common/1.0" version="1.0" xmlns:xsd="http://www.w3.org/2001/XMLSchema" xmlns="http://www.saib.com.sa/integration/Common/1.0" xmlns:err="http://www.saib.com.sa/integration/Error/1.0" xmlns:pref="http://www.saib.com.sa/integration/Error/1.0" xmlns:pref1="http://www.saib.com.sa/integration/Common/System/1.0" xmlns:sys="http://www.saib.com.sa/integration/Common/System/1.0" xmlns:tns="http://www.saib.com.sa/integration/Common/1.0">
  <xsd:import namespace="http://www.saib.com.sa/integration/Error/1.0" schemaLocation="http://10.10.73.12:7801/integration/SADADEOD/v1?xsd=xsd2"></xsd:import>
  <xsd:import namespace="http://www.saib.com.sa/integration/Common/System/1.0" schemaLocation="http://10.10.73.12:7801/integration/SADADEOD/v1?xsd=xsd3"/>
  <xsd:complexType abstract="true" name="BaseTypeRequest">
    <xsd:annotation>
      <xsd:documentation>This is the base type from which all request and
				response elements are extended.</xsd:documentation>
    </xsd:annotation>
    <xsd:sequence>
      <xsd:element ref="ReqHeader"/>
    </xsd:sequence>
  </xsd:complexType>
  <xsd:complexType abstract="true" name="BaseTypeResponse">
    <xsd:annotation>
      <xsd:documentation>This is the base type from which all request and
				response elements are extended.</xsd:documentation>
    </xsd:annotation>
    <xsd:sequence>
      <xsd:element ref="RespHeader"/>
    </xsd:sequence>
  </xsd:complexType>
  <xsd:element name="ReqHeader" type="MessageHeader_Type"/>
  <xsd:complexType name="MessageHeader_Type">
    <xsd:annotation>
      <xsd:documentation>MessageHeader to be included in all Service
				request and
				response</xsd:documentation>
    </xsd:annotation>
    <xsd:sequence>
      <xsd:element ref="ServiceCode"/>
      <xsd:element ref="Version"/>
      <xsd:element ref="RequesterId"/>
      <xsd:element ref="TransactionId"/>
      <xsd:element maxOccurs="1" minOccurs="0" ref="CorrelationId"/>
      <xsd:element ref="Timestamp"/>
      <xsd:element maxOccurs="1" minOccurs="0" ref="TimeZone"/>
      <xsd:element minOccurs="0" ref="Lang"/>
      <xsd:element minOccurs="0" ref="ProfileLang"/>
      <xsd:element ref="EndUserInfo"/>
    </xsd:sequence>
  </xsd:complexType>
  <xsd:complexType name="Property_Type">
    <xsd:annotation>
      <xsd:documentation>To hold additional properties for a Lookup</xsd:documentation>
    </xsd:annotation>
    <xsd:sequence>
      <xsd:element name="Name" type="sys:C32_SType"/>
      <xsd:element name="Value" type="sys:C64_SType"/>
    </xsd:sequence>
  </xsd:complexType>
  <xsd:element name="ServiceRegistryMsg" type="ServiceRegistryMsg"/>
  <xsd:complexType name="Target">
    <xsd:sequence>
      <xsd:element minOccurs="0" name="name" type="xsd:string"/>
      <xsd:element minOccurs="0" name="bsrURI" type="xsd:string"/>
      <xsd:element minOccurs="0" name="description" type="xsd:string"/>
      <xsd:element minOccurs="0" name="creationTimestamp" type="xsd:string"/>
      <xsd:element minOccurs="0" name="LastModified" type="xsd:string"/>
      <xsd:element minOccurs="0" name="LastModifiedBy" type="xsd:string"/>
      <xsd:element minOccurs="0" name="Namespace" type="xsd:string"/>
      <xsd:element minOccurs="0" name="Owner" type="xsd:string"/>
      <xsd:element minOccurs="0" name="Version" type="xsd:string"/>
      <xsd:element name="userProperties">
        <xsd:complexType>
          <xsd:sequence>
            <xsd:element maxOccurs="unbounded" minOccurs="0" name="entry">
              <xsd:complexType>
                <xsd:sequence>
                  <xsd:element minOccurs="0" name="key" type="xsd:string"/>
                  <xsd:element minOccurs="0" name="value" type="xsd:string"/>
                </xsd:sequence>
              </xsd:complexType>
            </xsd:element>
          </xsd:sequence>
        </xsd:complexType>
      </xsd:element>
    </xsd:sequence>
  </xsd:complexType>
  <xsd:complexType name="Relation">
    <xsd:sequence>
      <xsd:element minOccurs="0" name="name" type="xsd:string"/>
      <xsd:element maxOccurs="unbounded" minOccurs="0" name="targets" nillable="true" type="Target"/>
    </xsd:sequence>
  </xsd:complexType>
  <xsd:complexType name="SRObject">
    <xsd:sequence>
      <xsd:element minOccurs="0" name="bsruri" type="xsd:string"/>
      <xsd:element minOccurs="0" name="type" type="xsd:string"/>
      <xsd:element minOccurs="0" name="name" type="xsd:string"/>
      <xsd:element minOccurs="0" name="description" type="xsd:string"/>
      <xsd:element minOccurs="0" name="namespace" type="xsd:string"/>
      <xsd:element minOccurs="0" name="version" type="xsd:string"/>
      <xsd:element minOccurs="0" name="transition" type="xsd:string"/>
      <xsd:element minOccurs="0" name="classificationURIs" type="xsd:string"/>
      <xsd:element name="userProperties">
        <xsd:complexType>
          <xsd:sequence>
            <xsd:element maxOccurs="unbounded" minOccurs="0" name="entry">
              <xsd:complexType>
                <xsd:sequence>
                  <xsd:element minOccurs="0" name="key" type="xsd:string"/>
                  <xsd:element minOccurs="0" name="value" type="xsd:string"/>
                </xsd:sequence>
              </xsd:complexType>
            </xsd:element>
          </xsd:sequence>
        </xsd:complexType>
      </xsd:element>
      <xsd:element maxOccurs="unbounded" minOccurs="0" name="userRelationships" nillable="true" type="Relation"/>
      <xsd:element minOccurs="0" name="namedQuery" type="NQResult"/>
    </xsd:sequence>
  </xsd:complexType>
  <xsd:complexType name="NQResult">
    <xsd:sequence>
      <xsd:element maxOccurs="unbounded" minOccurs="0" name="result" nillable="true" type="ResultEntry"/>
    </xsd:sequence>
  </xsd:complexType>
  <xsd:complexType name="ResultEntry">
    <xsd:sequence>
      <xsd:element name="resultEntries">
        <xsd:complexType>
          <xsd:sequence>
            <xsd:element maxOccurs="unbounded" minOccurs="0" name="entry">
              <xsd:complexType>
                <xsd:sequence>
                  <xsd:element minOccurs="0" name="key" type="xsd:string"/>
                  <xsd:element minOccurs="0" name="value" type="xsd:string"/>
                </xsd:sequence>
              </xsd:complexType>
            </xsd:element>
          </xsd:sequence>
        </xsd:complexType>
      </xsd:element>
    </xsd:sequence>
  </xsd:complexType>
  <xsd:complexType name="ServiceRegistryMsg">
    <xsd:sequence>
      <xsd:element minOccurs="0" name="event" type="xsd:string"/>
      <xsd:element minOccurs="0" name="oldSRObject" type="SRObject"/>
      <xsd:element minOccurs="0" name="newSRObject" type="SRObject"/>
    </xsd:sequence>
  </xsd:complexType>
  <xsd:complexType name="Fault_Type">
    <xsd:annotation>
      <xsd:documentation>-Represents a Fault in SAIB systems</xsd:documentation>
    </xsd:annotation>
    <xsd:sequence>
      <xsd:element ref="FaultCode"/>
      <xsd:element ref="FaultString"/>
      <xsd:element ref="FaultActor"/>
    </xsd:sequence>
  </xsd:complexType>
  <xsd:element name="CreateTime" type="sys:Date_SType"/>
  <xsd:element name="LastUpdateTime" type="sys:Date_SType"/>
  <xsd:element name="FaultCode" type="sys:NC16_SType"/>
  <xsd:element name="FaultString" type="sys:C128_SType"/>
  <xsd:element name="FaultActor" type="xsd:long"/>
  <xsd:complexType name="Status_Type">
    <xsd:annotation>
      <xsd:documentation>-Represents a Status in SAIB systems</xsd:documentation>
    </xsd:annotation>
    <xsd:sequence>
      <xsd:element ref="StatusCode"/>
      <xsd:element minOccurs="0" ref="OriginalCode"/>
      <xsd:element minOccurs="0" ref="TechDescription"/>
      <xsd:element minOccurs="0" ref="BusinessDescription"/>
      <xsd:element minOccurs="0" ref="Suggestion"/>
    </xsd:sequence>
  </xsd:complexType>
  <xsd:element name="Status" type="Status_Type"/>
  <xsd:element name="StartDate" type="sys:Date_SType"/>
  <xsd:element name="EndDate" type="sys:Date_SType"/>
  <xsd:element name="Timestamp" type="sys:Date_SType"/>
  <xsd:element name="Amount" type="sys:Amount_SType"/>
  <xsd:element name="UserName" type="xsd:string"/>
  <xsd:element name="RequesterId" type="sys:C8_SType"/>
  <xsd:element name="TransactionId" type="sys:C16_SType"/>
  <xsd:element name="Password" type="xsd:string"/>
  <xsd:element name="CorrelationId" type="sys:UUID_SType"/>
  <xsd:element name="CustMobileNumber" type="sys:NC16_SType"/>
  <xsd:element name="StatusCode" type="sys:C5_SType"/>
  <xsd:element name="OriginalCode" type="sys:C12_SType"/>
  <xsd:element name="TechDescription" type="sys:C128_SType"/>
  <xsd:element name="BusinessDescription" type="sys:C128_SType"/>
  <xsd:element name="Suggestion" type="sys:C128_SType"/>
  <xsd:element name="StatusDesc" type="xsd:string"/>
  <xsd:element name="Date" type="sys:Date_SType"/>
  <xsd:element default="0" name="Lang" type="sys:LanguagePref_SType"/>
  <xsd:element default="0" name="ProfileLang" type="sys:LanguagePref_SType"/>
  <xsd:element name="UserId" type="sys:C64_SType"/>
  <xsd:element name="MachineIP" type="sys:C32_SType"/>
  <xsd:element name="CustomerNum" type="sys:C6_SType"/>
  <xsd:element name="ConsumerBusinessFunction" type="sys:C32_SType"/>
  <xsd:element name="ScreenName" type="sys:C32_SType"/>
  <xsd:element name="ActionName" type="sys:C32_SType"/>
  <xsd:element name="SessionId" type="sys:C256_SType"/>
  <xsd:element name="EndUserInfo" type="EndUserInfoType"/>
  <xsd:element name="ServiceCode" type="sys:Identifier_SType"/>
  <xsd:element default="GMT+3" name="TimeZone" type="sys:C6_SType"/>
  <xsd:element name="Currency" type="sys:CurrencyType_Enums"/>
  <xsd:element name="Channel" type="Channel_SType"/>
  <xsd:element name="AgentType" type="sys:C256_SType"/>
  <xsd:element name="AccountKey" type="sys:NC32_SType"/>
  <xsd:element name="AccountType" type="AccountType_Enum"/>
  <xsd:simpleType name="AccountType_Enum">
    <xsd:annotation>
      <xsd:documentation>Defines the known values for Possible Types of
				Account</xsd:documentation>
    </xsd:annotation>
    <xsd:restriction base="sys:NC32_SType">
      <xsd:enumeration value="SAVINGS"/>
      <xsd:enumeration value="CARPORATE"/>
    </xsd:restriction>
  </xsd:simpleType>
  <xsd:complexType name="EndUserInfoType">
    <xsd:sequence>
      <xsd:element ref="UserId"/>
      <xsd:element maxOccurs="1" minOccurs="0" ref="Password"/>
      <xsd:element ref="Channel"/>
      <xsd:element minOccurs="0" ref="AgentType"/>
      <xsd:element ref="MachineIP"/>
      <xsd:element maxOccurs="1" minOccurs="0" ref="CustomerNum"/>
      <xsd:element maxOccurs="1" minOccurs="0" ref="ConsumerBusinessFunction"/>
      <xsd:element maxOccurs="1" minOccurs="0" ref="ScreenName"/>
      <xsd:element maxOccurs="1" minOccurs="0" ref="ActionName"/>
      <xsd:element maxOccurs="1" minOccurs="0" ref="SessionId"/>
    </xsd:sequence>
  </xsd:complexType>
  <xsd:complexType name="BaseEndPoint_Type">
    <xsd:annotation>
      <xsd:documentation>-Represents a Base Service End Point</xsd:documentation>
    </xsd:annotation>
    <xsd:sequence>
      <xsd:element minOccurs="0" ref="Version"/>
      <xsd:element minOccurs="0" name="Namespace"/>
      <xsd:element name="ServiceName" type="sys:C255_SType"/>
      <xsd:element name="ServiceNamespace" type="sys:C255_SType"/>
      <xsd:element minOccurs="0" name="ServiceVersion" type="sys:NC8_SType"/>
      <xsd:element minOccurs="0" name="PortName" type="sys:NC8_SType"/>
    </xsd:sequence>
  </xsd:complexType>
  <xsd:complexType name="MQEndPoint_Type">
    <xsd:annotation>
      <xsd:documentation>-Represents a Service MQ End Point</xsd:documentation>
    </xsd:annotation>
    <xsd:complexContent>
      <xsd:extension base="BaseEndPoint_Type">
        <xsd:sequence>
          <xsd:element name="RequestQ" type="sys:C255_SType"/>
          <xsd:element name="RequestQMGR" type="sys:C255_SType"/>
          <xsd:element name="ResponseQ" type="sys:C255_SType"/>
          <xsd:element name="ResponseQMGR" type="sys:C255_SType"/>
        </xsd:sequence>
      </xsd:extension>
    </xsd:complexContent>
  </xsd:complexType>
  <xsd:complexType name="SOAPEndPoint_Type">
    <xsd:annotation>
      <xsd:documentation>-Represents a Service MQ End Point</xsd:documentation>
    </xsd:annotation>
    <xsd:complexContent>
      <xsd:extension base="BaseEndPoint_Type">
        <xsd:sequence>
          <xsd:element name="EndPointType" type="sys:C255_SType"/>
          <xsd:element name="Address" type="sys:C2048_SType"/>
        </xsd:sequence>
      </xsd:extension>
    </xsd:complexContent>
  </xsd:complexType>
  <xsd:simpleType name="ServiceMsgType_SType">
    <xsd:annotation>
      <xsd:documentation>Closed Enum that identifies Service subscription
				states</xsd:documentation>
    </xsd:annotation>
    <xsd:restriction base="sys:NC32_SType">
      <xsd:enumeration value="XML"/>
      <xsd:enumeration value="SOAP"/>
    </xsd:restriction>
  </xsd:simpleType>
  <xsd:simpleType name="Channel_SType">
    <xsd:annotation>
      <xsd:documentation>The channel that the end users uses. 0: Browser,
				1:PhoneApp, 2: Terminal, 3: DesktopApp, 4: IVR, 5: ATM,
				6: System</xsd:documentation>
    </xsd:annotation>
    <xsd:restriction base="xsd:int">
      <xsd:enumeration value="0"/>
      <xsd:enumeration value="1"/>
      <xsd:enumeration value="2"/>
      <xsd:enumeration value="3"/>
      <xsd:enumeration value="4"/>
      <xsd:enumeration value="5"/>
      <xsd:enumeration value="6"/>
      <xsd:enumeration value="7"/>
      <xsd:enumeration value="8"/>
    </xsd:restriction>
  </xsd:simpleType>
  <xsd:complexType name="DateRange_CType">
    <xsd:annotation>
      <xsd:documentation>-Represents a date range</xsd:documentation>
    </xsd:annotation>
    <xsd:sequence>
      <xsd:element name="From" type="sys:Date_SType"/>
      <xsd:element name="To" type="sys:Date_SType"/>
    </xsd:sequence>
  </xsd:complexType>
  <xsd:element default="1.0" name="Version" type="sys:C6_SType"/>
  <xsd:element default="1.0" name="MinorVersion" type="sys:NC8_SType"/>
  <xsd:element default="XML" name="ServiceMsgType" type="ServiceMsgType_SType"/>
  <xsd:element name="ReferenceNum" type="sys:C32_SType"/>
  <xsd:complexType name="RespHeader_Type">
    <xsd:annotation>
      <xsd:documentation>Response Header to be included in all Service response</xsd:documentation>
    </xsd:annotation>
    <xsd:sequence>
      <xsd:element ref="TransactionId"/>
      <xsd:element ref="ReferenceNum"/>
      <xsd:element ref="Timestamp"/>
      <xsd:element maxOccurs="1" minOccurs="0" ref="ProfileLang"></xsd:element>
      <xsd:element ref="Status"/>
      <xsd:element maxOccurs="1" minOccurs="0" name="CustomFields" type="CustomFields"/>
    </xsd:sequence>
  </xsd:complexType>
  <xsd:element name="RespHeader" type="RespHeader_Type"/>
  <xsd:complexType name="CustomFields">
    <xsd:sequence>
      <xsd:element maxOccurs="unbounded" minOccurs="1" name="CustomField" type="CustomField"/>
    </xsd:sequence>
  </xsd:complexType>
  <xsd:complexType name="CustomField">
    <xsd:sequence>
      <xsd:element maxOccurs="1" minOccurs="1" name="Key" type="xsd:string"></xsd:element>
      <xsd:element maxOccurs="1" minOccurs="1" name="Value" type="xsd:string"/>
    </xsd:sequence>
  </xsd:complexType>
</xsd:schema>]]></con:content><con:type>http://www.w3.org/2001/XMLSchema</con:type></con:part><con:part><con:url>http://10.10.73.12:7801/integration/SADADEOD/v1?xsd=xsd2</con:url><con:content><![CDATA[<!--File Error.xsd, shared library SAIBCommonLib-->
<xsd:schema attributeFormDefault="unqualified" elementFormDefault="qualified" jaxb:version="2.0" targetNamespace="http://www.saib.com.sa/integration/Error/1.0" xmlns:xsd="http://www.w3.org/2001/XMLSchema" xmlns="http://www.saib.com.sa/integration/Error/1.0" xmlns:jaxb="http://java.sun.com/xml/ns/jaxb" xmlns:tns="http://www.saib.com.sa/integration/Error/1.0">
  <xsd:annotation>
    <xsd:appinfo>
      <jaxb:globalBindings>
        <jaxb:serializable uid="1"/>
      </jaxb:globalBindings>
    </xsd:appinfo>
  </xsd:annotation>
  <xsd:complexType name="Parameter_Type">
    <xsd:annotation>
      <xsd:documentation>-Represents a Status Parameter in SADAD systems</xsd:documentation>
    </xsd:annotation>
    <xsd:sequence>
      <xsd:element name="Key" type="xsd:long"/>
      <xsd:element name="Value" type="xsd:string"/>
    </xsd:sequence>
  </xsd:complexType>
  <xsd:element name="Parameter" type="Parameter_Type"/>
  <xsd:complexType name="Parameters_Type">
    <xsd:annotation>
      <xsd:documentation>-Represents a Status in SADAD systems</xsd:documentation>
    </xsd:annotation>
    <xsd:sequence>
      <xsd:element maxOccurs="unbounded" ref="Parameter"/>
    </xsd:sequence>
  </xsd:complexType>
  <xsd:element name="Parameters" type="Parameters_Type"/>
  <xsd:simpleType name="Severity_Type">
    <xsd:annotation>
      <xsd:documentation>Closed Enum: The Severity enum classifies XML documents transferred between Banks/Billers and SADAD into distinct groups</xsd:documentation>
    </xsd:annotation>
    <xsd:restriction base="xsd:string">
      <xsd:enumeration value="Fatal"/>
      <xsd:enumeration value="Error"/>
      <xsd:enumeration value="Warning"/>
      <xsd:enumeration value="Success"/>
      <xsd:enumeration value="Info"/>
    </xsd:restriction>
  </xsd:simpleType>
  <xsd:simpleType name="Error_Type">
    <xsd:annotation>
      <xsd:documentation>Closed Enum: The Error Type enum classifies XML documents transferred between Banks/Billers and SADAD into distinct groups</xsd:documentation>
    </xsd:annotation>
    <xsd:restriction base="xsd:string">
      <xsd:enumeration value="System"/>
      <xsd:enumeration value="Business"/>
    </xsd:restriction>
  </xsd:simpleType>
  <xsd:element name="Fault" type="Fault_Type"/>
  <xsd:element name="Type" type="Error_Type"/>
  <xsd:element name="Severity" type="Severity_Type"/>
  <xsd:complexType name="Fault_Type">
    <xsd:sequence>
      <xsd:element name="Code" type="xsd:long"/>
      <xsd:element ref="Type"/>
      <xsd:element ref="Severity"/>
      <xsd:element minOccurs="0" name="Description" type="xsd:string"/>
      <xsd:element minOccurs="0" ref="Parameters"/>
      <xsd:element minOccurs="0" name="Reason" type="xsd:string"/>
      <xsd:element maxOccurs="unbounded" minOccurs="0" name="Trace" type="xsd:string"/>
    </xsd:sequence>
  </xsd:complexType>
</xsd:schema>]]></con:content><con:type>http://www.w3.org/2001/XMLSchema</con:type></con:part><con:part><con:url>http://10.10.73.12:7801/integration/SADADEOD/v1?xsd=xsd3</con:url><con:content><![CDATA[<!--File SAIBSystemTypes.xsd, shared library SAIBCommonLib-->
<xsd:schema attributeFormDefault="unqualified" elementFormDefault="unqualified" targetNamespace="http://www.saib.com.sa/integration/Common/System/1.0" version="1.0" xmlns:xsd="http://www.w3.org/2001/XMLSchema" xmlns="http://www.saib.com.sa/integration/Common/System/1.0" xmlns:tns="http://www.saib.com.sa/integration/Common/System/1.0">
  <xsd:simpleType name="C1_SType">
    <xsd:annotation>
      <xsd:documentation>1 character Unicode string</xsd:documentation>
    </xsd:annotation>
    <xsd:restriction base="xsd:string">
      <xsd:minLength value="1"/>
      <xsd:maxLength value="1"/>
    </xsd:restriction>
  </xsd:simpleType>
  <xsd:simpleType name="C5_SType">
    <xsd:annotation>
      <xsd:documentation>5 character Unicode string</xsd:documentation>
    </xsd:annotation>
    <xsd:restriction base="xsd:string">
      <xsd:minLength value="1"/>
      <xsd:maxLength value="5"/>
    </xsd:restriction>
  </xsd:simpleType>
  <xsd:simpleType name="C6_SType">
    <xsd:annotation>
      <xsd:documentation>6 character Unicode string</xsd:documentation>
    </xsd:annotation>
    <xsd:restriction base="xsd:string">
      <xsd:minLength value="1"/>
      <xsd:maxLength value="6"/>
    </xsd:restriction>
  </xsd:simpleType>
  <xsd:simpleType name="C8_SType">
    <xsd:annotation>
      <xsd:documentation>8 character Unicode string</xsd:documentation>
    </xsd:annotation>
    <xsd:restriction base="xsd:string">
      <xsd:minLength value="1"/>
      <xsd:maxLength value="8"/>
    </xsd:restriction>
  </xsd:simpleType>
  <xsd:simpleType name="C10_SType">
    <xsd:annotation>
      <xsd:documentation>10 character Unicode string</xsd:documentation>
    </xsd:annotation>
    <xsd:restriction base="xsd:string">
      <xsd:minLength value="1"/>
      <xsd:maxLength value="10"/>
    </xsd:restriction>
  </xsd:simpleType>
  <xsd:simpleType name="C11_SType">
    <xsd:annotation>
      <xsd:documentation>11 character Unicode string</xsd:documentation>
    </xsd:annotation>
    <xsd:restriction base="xsd:string">
      <xsd:minLength value="1"/>
      <xsd:maxLength value="11"/>
    </xsd:restriction>
  </xsd:simpleType>
  <xsd:simpleType name="C12_SType">
    <xsd:annotation>
      <xsd:documentation>12 character Unicode string</xsd:documentation>
    </xsd:annotation>
    <xsd:restriction base="xsd:string">
      <xsd:minLength value="1"/>
      <xsd:maxLength value="12"/>
    </xsd:restriction>
  </xsd:simpleType>
  <xsd:simpleType name="C16_SType">
    <xsd:annotation>
      <xsd:documentation>16 character Unicode string</xsd:documentation>
    </xsd:annotation>
    <xsd:restriction base="xsd:string">
      <xsd:minLength value="1"/>
      <xsd:maxLength value="16"/>
    </xsd:restriction>
  </xsd:simpleType>
  <xsd:simpleType name="C32_SType">
    <xsd:annotation>
      <xsd:documentation>32 character Unicode string</xsd:documentation>
    </xsd:annotation>
    <xsd:restriction base="xsd:string">
      <xsd:minLength value="1"/>
      <xsd:maxLength value="32"/>
    </xsd:restriction>
  </xsd:simpleType>
  <xsd:simpleType name="C40_SType">
    <xsd:annotation>
      <xsd:documentation>40 character Unicode string</xsd:documentation>
    </xsd:annotation>
    <xsd:restriction base="xsd:string">
      <xsd:minLength value="1"/>
      <xsd:maxLength value="40"/>
    </xsd:restriction>
  </xsd:simpleType>
  <xsd:simpleType name="C64_SType">
    <xsd:annotation>
      <xsd:documentation>64 character Unicode string</xsd:documentation>
    </xsd:annotation>
    <xsd:restriction base="xsd:string">
      <xsd:minLength value="1"/>
      <xsd:maxLength value="64"/>
    </xsd:restriction>
  </xsd:simpleType>
  <xsd:simpleType name="C128_SType">
    <xsd:annotation>
      <xsd:documentation>128 character Unicode string</xsd:documentation>
    </xsd:annotation>
    <xsd:restriction base="xsd:string">
      <xsd:minLength value="1"/>
      <xsd:maxLength value="128"/>
    </xsd:restriction>
  </xsd:simpleType>
  <xsd:simpleType name="C255_SType">
    <xsd:annotation>
      <xsd:documentation>255 character Unicode string</xsd:documentation>
    </xsd:annotation>
    <xsd:restriction base="xsd:string">
      <xsd:minLength value="1"/>
      <xsd:maxLength value="255"/>
    </xsd:restriction>
  </xsd:simpleType>
  <xsd:simpleType name="C256_SType">
    <xsd:annotation>
      <xsd:documentation>255 character Unicode string</xsd:documentation>
    </xsd:annotation>
    <xsd:restriction base="xsd:string">
      <xsd:minLength value="1"/>
      <xsd:maxLength value="256"/>
    </xsd:restriction>
  </xsd:simpleType>
  <xsd:simpleType name="C2048_SType">
    <xsd:annotation>
      <xsd:documentation>255 character Unicode string</xsd:documentation>
    </xsd:annotation>
    <xsd:restriction base="xsd:string">
      <xsd:minLength value="1"/>
      <xsd:maxLength value="2048"/>
    </xsd:restriction>
  </xsd:simpleType>
  <xsd:simpleType name="C4096_SType">
    <xsd:annotation>
      <xsd:documentation>4096 character Unicode string</xsd:documentation>
    </xsd:annotation>
    <xsd:restriction base="xsd:string">
      <xsd:minLength value="1"/>
      <xsd:maxLength value="4096"/>
    </xsd:restriction>
  </xsd:simpleType>
  <xsd:simpleType name="C2147483647_SType">
    <xsd:annotation>
      <xsd:documentation>2147483647 character Unicode string</xsd:documentation>
    </xsd:annotation>
    <xsd:restriction base="xsd:string">
      <xsd:minLength value="1"/>
      <xsd:maxLength value="2147483647"/>
    </xsd:restriction>
  </xsd:simpleType>
  <xsd:simpleType name="NC2_SType">
    <xsd:annotation>
      <xsd:documentation>2 character ISO Latin-1 string</xsd:documentation>
    </xsd:annotation>
    <xsd:restriction base="xsd:string">
      <xsd:minLength value="1"/>
      <xsd:maxLength value="2"/>
    </xsd:restriction>
  </xsd:simpleType>
  <xsd:simpleType name="NC3_SType">
    <xsd:annotation>
      <xsd:documentation>3 character ISO Latin-1 string</xsd:documentation>
    </xsd:annotation>
    <xsd:restriction base="xsd:string">
      <xsd:minLength value="1"/>
      <xsd:maxLength value="3"/>
    </xsd:restriction>
  </xsd:simpleType>
  <xsd:simpleType name="NC4_SType">
    <xsd:annotation>
      <xsd:documentation>4 character ISO Latin-1 string</xsd:documentation>
    </xsd:annotation>
    <xsd:restriction base="xsd:string">
      <xsd:minLength value="1"/>
      <xsd:maxLength value="4"/>
    </xsd:restriction>
  </xsd:simpleType>
  <xsd:simpleType name="NC6_SType">
    <xsd:annotation>
      <xsd:documentation>6 character ISO Latin-1 string</xsd:documentation>
    </xsd:annotation>
    <xsd:restriction base="xsd:string">
      <xsd:minLength value="1"/>
      <xsd:maxLength value="6"/>
    </xsd:restriction>
  </xsd:simpleType>
  <xsd:simpleType name="NC8_SType">
    <xsd:annotation>
      <xsd:documentation>8 character ISO Latin-1 string</xsd:documentation>
    </xsd:annotation>
    <xsd:restriction base="xsd:string">
      <xsd:minLength value="1"/>
      <xsd:maxLength value="8"/>
    </xsd:restriction>
  </xsd:simpleType>
  <xsd:simpleType name="NC10_SType">
    <xsd:annotation>
      <xsd:documentation>10 character ISO Latin-1 string</xsd:documentation>
    </xsd:annotation>
    <xsd:restriction base="xsd:string">
      <xsd:minLength value="1"/>
      <xsd:maxLength value="10"/>
    </xsd:restriction>
  </xsd:simpleType>
  <xsd:simpleType name="NC11_SType">
    <xsd:annotation>
      <xsd:documentation>11 character ISO Latin-1 string</xsd:documentation>
    </xsd:annotation>
    <xsd:restriction base="xsd:string">
      <xsd:minLength value="1"/>
      <xsd:maxLength value="11"/>
    </xsd:restriction>
  </xsd:simpleType>
  <xsd:simpleType name="NC12_SType">
    <xsd:annotation>
      <xsd:documentation>12 character ISO Latin-1 string</xsd:documentation>
    </xsd:annotation>
    <xsd:restriction base="xsd:string">
      <xsd:minLength value="1"/>
      <xsd:maxLength value="12"/>
    </xsd:restriction>
  </xsd:simpleType>
  <xsd:simpleType name="NC16_SType">
    <xsd:annotation>
      <xsd:documentation>16 character ISO Latin-1 string</xsd:documentation>
    </xsd:annotation>
    <xsd:restriction base="xsd:string">
      <xsd:minLength value="1"/>
      <xsd:maxLength value="16"/>
    </xsd:restriction>
  </xsd:simpleType>
  <xsd:simpleType name="NC18_SType">
    <xsd:annotation>
      <xsd:documentation>18 character ISO Latin-1 string</xsd:documentation>
    </xsd:annotation>
    <xsd:restriction base="xsd:string">
      <xsd:minLength value="1"/>
      <xsd:maxLength value="18"/>
    </xsd:restriction>
  </xsd:simpleType>
  <xsd:simpleType name="NC20_SType">
    <xsd:annotation>
      <xsd:documentation>20 character ISO Latin-1 string</xsd:documentation>
    </xsd:annotation>
    <xsd:restriction base="xsd:string">
      <xsd:minLength value="1"/>
      <xsd:maxLength value="20"/>
    </xsd:restriction>
  </xsd:simpleType>
  <xsd:simpleType name="NC32_SType">
    <xsd:annotation>
      <xsd:documentation>32 character ISO Latin-1 string</xsd:documentation>
    </xsd:annotation>
    <xsd:restriction base="xsd:string">
      <xsd:minLength value="1"/>
      <xsd:maxLength value="32"/>
    </xsd:restriction>
  </xsd:simpleType>
  <xsd:simpleType name="NC34_SType">
    <xsd:annotation>
      <xsd:documentation>34 character ISO Latin-1 string</xsd:documentation>
    </xsd:annotation>
    <xsd:restriction base="xsd:string">
      <xsd:minLength value="1"/>
      <xsd:maxLength value="34"/>
    </xsd:restriction>
  </xsd:simpleType>
  <xsd:simpleType name="NC36_SType">
    <xsd:annotation>
      <xsd:documentation>36 character ISO Latin-1 string</xsd:documentation>
    </xsd:annotation>
    <xsd:restriction base="xsd:string">
      <xsd:minLength value="1"/>
      <xsd:maxLength value="36"/>
    </xsd:restriction>
  </xsd:simpleType>
  <xsd:simpleType name="NC40_SType">
    <xsd:annotation>
      <xsd:documentation>80 character ISO Latin-1 string</xsd:documentation>
    </xsd:annotation>
    <xsd:restriction base="xsd:string">
      <xsd:minLength value="1"/>
      <xsd:maxLength value="80"/>
    </xsd:restriction>
  </xsd:simpleType>
  <xsd:simpleType name="NC80_SType">
    <xsd:annotation>
      <xsd:documentation>80 character ISO Latin-1 string</xsd:documentation>
    </xsd:annotation>
    <xsd:restriction base="xsd:string">
      <xsd:minLength value="1"/>
      <xsd:maxLength value="80"/>
    </xsd:restriction>
  </xsd:simpleType>
  <xsd:simpleType name="NC100_SType">
    <xsd:annotation>
      <xsd:documentation>100 character ISO Latin-1 string</xsd:documentation>
    </xsd:annotation>
    <xsd:restriction base="xsd:string">
      <xsd:minLength value="1"/>
      <xsd:maxLength value="100"/>
    </xsd:restriction>
  </xsd:simpleType>
  <xsd:simpleType name="Amount_SType">
    <xsd:annotation>
      <xsd:documentation>currency amount</xsd:documentation>
    </xsd:annotation>
    <xsd:restriction base="xsd:decimal">
      <xsd:fractionDigits value="2"/>
    </xsd:restriction>
  </xsd:simpleType>
  <xsd:simpleType name="LanguagePref_SType">
    <xsd:annotation>
      <xsd:documentation>0: EN
				1: AR</xsd:documentation>
    </xsd:annotation>
    <xsd:restriction base="xsd:int">
      <xsd:enumeration value="0"/>
      <xsd:enumeration value="1"/>
    </xsd:restriction>
  </xsd:simpleType>
  <xsd:simpleType name="Date_SType">
    <xsd:annotation>
      <xsd:documentation>Date or DateTime type</xsd:documentation>
    </xsd:annotation>
    <xsd:restriction base="xsd:dateTime"/>
  </xsd:simpleType>
  <xsd:simpleType name="Identifier_SType">
    <xsd:annotation>
      <xsd:documentation>Object identifier</xsd:documentation>
    </xsd:annotation>
    <xsd:restriction base="NC36_SType"/>
  </xsd:simpleType>
  <xsd:simpleType name="URL_SType">
    <xsd:annotation>
      <xsd:documentation>Uniform Resource Locator</xsd:documentation>
    </xsd:annotation>
    <xsd:restriction base="xsd:anyURI"/>
  </xsd:simpleType>
  <xsd:simpleType name="UUID_SType">
    <xsd:annotation>
      <xsd:documentation>A UUID is an identifier that is unique across both space and time, with respect to the space of all UUIDs.</xsd:documentation>
    </xsd:annotation>
    <xsd:restriction base="xsd:string">
      <xsd:pattern value=".{8}-.{4}-.{4}-.{4}-.{12}"/>
    </xsd:restriction>
  </xsd:simpleType>
  <xsd:simpleType name="CurrencyType_Enums">
    <xsd:annotation>
      <xsd:documentation>currency</xsd:documentation>
    </xsd:annotation>
    <xsd:restriction base="xsd:string">
      <xsd:enumeration value="SAR"/>
    </xsd:restriction>
  </xsd:simpleType>
  <xsd:simpleType name="Email_SType">
    <xsd:restriction base="xsd:string">
      <xsd:pattern value="[^@]+@[^\.]+\..+"/>
    </xsd:restriction>
  </xsd:simpleType>
  <xsd:simpleType name="MobileNumber_SType">
    <xsd:restriction base="xsd:string">
      <xsd:pattern value="[+]\d+-\d+"/>
    </xsd:restriction>
  </xsd:simpleType>
  <xsd:simpleType name="FaxNumber_SType">
    <xsd:restriction base="xsd:string">
      <xsd:pattern value="[+]\d+-\d+-\d+"/>
    </xsd:restriction>
  </xsd:simpleType>
  <xsd:simpleType name="NotificationType_Enums">
    <xsd:annotation>
      <xsd:documentation>currency</xsd:documentation>
    </xsd:annotation>
    <xsd:restriction base="xsd:string">
      <xsd:enumeration value="EMAIL"/>
      <xsd:enumeration value="TESTMESSAGE"/>
      <xsd:enumeration value="FAX"/>
    </xsd:restriction>
  </xsd:simpleType>
  <xsd:simpleType name="Phone_SType">
    <xsd:annotation>
      <xsd:documentation>Saudi mobile phone type</xsd:documentation>
    </xsd:annotation>
    <xsd:restriction base="xsd:string">
      <xsd:pattern value="(00){0,1}(966)(05|5|08|8)[0-9]{8,14}"/>
    </xsd:restriction>
  </xsd:simpleType>
  <xsd:simpleType name="FourDigitCount_SType">
    <xsd:restriction base="xsd:long">
      <xsd:minInclusive value="0"/>
      <xsd:maxInclusive value="9999"/>
    </xsd:restriction>
  </xsd:simpleType>
  <xsd:simpleType name="TwoDigitCount_SType">
    <xsd:restriction base="xsd:long">
      <xsd:minInclusive value="0"/>
      <xsd:maxInclusive value="99"/>
    </xsd:restriction>
  </xsd:simpleType>
  <xsd:simpleType name="C60_SType">
    <xsd:annotation>
      <xsd:documentation>60 character Unicode string</xsd:documentation>
    </xsd:annotation>
    <xsd:restriction base="xsd:string">
      <xsd:minLength value="1"/>
      <xsd:maxLength value="60"/>
    </xsd:restriction>
  </xsd:simpleType>
</xsd:schema>]]></con:content><con:type>http://www.w3.org/2001/XMLSchema</con:type></con:part></con:definitionCache><con:endpoints><con:endpoint>http://10.10.73.12:7801/integration/SADADEOD/v1</con:endpoint></con:endpoints><con:operation id="6df00531-ae7c-42dd-abb3-2824b74d0a3d" isOneWay="false" action="BankCutOff" name="BankCutOff" bindingOperationName="BankCutOff" type="Request-Response" outputName="BankCutOffResponse" inputName="BankCutOffRequest" receivesAttachments="false" sendsAttachments="false" anonymous="optional"><con:settings/><con:call id="06e68d51-be00-424a-8980-bb9ce20008e4" name="Request 1"><con:settings><con:setting id="com.eviware.soapui.impl.wsdl.WsdlRequest@request-headers">&lt;xml-fragment/></con:setting></con:settings><con:encoding>UTF-8</con:encoding><con:endpoint>http://192.168.105.110:9080/integration/SADADEOD/v1</con:endpoint><con:request><![CDATA[<soapenv:Envelope xmlns:soapenv="http://schemas.xmlsoap.org/soap/envelope/" xmlns:ns="http://www.saib.com.sa/integration/Common/1.0" xmlns:v1="http://www.saib.com.sa/integration/sadadeod/v1">
   <soapenv:Header>
      <ns:ReqHeader>
         <ns:ServiceCode>?</ns:ServiceCode>
         <ns:Version>1.0</ns:Version>
         <ns:RequesterId>SADAD290</ns:RequesterId>
         <ns:TransactionId>SADAD290</ns:TransactionId>
         <!--Optional:-->
         <ns:CorrelationId>00000000-0000-0000-0000-000000000000</ns:CorrelationId>
         <ns:Timestamp>2018-12-12T00:00:00</ns:Timestamp>
         <!--Optional:-->
         <ns:TimeZone>GMT+3</ns:TimeZone>
         <!--Optional:-->
         <ns:Lang>0</ns:Lang>
         <!--Optional:-->
         <ns:ProfileLang>0</ns:ProfileLang>
         <ns:EndUserInfo>
            <ns:UserId>?</ns:UserId>
            <!--Optional:-->
<!--            <ns:Password>?</ns:Password>-->
            <ns:Channel>1</ns:Channel>
            <!--Optional:-->
<!--            <ns:AgentType>?</ns:AgentType>-->
            <ns:MachineIP>192.168.0.1</ns:MachineIP>
            <!--Optional:-->
<!--            <ns:CustomerNum>123</ns:CustomerNum>-->
            <!--Optional:-->
<!--            <ns:ConsumerBusinessFunction>?</ns:ConsumerBusinessFunction>-->
            <!--Optional:-->
<!--            <ns:ScreenName>?</ns:ScreenName>-->
            <!--Optional:-->
<!--            <ns:ActionName>?</ns:ActionName>-->
            <!--Optional:-->
<!--            <ns:SessionId>?</ns:SessionId>-->
         </ns:EndUserInfo>
      </ns:ReqHeader>
   </soapenv:Header>
   <soapenv:Body>
      <v1:BankCutOffRequest>
      <SADAD>
    <SignonRq>
        <ClientDt>2018-06-24T01:23:39</ClientDt>
        <SignonProfile>
            <Sender>SADAD-001</Sender>
            <Receiver>SIBCSARI</Receiver>
            <MsgCode>BCUTRQ</MsgCode>
        </SignonProfile>
    </SignonRq>
    <BankSvcRq>
        <Status>
            <StatusCode>0</StatusCode>
            <ShortDesc>Success</ShortDesc>
            <Severity>Info</Severity>
        </Status>
        <RqUID>6EDPWS4R-D5DA-00D9-F030-0A0B207EB562</RqUID>
        <BankCutOffRq>
            <PrcDt>2018-06-23T00:00:00</PrcDt>
            <PmtRec>
                <PmtTransId>
                    <PmtId>1982599684</PmtId>
                    <PmtIdType>SPTN</PmtIdType>
                </PmtTransId>
                <PmtTransId>
                    <PmtId>IBK77EY-472134</PmtId>
                    <PmtIdType>BNKPTN</PmtIdType>
                </PmtTransId>
                <PmtStatus>
                    <PmtStatusCode>PmtNew</PmtStatusCode>
                    <EffDt>2018-06-23T00:00:00</EffDt>
                </PmtStatus>
                <PmtInfo>
                    <CurAmt>21.00</CurAmt>
                    <PrcDt>2018-06-23T23:59:15</PrcDt>
                    <DueDt>2018-06-23T23:59:15</DueDt>
                    <AccountId>
                        <BillingAcct>966550960898</BillingAcct>
                        <BillerId>149</BillerId>
                    </AccountId>
                    <BankId>SIBCSARI</BankId>
                    <DistrictCode>101</DistrictCode>
                    <BranchCode>0101</BranchCode>
                    <AccessChannel>INTERNET</AccessChannel>
                    <PmtMethod>ACTDEB</PmtMethod>
                    <ServiceType>CCRD</ServiceType>
                </PmtInfo>
            </PmtRec>
            <PmtRec>
                <PmtTransId>
                    <PmtId>2018950318</PmtId>
                    <PmtIdType>SPTN</PmtIdType>
                </PmtTransId>
                <PmtTransId>
                    <PmtId>IBK4RKU-472133</PmtId>
                    <PmtIdType>BNKPTN</PmtIdType>
                </PmtTransId>
                <PmtStatus>
                    <PmtStatusCode>PmtNew</PmtStatusCode>
                    <EffDt>2018-06-22T00:00:00</EffDt>
                </PmtStatus>
                <PmtInfo>
                    <CurAmt>2442.00</CurAmt>
                    <PrcDt>2018-06-23T23:59:04</PrcDt>
                    <DueDt>2018-06-23T00:00:00</DueDt>
                    <BillNumber>2003110719280</BillNumber>
                    <AccountId>
                        <BillingAcct>200311071928</BillingAcct>
                        <BillerId>022</BillerId>
                    </AccountId>
                    <BankId>SIBCSARI</BankId>
                    <DistrictCode>101</DistrictCode>
                    <BranchCode>0101</BranchCode>
                    <AccessChannel>INTERNET</AccessChannel>
                    <PmtMethod>ACTDEB</PmtMethod>
                    <ServiceType>TRAN</ServiceType>
                    <PmtRefInfo>None</PmtRefInfo>
                </PmtInfo>
            </PmtRec>
            <PmtRec>
                <PmtTransId>
                    <PmtId>2018950303</PmtId>
                    <PmtIdType>SPTN</PmtIdType>
                </PmtTransId>
                <PmtTransId>
                    <PmtId>IBKB6MZ-472132</PmtId>
                    <PmtIdType>BNKPTN</PmtIdType>
                </PmtTransId>
                <PmtStatus>
                    <PmtStatusCode>PmtNew</PmtStatusCode>
                    <EffDt>2018-06-22T00:00:00</EffDt>
                </PmtStatus>
                <PmtInfo>
                    <CurAmt>2976.15</CurAmt>
                    <PrcDt>2018-06-23T23:57:48</PrcDt>
                    <DueDt>2018-06-23T00:00:00</DueDt>
                    <AccountId>
                        <BillingAcct>1086100000011455</BillingAcct>
                        <BillerId>031</BillerId>
                    </AccountId>
                    <BankId>SIBCSARI</BankId>
                    <DistrictCode>101</DistrictCode>
                    <BranchCode>0101</BranchCode>
                    <AccessChannel>INTERNET</AccessChannel>
                    <PmtMethod>ACTDEB</PmtMethod>
                    <ServiceType>CCRD</ServiceType>
                </PmtInfo>
            </PmtRec>
            <PmtRec>
                <PmtTransId>
                    <PmtId>2018952340</PmtId>
                    <PmtIdType>SPTN</PmtIdType>
                </PmtTransId>
                <PmtTransId>
                    <PmtId>IBKPFXH-472130</PmtId>
                    <PmtIdType>BNKPTN</PmtIdType>
                </PmtTransId>
                <PmtStatus>
                    <PmtStatusCode>PmtNew</PmtStatusCode>
                    <EffDt>2018-06-22T00:00:00</EffDt>
                </PmtStatus>
                <PmtInfo>
                    <CurAmt>137.55</CurAmt>
                    <PrcDt>2018-06-23T23:56:47</PrcDt>
                    <DueDt>2018-06-23T00:00:00</DueDt>
                    <AccountId>
                        <BillingAcct>597001110</BillingAcct>
                        <BillerId>044</BillerId>
                    </AccountId>
                    <BankId>SIBCSARI</BankId>
                    <DistrictCode>101</DistrictCode>
                    <BranchCode>0101</BranchCode>
                    <AccessChannel>INTERNET</AccessChannel>
                    <PmtMethod>ACTDEB</PmtMethod>
                    <ServiceType>MPRE</ServiceType>
                </PmtInfo>
            </PmtRec>
            <PmtRec>
                <PmtTransId>
                    <PmtId>2018950300</PmtId>
                    <PmtIdType>SPTN</PmtIdType>
                </PmtTransId>
                <PmtTransId>
                    <PmtId>IBKJS6K-472129</PmtId>
                    <PmtIdType>BNKPTN</PmtIdType>
                </PmtTransId>
                <PmtStatus>
                    <PmtStatusCode>PmtNew</PmtStatusCode>
                    <EffDt>2018-06-22T00:00:00</EffDt>
                </PmtStatus>
                <PmtInfo>
                    <CurAmt>327.05</CurAmt>
                    <PrcDt>2018-06-23T23:56:30</PrcDt>
                    <DueDt>2018-06-23T00:00:00</DueDt>
                    <AccountId>
                        <BillingAcct>966549098517</BillingAcct>
                        <BillerId>005</BillerId>
                    </AccountId>
                    <BankId>SIBCSARI</BankId>
                    <DistrictCode>101</DistrictCode>
                    <BranchCode>0101</BranchCode>
                    <AccessChannel>INTERNET</AccessChannel>
                    <PmtMethod>ACTDEB</PmtMethod>
                    <ServiceType>GSM</ServiceType>
                    <PmtRefInfo>MPOSLN0.0.0.1 /bill 309464175321012127 7</PmtRefInfo>
                </PmtInfo>
            </PmtRec>
            <PmtRec>
                <PmtTransId>
                    <PmtId>2018969916</PmtId>
                    <PmtIdType>SPTN</PmtIdType>
                </PmtTransId>
                <PmtTransId>
                    <PmtId>IBKWE2Y-472128</PmtId>
                    <PmtIdType>BNKPTN</PmtIdType>
                </PmtTransId>
                <PmtStatus>
                    <PmtStatusCode>PmtNew</PmtStatusCode>
                    <EffDt>2018-06-22T00:00:00</EffDt>
                </PmtStatus>
                <PmtInfo>
                    <CurAmt>145.33</CurAmt>
                    <PrcDt>2018-06-23T23:56:16</PrcDt>
                    <DueDt>2018-06-23T00:00:00</DueDt>
                    <AccountId>
                        <BillingAcct>831031121437</BillingAcct>
                        <BillerId>044</BillerId>
                    </AccountId>
                    <BankId>SIBCSARI</BankId>
                    <DistrictCode>101</DistrictCode>
                    <BranchCode>0101</BranchCode>
                    <AccessChannel>INTERNET</AccessChannel>
                    <PmtMethod>ACTDEB</PmtMethod>
                    <ServiceType>GSM</ServiceType>
                    <PmtRefInfo>S</PmtRefInfo>
                </PmtInfo>
            </PmtRec>
            <PmtRec>
                <PmtTransId>
                    <PmtId>2018964215</PmtId>
                    <PmtIdType>SPTN</PmtIdType>
                </PmtTransId>
                <PmtTransId>
                    <PmtId>IBKQOHI-472127</PmtId>
                    <PmtIdType>BNKPTN</PmtIdType>
                </PmtTransId>
                <PmtStatus>
                    <PmtStatusCode>PmtNew</PmtStatusCode>
                    <EffDt>2018-06-22T00:00:00</EffDt>
                </PmtStatus>
                <PmtInfo>
                    <CurAmt>210.00</CurAmt>
                    <PrcDt>2018-06-23T23:55:45</PrcDt>
                    <DueDt>2018-06-23T00:00:00</DueDt>
                    <AccountId>
                        <BillingAcct>00981646541</BillingAcct>
                        <BillerId>001</BillerId>
                    </AccountId>
                    <BankId>SIBCSARI</BankId>
                    <DistrictCode>101</DistrictCode>
                    <BranchCode>0101</BranchCode>
                    <AccessChannel>INTERNET</AccessChannel>
                    <PmtMethod>ACTDEB</PmtMethod>
                    <ChkDigit>5</ChkDigit>
                    <ServiceType>GSM</ServiceType>
                    <PmtRefInfo>sqkcAeTB6zTsH5BVz1foQg==</PmtRefInfo>
                </PmtInfo>
            </PmtRec>
            <PmtRec>
                <PmtTransId>
                    <PmtId>2018969906</PmtId>
                    <PmtIdType>SPTN</PmtIdType>
                </PmtTransId>
                <PmtTransId>
                    <PmtId>IBKJK8T-472122</PmtId>
                    <PmtIdType>BNKPTN</PmtIdType>
                </PmtTransId>
                <PmtStatus>
                    <PmtStatusCode>PmtNew</PmtStatusCode>
                    <EffDt>2018-06-22T00:00:00</EffDt>
                </PmtStatus>
                <PmtInfo>
                    <CurAmt>945.00</CurAmt>
                    <PrcDt>2018-06-23T23:55:13</PrcDt>
                    <DueDt>2018-06-23T00:00:00</DueDt>
                    <BillNumber>5056846274</BillNumber>
                    <AccountId>
                        <BillingAcct>5056846274</BillingAcct>
                        <BillerId>167</BillerId>
                    </AccountId>
                    <BankId>SIBCSARI</BankId>
                    <DistrictCode>101</DistrictCode>
                    <BranchCode>0101</BranchCode>
                    <AccessChannel>INTERNET</AccessChannel>
                    <PmtMethod>ACTDEB</PmtMethod>
                    <ServiceType>UTIL</ServiceType>
                    <PmtRefInfo>SMC-R-C-0981933</PmtRefInfo>
                </PmtInfo>
            </PmtRec>
            <PmtRec>
                <PmtTransId>
                    <PmtId>1982599359</PmtId>
                    <PmtIdType>SPTN</PmtIdType>
                </PmtTransId>
                <PmtTransId>
                    <PmtId>IBKUELF-472124</PmtId>
                    <PmtIdType>BNKPTN</PmtIdType>
                </PmtTransId>
                <PmtStatus>
                    <PmtStatusCode>PmtNew</PmtStatusCode>
                    <EffDt>2018-06-23T00:00:00</EffDt>
                </PmtStatus>
                <PmtInfo>
                    <CurAmt>52.50</CurAmt>
                    <PrcDt>2018-06-23T23:55:13</PrcDt>
                    <DueDt>2018-06-23T23:55:13</DueDt>
                    <AccountId>
                        <BillingAcct>966550961482</BillingAcct>
                        <BillerId>149</BillerId>
                    </AccountId>
                    <BankId>SIBCSARI</BankId>
                    <DistrictCode>101</DistrictCode>
                    <BranchCode>0101</BranchCode>
                    <AccessChannel>INTERNET</AccessChannel>
                    <PmtMethod>ACTDEB</PmtMethod>
                    <ServiceType>CCRD</ServiceType>
                </PmtInfo>
            </PmtRec>
            <PmtRec>
                <PmtTransId>
                    <PmtId>2018964207</PmtId>
                    <PmtIdType>SPTN</PmtIdType>
                </PmtTransId>
                <PmtTransId>
                    <PmtId>CIBJAIZ-472115</PmtId>
                    <PmtIdType>BNKPTN</PmtIdType>
                </PmtTransId>
                <PmtStatus>
                    <PmtStatusCode>PmtNew</PmtStatusCode>
                    <EffDt>2018-06-22T00:00:00</EffDt>
                </PmtStatus>
                <PmtInfo>
                    <CurAmt>41494.00</CurAmt>
                    <PrcDt>2018-06-23T23:54:33</PrcDt>
                    <DueDt>2018-06-23T00:00:00</DueDt>
                    <BillNumber>11391004509649</BillNumber>
                    <AccountId>
                        <BillingAcct>11391004509649</BillingAcct>
                        <BillerId>050</BillerId>
                    </AccountId>
                    <BankId>SIBCSARI</BankId>
                    <DistrictCode>101</DistrictCode>
                    <BranchCode>2500</BranchCode>
                    <AccessChannel>CORP</AccessChannel>
                    <PmtMethod>ACTDEB</PmtMethod>
                    <ServiceType>GOVT</ServiceType>
                    <PmtRefInfo>04013910509649@1</PmtRefInfo>
                </PmtInfo>
            </PmtRec>
        </BankCutOffRq>
    </BankSvcRq>
</SADAD>
</v1:BankCutOffRequest>
   </soapenv:Body>
</soapenv:Envelope>]]></con:request><con:credentials><con:authType>No Authorization</con:authType></con:credentials><con:jmsConfig JMSDeliveryMode="PERSISTENT"/><con:jmsPropertyConfig/><con:wsaConfig mustUnderstand="NONE" version="200508" action="BankCutOff"/><con:wsrmConfig version="1.2"/></con:call></con:operation><con:operation id="0a006f24-6fda-4fd7-8711-61a4ebf67c9d" isOneWay="false" action="BankReconDownload" name="BankReconDownload" bindingOperationName="BankReconDownload" type="Request-Response" outputName="BankReconDownloadResponse" inputName="BankReconDownloadRequest" receivesAttachments="false" sendsAttachments="false" anonymous="optional"><con:settings/><con:call id="f2315c63-c8de-4868-99e3-00598657cabf" name="Request 1"><con:settings><con:setting id="com.eviware.soapui.impl.wsdl.WsdlRequest@request-headers">&lt;xml-fragment/></con:setting></con:settings><con:encoding>UTF-8</con:encoding><con:endpoint>http://10.10.73.12:7801/integration/SADADEOD/v1</con:endpoint><con:request><![CDATA[<soapenv:Envelope xmlns:soapenv="http://schemas.xmlsoap.org/soap/envelope/" xmlns:ns="http://www.saib.com.sa/integration/Common/1.0" xmlns:v1="http://www.saib.com.sa/integration/sadadeod/v1">
   <soapenv:Header>
      <ns:ReqHeader>
         <ns:ServiceCode>?</ns:ServiceCode>
         <ns:Version>1.0</ns:Version>
         <ns:RequesterId>86106</ns:RequesterId>
         <ns:TransactionId>13106</ns:TransactionId>
         <!--Optional:-->
         <ns:CorrelationId>00000000-0000-0000-0000-000000000000</ns:CorrelationId>
         <ns:Timestamp>2018-12-12T00:00:00</ns:Timestamp>
         <!--Optional:-->
         <ns:TimeZone>GMT+3</ns:TimeZone>
         <!--Optional:-->
         <ns:Lang>0</ns:Lang>
         <!--Optional:-->
         <ns:ProfileLang>0</ns:ProfileLang>
         <ns:EndUserInfo>
            <ns:UserId>?</ns:UserId>
            <!--Optional:-->
<!--            <ns:Password>?</ns:Password>-->
            <ns:Channel>1</ns:Channel>
            <!--Optional:-->
<!--            <ns:AgentType>?</ns:AgentType>-->
            <ns:MachineIP>192.168.0.1</ns:MachineIP>
            <!--Optional:-->
<!--            <ns:CustomerNum>123</ns:CustomerNum>-->
            <!--Optional:-->
<!--            <ns:ConsumerBusinessFunction>?</ns:ConsumerBusinessFunction>-->
            <!--Optional:-->
<!--            <ns:ScreenName>?</ns:ScreenName>-->
            <!--Optional:-->
<!--            <ns:ActionName>?</ns:ActionName>-->
            <!--Optional:-->
<!--            <ns:SessionId>?</ns:SessionId>-->
         </ns:EndUserInfo>
      </ns:ReqHeader>
   </soapenv:Header>
   <soapenv:Body>
      <v1:BankReconDownloadRequest>
			<SADAD>
   <SignonRq>
      <ClientDt>2018-05-16T04:30:02</ClientDt>
      <SignonProfile>
         <Sender>SADAD-001</Sender>
         <Receiver>SIBCSARI</Receiver>
         <MsgCode>BKRCRQ</MsgCode>
      </SignonProfile>
   </SignonRq>
   <BankSvcRq>
      <Status>
         <StatusCode>0</StatusCode>
         <ShortDesc>Success</ShortDesc>
         <Severity>Info</Severity>
      </Status>
      <RqUID>6C16F3BB-9C93-007E-E070-0A0B201ED01A</RqUID>
      <BankReconDownloadRq>
         <PrcDt>2018-05-15T00:00:00</PrcDt>
         <PmtRec>
            <PmtTransId>
               <PmtId>1791027350</PmtId>
               <PmtIdType>SPTN</PmtIdType>
            </PmtTransId>
            <PmtTransId>
               <PmtId>IBK8LRV-032725</PmtId>
               <PmtIdType>BNKPTN</PmtIdType>
            </PmtTransId>
            <PmtStatus>
               <PmtStatusCode>PmtNotInSadad</PmtStatusCode>
               <EffDt>2018-05-15T00:00:00</EffDt>
               <Status>
                  <StatusCode>4</StatusCode>
                  <ShortDesc>Payment was adviced after CUT-OFF message was sent</ShortDesc>
                  <Severity>Warning</Severity>
               </Status>
            </PmtStatus>
            <PmtInfo>
               <CurAmt>1000.00</CurAmt>
               <PrcDt>2018-05-15T23:59:58</PrcDt>
               <DueDt>2018-05-15T00:00:00</DueDt>
               <AccountId>
                  <BillingAcct>337616932</BillingAcct>
                  <BillerId>024</BillerId>
               </AccountId>
               <BankId>SIBCSARI</BankId>
               <DistrictCode>101</DistrictCode>
               <BranchCode>0101</BranchCode>
               <AccessChannel>INTERNET</AccessChannel>
               <PmtMethod>ACTDEB</PmtMethod>
            </PmtInfo>
         </PmtRec>
         <PmtRec>
            <PmtTransId>
               <PmtId>1791040816</PmtId>
               <PmtIdType>SPTN</PmtIdType>
            </PmtTransId>
            <PmtTransId>
               <PmtId>IBKPR8E-032724</PmtId>
               <PmtIdType>BNKPTN</PmtIdType>
            </PmtTransId>
            <PmtStatus>
               <PmtStatusCode>PmtNotInSadad</PmtStatusCode>
               <EffDt>2018-05-15T00:00:00</EffDt>
               <Status>
                  <StatusCode>4</StatusCode>
                  <ShortDesc>Payment was adviced after CUT-OFF message was sent</ShortDesc>
                  <Severity>Warning</Severity>
               </Status>
            </PmtStatus>
            <PmtInfo>
               <CurAmt>156.45</CurAmt>
               <PrcDt>2018-05-15T23:59:55</PrcDt>
               <DueDt>2018-05-15T00:00:00</DueDt>
               <AccountId>
                  <BillingAcct>831034377722</BillingAcct>
                  <BillerId>044</BillerId>
               </AccountId>
               <BankId>SIBCSARI</BankId>
               <DistrictCode>101</DistrictCode>
               <BranchCode>0101</BranchCode>
               <AccessChannel>INTERNET</AccessChannel>
               <PmtMethod>ACTDEB</PmtMethod>
            </PmtInfo>
         </PmtRec>
      </BankReconDownloadRq>
   </BankSvcRq>
</SADAD>
	  </v1:BankReconDownloadRequest>
   </soapenv:Body>
</soapenv:Envelope>]]></con:request><con:credentials><con:authType>No Authorization</con:authType></con:credentials><con:jmsConfig JMSDeliveryMode="PERSISTENT"/><con:jmsPropertyConfig/><con:wsaConfig mustUnderstand="NONE" version="200508" action="BankReconDownload"/><con:wsrmConfig version="1.2"/></con:call></con:operation><con:operation id="3ff748c6-9bd2-4975-b600-eef4eb27dc1a" isOneWay="false" action="BankRefundCutOff" name="BankRefundCutOff" bindingOperationName="BankRefundCutOff" type="Request-Response" outputName="BankRefundCutOffResponse" inputName="BankRefundCutOffRequest" receivesAttachments="false" sendsAttachments="false" anonymous="optional"><con:settings/><con:call id="8a743bf2-3b6a-41a5-a710-6422a2a94b74" name="Request 1"><con:settings><con:setting id="com.eviware.soapui.impl.wsdl.WsdlRequest@request-headers">&lt;xml-fragment/></con:setting></con:settings><con:encoding>UTF-8</con:encoding><con:endpoint>http://10.10.73.12:7801/integration/SADADEOD/v1</con:endpoint><con:request><![CDATA[<soapenv:Envelope xmlns:soapenv="http://schemas.xmlsoap.org/soap/envelope/" xmlns:ns="http://www.saib.com.sa/integration/Common/1.0" xmlns:v1="http://www.saib.com.sa/integration/sadadeod/v1">
   <soapenv:Header>
      <ns:ReqHeader>
         <ns:ServiceCode>?</ns:ServiceCode>
         <ns:Version>1.0</ns:Version>
         <ns:RequesterId>SADAD261</ns:RequesterId>
         <ns:TransactionId>SADAD261</ns:TransactionId>
         <!--Optional:-->
         <ns:CorrelationId>00000000-0000-0000-0000-000000000000</ns:CorrelationId>
         <ns:Timestamp>2018-12-12T00:00:00</ns:Timestamp>
         <!--Optional:-->
         <ns:TimeZone>GMT+3</ns:TimeZone>
         <!--Optional:-->
         <ns:Lang>0</ns:Lang>
         <!--Optional:-->
         <ns:ProfileLang>0</ns:ProfileLang>
         <ns:EndUserInfo>
            <ns:UserId>?</ns:UserId>
            <!--Optional:-->
<!--            <ns:Password>?</ns:Password>-->
            <ns:Channel>1</ns:Channel>
            <!--Optional:-->
<!--            <ns:AgentType>?</ns:AgentType>-->
            <ns:MachineIP>192.168.0.1</ns:MachineIP>
            <!--Optional:-->
<!--            <ns:CustomerNum>123</ns:CustomerNum>-->
            <!--Optional:-->
<!--            <ns:ConsumerBusinessFunction>?</ns:ConsumerBusinessFunction>-->
            <!--Optional:-->
<!--            <ns:ScreenName>?</ns:ScreenName>-->
            <!--Optional:-->
<!--            <ns:ActionName>?</ns:ActionName>-->
            <!--Optional:-->
<!--            <ns:SessionId>?</ns:SessionId>-->
         </ns:EndUserInfo>
      </ns:ReqHeader>
   </soapenv:Header>
   <soapenv:Body>
      <v1:BankRefundCutOffRequest>
<SADAD>
    <SignonRq>
        <ClientDt>2018-06-12T19:51:54</ClientDt>
        <SignonProfile>
            <Sender>SADAD-001</Sender>
            <Receiver>SIBCSARI</Receiver>
            <MsgCode>RCUTRQ</MsgCode>
        </SignonProfile>
    </SignonRq>
    <BankSvcRq>
        <Status>
            <StatusCode>0</StatusCode>
            <ShortDesc>Success</ShortDesc>
            <Severity>Info</Severity>
        </Status>
        <RqUID>6E694053-890A-0010-E053-0A0B20302AE3</RqUID>
        <BankRefundCutOffRq>
            <PrcDt>2018-06-12T19:51:53</PrcDt>
            <ReconRefundRec>
                <SadadRefundTransNum>24109</SadadRefundTransNum>
                
                <CustId>
                    <OfficialId>0046551359</OfficialId>
                    <OfficialIdType>BIS</OfficialIdType>
                </CustId>
                <RefundStatus>
                    <EffDt>2018-06-12T15:07:34</EffDt>
                    <RefundStatusCode>Processing_Failed</RefundStatusCode>
                </RefundStatus>
                <ReconRefundInfo>
                    <CurAmt>2000</CurAmt>
                    <RefundId>09500000000000000000000002518849</RefundId>
                    <BankId>SIBCSARI</BankId>
                    <BillerId>095</BillerId>
                    <RefundType>ACCT</RefundType>
                </ReconRefundInfo>
            </ReconRefundRec>
            <ReconRefundRec>
                <SadadRefundTransNum>39751557</SadadRefundTransNum>
                <CustId>
                    <OfficialId>0046551359</OfficialId>
                    <OfficialIdType>BIS</OfficialIdType>
                </CustId>
                <RefundStatus>
                    <EffDt>2018-06-12T15:07:34</EffDt>
                    <RefundStatusCode>Processing_Failed</RefundStatusCode>
                </RefundStatus>
                <ReconRefundInfo>
                    <CurAmt>2000</CurAmt>
                    <RefundId>09500000000000000000000002518850</RefundId>
                    <BankId>SIBCSARI</BankId>
                    <BillerId>095</BillerId>
                    <RefundType>ACCT</RefundType>
                </ReconRefundInfo>
            </ReconRefundRec>
            <ReconRefundRec>
                <SadadRefundTransNum>39751559</SadadRefundTransNum>
                <CustId>
                    <OfficialId>0046551359</OfficialId>
                    <OfficialIdType>BIS</OfficialIdType>
                </CustId>
                <RefundStatus>
                    <EffDt>2018-06-12T15:07:34</EffDt>
                    <RefundStatusCode>Processing_Failed</RefundStatusCode>
                </RefundStatus>
                <ReconRefundInfo>
                    <CurAmt>2000</CurAmt>
                    <RefundId>09500000000000000000000002518852</RefundId>
                    <BankId>SIBCSARI</BankId>
                    <BillerId>095</BillerId>
                    <RefundType>ACCT</RefundType>
                </ReconRefundInfo>
            </ReconRefundRec>
            <ReconRefundRec>
                <SadadRefundTransNum>39751560</SadadRefundTransNum>
                <CustId>
                    <OfficialId>0046551359</OfficialId>
                    <OfficialIdType>BIS</OfficialIdType>
                </CustId>
                <RefundStatus>
                    <EffDt>2018-06-12T15:07:34</EffDt>
                    <RefundStatusCode>Processing_Failed</RefundStatusCode>
                </RefundStatus>
                <ReconRefundInfo>
                    <CurAmt>2000</CurAmt>
                    <RefundId>09500000000000000000000002518853</RefundId>
                    <BankId>SIBCSARI</BankId>
                    <BillerId>095</BillerId>
                    <RefundType>ACCT</RefundType>
                </ReconRefundInfo>
            </ReconRefundRec>
            <ReconRefundRec>
                <SadadRefundTransNum>39831830</SadadRefundTransNum>
                <CustId>
                    <OfficialId>1039052756</OfficialId>
                    <OfficialIdType>NAT</OfficialIdType>
                </CustId>
                <RefundStatus>
                    <EffDt>2018-06-12T15:07:34</EffDt>
                    <RefundStatusCode>Processing_Failed</RefundStatusCode>
                </RefundStatus>
                <ReconRefundInfo>
                    <CurAmt>2000</CurAmt>
                    <RefundId>09500000000000000000000002522884</RefundId>
                    <BankId>SIBCSARI</BankId>
                    <BillerId>095</BillerId>
                    <RefundType>ACCT</RefundType>
                </ReconRefundInfo>
            </ReconRefundRec>
            <ReconRefundRec>
                <SadadRefundTransNum>39751562</SadadRefundTransNum>
                <CustId>
                    <OfficialId>0046551359</OfficialId>
                    <OfficialIdType>BIS</OfficialIdType>
                </CustId>
                <RefundStatus>
                    <EffDt>2018-06-12T15:07:34</EffDt>
                    <RefundStatusCode>Processing_Failed</RefundStatusCode>
                </RefundStatus>
                <ReconRefundInfo>
                    <CurAmt>2000</CurAmt>
                    <RefundId>09500000000000000000000002518855</RefundId>
                    <BankId>SIBCSARI</BankId>
                    <BillerId>095</BillerId>
                    <RefundType>ACCT</RefundType>
                </ReconRefundInfo>
            </ReconRefundRec>
            <ReconRefundRec>
                <SadadRefundTransNum>39751563</SadadRefundTransNum>
                <CustId>
                    <OfficialId>0046551359</OfficialId>
                    <OfficialIdType>BIS</OfficialIdType>
                </CustId>
                <RefundStatus>
                    <EffDt>2018-06-12T15:07:34</EffDt>
                    <RefundStatusCode>Processing_Failed</RefundStatusCode>
                </RefundStatus>
                <ReconRefundInfo>
                    <CurAmt>2000</CurAmt>
                    <RefundId>09500000000000000000000002518856</RefundId>
                    <BankId>SIBCSARI</BankId>
                    <BillerId>095</BillerId>
                    <RefundType>ACCT</RefundType>
                </ReconRefundInfo>
            </ReconRefundRec>
            <ReconRefundRec>
                <SadadRefundTransNum>39752056</SadadRefundTransNum>
                <CustId>
                    <OfficialId>1009022961</OfficialId>
                    <OfficialIdType>NAT</OfficialIdType>
                </CustId>
                <RefundStatus>
                    <EffDt>2018-06-12T15:07:34</EffDt>
                    <RefundStatusCode>Processing_Failed</RefundStatusCode>
                </RefundStatus>
                <ReconRefundInfo>
                    <CurAmt>2000</CurAmt>
                    <RefundId>09500000000000000000000002519249</RefundId>
                    <BankId>SIBCSARI</BankId>
                    <BillerId>095</BillerId>
                    <RefundType>ACCT</RefundType>
                </ReconRefundInfo>
            </ReconRefundRec>
            <ReconRefundRec>
                <SadadRefundTransNum>39752309</SadadRefundTransNum>
                <CustId>
                    <OfficialId>1010009305</OfficialId>
                    <OfficialIdType>BIS</OfficialIdType>
                </CustId>
                <RefundStatus>
                    <EffDt>2018-06-12T15:07:34</EffDt>
                    <RefundStatusCode>Processing_Failed</RefundStatusCode>
                </RefundStatus>
                <ReconRefundInfo>
                    <CurAmt>2000</CurAmt>
                    <RefundId>09500000000000000000000002519002</RefundId>
                    <BankId>SIBCSARI</BankId>
                    <BillerId>095</BillerId>
                    <RefundType>ACCT</RefundType>
                </ReconRefundInfo>
            </ReconRefundRec>
            <ReconRefundRec>
                <SadadRefundTransNum>39751561</SadadRefundTransNum>
                <CustId>
                    <OfficialId>0046551359</OfficialId>
                    <OfficialIdType>BIS</OfficialIdType>
                </CustId>
                <RefundStatus>
                    <EffDt>2018-06-12T15:07:34</EffDt>
                    <RefundStatusCode>Processing_Failed</RefundStatusCode>
                </RefundStatus>
                <ReconRefundInfo>
                    <CurAmt>2000</CurAmt>
                    <RefundId>09500000000000000000000002518854</RefundId>
                    <BankId>SIBCSARI</BankId>
                    <BillerId>095</BillerId>
                    <RefundType>ACCT</RefundType>
                </ReconRefundInfo>
            </ReconRefundRec>
        </BankRefundCutOffRq>
    </BankSvcRq>
</SADAD>
</v1:BankRefundCutOffRequest>
   </soapenv:Body>
</soapenv:Envelope>]]></con:request><con:credentials><con:authType>No Authorization</con:authType></con:credentials><con:jmsConfig JMSDeliveryMode="PERSISTENT"/><con:jmsPropertyConfig/><con:wsaConfig mustUnderstand="NONE" version="200508" action="BankRefundCutOff"/><con:wsrmConfig version="1.2"/></con:call></con:operation><con:operation id="83168297-dc3d-4fb2-b03c-323935b30dd8" isOneWay="false" action="BankSplUpload" name="BankSplUpload" bindingOperationName="BankSplUpload" type="Request-Response" outputName="BankSplUploadResponse" inputName="BankSplUploadRequest" receivesAttachments="false" sendsAttachments="false" anonymous="optional"><con:settings/><con:call id="e991a896-0bb7-4150-a9d2-8c8db900cfff" name="Request 1"><con:settings><con:setting id="com.eviware.soapui.impl.wsdl.WsdlRequest@request-headers">&lt;xml-fragment/></con:setting></con:settings><con:encoding>UTF-8</con:encoding><con:endpoint>http://10.10.73.12:7801/SPLTest2</con:endpoint><con:request>&lt;SADAD>&lt;SadProcDate>2018-06-25T10:40:25&lt;/SadProcDate>&lt;/SADAD>
</con:request><con:credentials><con:authType>No Authorization</con:authType></con:credentials><con:jmsConfig JMSDeliveryMode="PERSISTENT"/><con:jmsPropertyConfig/><con:wsaConfig mustUnderstand="NONE" version="200508" action="BankSplUpload"/><con:wsrmConfig version="1.2"/></con:call></con:operation><con:operation id="515c1f2c-f8ec-436b-9e1f-337cd64e10f4" isOneWay="false" action="BankSrlUpload" name="BankSrlUpload" bindingOperationName="BankSrlUpload" type="Request-Response" outputName="BankSrlUploadResponse" inputName="BankSrlUploadRequest" receivesAttachments="false" sendsAttachments="false" anonymous="optional"><con:settings/><con:call id="a754b005-f8e0-46a6-a8e1-04b1fa1a8269" name="Request 1"><con:settings/><con:encoding>UTF-8</con:encoding><con:endpoint>http://10.10.73.12:7801/integration/SADADEOD/v1</con:endpoint><con:request><![CDATA[<soapenv:Envelope xmlns:soapenv="http://schemas.xmlsoap.org/soap/envelope/" xmlns:ns="http://www.saib.com.sa/integration/Common/1.0" xmlns:v1="http://www.saib.com.sa/integration/sadadeod/v1">\r
   <soapenv:Header>\r
      <ns:ReqHeader>\r
         <ns:ServiceCode>?</ns:ServiceCode>\r
         <ns:Version>1.0</ns:Version>\r
         <ns:RequesterId>?</ns:RequesterId>\r
         <ns:TransactionId>?</ns:TransactionId>\r
         <!--Optional:-->\r
         <ns:CorrelationId>?</ns:CorrelationId>\r
         <ns:Timestamp>?</ns:Timestamp>\r
         <!--Optional:-->\r
         <ns:TimeZone>GMT+3</ns:TimeZone>\r
         <!--Optional:-->\r
         <ns:Lang>0</ns:Lang>\r
         <!--Optional:-->\r
         <ns:ProfileLang>0</ns:ProfileLang>\r
         <ns:EndUserInfo>\r
            <ns:UserId>?</ns:UserId>\r
            <!--Optional:-->\r
            <ns:Password>?</ns:Password>\r
            <ns:Channel>?</ns:Channel>\r
            <!--Optional:-->\r
            <ns:AgentType>?</ns:AgentType>\r
            <ns:MachineIP>?</ns:MachineIP>\r
            <!--Optional:-->\r
            <ns:CustomerNum>?</ns:CustomerNum>\r
            <!--Optional:-->\r
            <ns:ConsumerBusinessFunction>?</ns:ConsumerBusinessFunction>\r
            <!--Optional:-->\r
            <ns:ScreenName>?</ns:ScreenName>\r
            <!--Optional:-->\r
            <ns:ActionName>?</ns:ActionName>\r
            <!--Optional:-->\r
            <ns:SessionId>?</ns:SessionId>\r
         </ns:EndUserInfo>\r
      </ns:ReqHeader>\r
   </soapenv:Header>\r
   <soapenv:Body>\r
      <v1:BankSrlUploadRequest>?</v1:BankSrlUploadRequest>\r
   </soapenv:Body>\r
</soapenv:Envelope>]]></con:request><con:credentials><con:authType>No Authorization</con:authType></con:credentials><con:jmsConfig JMSDeliveryMode="PERSISTENT"/><con:jmsPropertyConfig/><con:wsaConfig mustUnderstand="NONE" version="200508" action="BankSrlUpload"/><con:wsrmConfig version="1.2"/></con:call></con:operation><con:operation id="d116195b-56b6-4e2c-adec-eb7075c1cf16" isOneWay="false" action="ReconRefundRec" name="ReconRefundRec" bindingOperationName="ReconRefundRec" type="Request-Response" outputName="ReconRefundRecResponse" inputName="ReconRefundRecRequest" receivesAttachments="false" sendsAttachments="false" anonymous="optional"><con:settings/><con:call id="49b165cc-7b67-4e68-8c64-d792dac887e8" name="Request 1"><con:settings><con:setting id="com.eviware.soapui.impl.wsdl.WsdlRequest@request-headers">&lt;xml-fragment/></con:setting></con:settings><con:encoding>UTF-8</con:encoding><con:endpoint>http://10.10.73.12:7801/integration/SADADEOD/v1</con:endpoint><con:request><![CDATA[<soapenv:Envelope xmlns:soapenv="http://schemas.xmlsoap.org/soap/envelope/" xmlns:ns="http://www.saib.com.sa/integration/Common/1.0" xmlns:v1="http://www.saib.com.sa/integration/sadadeod/v1">
    <soapenv:Header>
      <ns:ReqHeader>
         <ns:ServiceCode>?</ns:ServiceCode>
         <ns:Version>1.0</ns:Version>
         <ns:RequesterId>Sadad277</ns:RequesterId>
         <ns:TransactionId>Sadad277</ns:TransactionId>
         <!--Optional:-->
         <ns:CorrelationId>00000000-0000-0000-0000-000000000000</ns:CorrelationId>
         <ns:Timestamp>2018-12-12T00:00:00</ns:Timestamp>
         <!--Optional:-->
         <ns:TimeZone>GMT+3</ns:TimeZone>
         <!--Optional:-->
         <ns:Lang>0</ns:Lang>
         <!--Optional:-->
         <ns:ProfileLang>0</ns:ProfileLang>
         <ns:EndUserInfo>
            <ns:UserId>?</ns:UserId>
            <!--Optional:-->
<!--            <ns:Password>?</ns:Password>-->
            <ns:Channel>1</ns:Channel>
            <!--Optional:-->
<!--            <ns:AgentType>?</ns:AgentType>-->
            <ns:MachineIP>192.168.0.1</ns:MachineIP>
            <!--Optional:-->
<!--            <ns:CustomerNum>123</ns:CustomerNum>-->
            <!--Optional:-->
<!--            <ns:ConsumerBusinessFunction>?</ns:ConsumerBusinessFunction>-->
            <!--Optional:-->
<!--            <ns:ScreenName>?</ns:ScreenName>-->
            <!--Optional:-->
<!--            <ns:ActionName>?</ns:ActionName>-->
            <!--Optional:-->
<!--            <ns:SessionId>?</ns:SessionId>-->
         </ns:EndUserInfo>
      </ns:ReqHeader>
   </soapenv:Header>
   <soapenv:Body>
      <v1:ReconRefundRecRequest>
<SADAD>
   <SignonRq>
      <ClientDt>2018-06-12T20:22:23</ClientDt>
      <SignonProfile>
         <Sender>SADAD-001</Sender>
         <Receiver>SIBCSARI</Receiver>
         <MsgCode>BKRRRQ</MsgCode>
      </SignonProfile>
   </SignonRq>
   <BankSvcRq>
      <Status>
         <StatusCode>0</StatusCode>
         <ShortDesc>Success</ShortDesc>
         <Severity>Info</Severity>
      </Status>
      <RqUID>6E75D0D5-C226-000E-E054-0A0B2028E96A</RqUID>
      <BankReconRefundDownloadRq>
         <PrcDt>2018-06-12T20:22:22</PrcDt>
         <ReconRefundRec>
            <SadadRefundTransNum>39831805</SadadRefundTransNum>
            <BankRefundTransNum>XFR7NZG-090209</BankRefundTransNum>
            <CustId>
               <OfficialId>1002579405</OfficialId>
               <OfficialIdType>NAT</OfficialIdType>
            </CustId>
            <RefundStatus>
               <EffDt>2018-06-12T00:00:00</EffDt>
               <RefundStatusCode>Reconciled</RefundStatusCode>
            </RefundStatus>
            <ReconRefundInfo>
               <CurAmt>2000</CurAmt>
               <RefundId>09500000000000000000000002523059</RefundId>
               <BankId>SIBCSARI</BankId>
               <BillerId>095</BillerId>
               <RefundType>ACCT</RefundType>
            </ReconRefundInfo>
         </ReconRefundRec>
         <ReconRefundRec>
            <SadadRefundTransNum>39828223</SadadRefundTransNum>
            <BankRefundTransNum>XFRL3UH-090210</BankRefundTransNum>
            <CustId>
               <OfficialId>2312352095</OfficialId>
               <OfficialIdType>IQA</OfficialIdType>
            </CustId>
            <RefundStatus>
               <EffDt>2018-06-12T00:00:00</EffDt>
               <RefundStatusCode>Reconciled</RefundStatusCode>
            </RefundStatus>
            <ReconRefundInfo>
               <CurAmt>300</CurAmt>
               <RefundId>SIBCSARI00113130</RefundId>
               <BankId>SIBCSARI</BankId>
               <BillerId>090</BillerId>
               <RefundType>ACCT</RefundType>
            </ReconRefundInfo>
         </ReconRefundRec>
      </BankReconRefundDownloadRq>
   </BankSvcRq>
</SADAD>
 </v1:ReconRefundRecRequest>
   </soapenv:Body>
</soapenv:Envelope>]]></con:request><con:credentials><con:authType>No Authorization</con:authType></con:credentials><con:jmsConfig JMSDeliveryMode="PERSISTENT"/><con:jmsPropertyConfig/><con:wsaConfig mustUnderstand="NONE" version="200508" action="ReconRefundRec"/><con:wsrmConfig version="1.2"/></con:call></con:operation></con:interface><con:properties/><con:wssContainer/><con:oAuth2ProfileContainer/><con:oAuth1ProfileContainer/><con:databaseConnectionContainer/><con:reporting><con:xmlTemplates/><con:parameters/></con:reporting></con:soapui-project>