<?xml version="1.0" encoding="UTF-8"?>
<con:soapui-project id="f81702de-fb7f-472c-8731-94f573ea0589" activeEnvironment="Default" name="ServiceSupportManagerDataPower's WSDL" resourceRoot="${projectDir}" soapui-version="5.4.0" abortOnError="false" runType="SEQUENTIAL" xmlns:con="http://eviware.com/soapui/config"><con:settings/><con:interface xsi:type="con:WsdlInterface" id="c62e50ec-3a4e-46a8-9030-a6ecc13f6cb7" wsaVersion="NONE" name="IBServiceSupportManagerBinding" type="wsdl" bindingName="{http://www.saib.com.sa/OLPWareAcquirer/IBServiceSupportManager/}IBServiceSupportManagerBinding" soapVersion="1_2" anonymous="optional" definition="file:/C:/SAIB/OLP%20Modules%20Docu/TestData/OLP%20Test%20Data/DataPower's%20WSDL/IBServiceSupportManager.wsdl" xmlns:xsi="http://www.w3.org/2001/XMLSchema-instance"><con:settings/><con:definitionCache type="TEXT" rootPart="file:\C:\SAIB\OLP%20Modules%20Docu\TestData\OLP%20Test%20Data\DataPower's%20WSDL\IBServiceSupportManager.wsdl"><con:part><con:url>file:\C:\SAIB\OLP%20Modules%20Docu\TestData\OLP%20Test%20Data\DataPower's%20WSDL\IBServiceSupportManager.wsdl</con:url><con:content><![CDATA[<!--Copyright All Rights Reserved. This software is the proprietary information of SADAD. Use is subject to license terms.-->
<!--RefundManagement WSDL Version- V3.7-->
<!--Modified on 18/01/2015 for BISS Version V6.0-->
<definitions name="IBServiceSupportManager" targetNamespace="http://www.saib.com.sa/OLPWareAcquirer/IBServiceSupportManager/" xmlns="http://schemas.xmlsoap.org/wsdl/" xmlns:ds="http://www.w3.org/2000/09/xmldsig#" xmlns:header="http://www.saib.com.sa/OLPWareAcquirer/" xmlns:soap="http://schemas.xmlsoap.org/wsdl/soap12/" xmlns:tns="http://www.saib.com.sa/OLPWareAcquirer/IBServiceSupportManager/" xmlns:wsdl="http://schemas.xmlsoap.org/wsdl/" xmlns:wsp="http://www.w3.org/ns/ws-policy" xmlns:wsp1_2="http://schemas.xmlsoap.org/ws/2004/09/policy" xmlns:wsu="http://docs.oasis-open.org/wss/2004/01/oasis-200401-wss-wssecurity-utility-1.0.xsd" xmlns:xsd="http://www.w3.org/2001/XMLSchema">
  <wsdl:documentation>
    ServiceSupport manager service definition is used to perform the functionalities related with 
		service support and management. This includes
    <br/>
    1. RecordTicket
    <br/>
    2. UpdateTicket
    <br/>
    3. RetrieveTicketList
    <br/>
    4. RetrieveTicket
  </wsdl:documentation>
  <wsdl:import location="MessageHeader.wsdl" namespace="http://www.saib.com.sa/OLPWareAcquirer/"/>
  <types>
    <xsd:schema>
      <xsd:import namespace="http://www.saib.com.sa/OLPWareAcquirer/IBServiceSupportManager/" schemaLocation="IBServiceSupportManager.xsd"/>
    </xsd:schema>
  </types>
  <wsdl:message name="MessageHeader">
    <wsdl:part element="header:messageHeader" name="messageHeader"/>
  </wsdl:message>
  <message name="RecordTicket">
    <part element="tns:RecordTicket" name="parameters"/>
  </message>
  <message name="RecordTicketResponse">
    <part element="tns:RecordTicketResponse" name="parameters"/>
  </message>
  <message name="UpdateTicket">
    <part element="tns:UpdateTicket" name="parameters"/>
  </message>
  <message name="UpdateTicketResponse">
    <part element="tns:UpdateTicketResponse" name="parameters"/>
  </message>
  <message name="RetrieveTicketList">
    <part element="tns:RetrieveTicketList" name="parameters"/>
  </message>
  <message name="RetrieveTicketListResponse">
    <part element="tns:RetrieveTicketListResponse" name="parameters"/>
  </message>
  <message name="RetrieveTicket">
    <part element="tns:RetrieveTicket" name="parameters"/>
  </message>
  <message name="RetrieveTicketResponse">
    <part element="tns:RetrieveTicketResponse" name="parameters"/>
  </message>
  <message name="RetrieveTicketCategory">
    <part element="tns:RetrieveTicketCategory" name="parameters"/>
  </message>
  <message name="RetrieveTicketCategoryResponse">
    <part element="tns:RetrieveTicketCategoryResponse" name="parameters"/>
  </message>
  <message name="RetrieveTicketSubCategory">
    <part element="tns:RetrieveTicketSubCategory" name="parameters"/>
  </message>
  <message name="RetrieveTicketSubCategoryResponse">
    <part element="tns:RetrieveTicketSubCategoryResponse" name="parameters"/>
  </message>
  <message name="Fault">
    <part element="tns:Fault" name="fault"/>
  </message>
  <portType name="IBServiceSupportManager">
    <operation name="RecordTicket">
      <wsdl:documentation>RecordTicket - Operation name, input wrapper, output wrapper .</wsdl:documentation>
      <input message="tns:RecordTicket"/>
      <output message="tns:RecordTicketResponse"/>
    </operation>
    <operation name="UpdateTicket">
      <wsdl:documentation>UpdateTicket - Operation name, input wrapper, output wrapper .</wsdl:documentation>
      <input message="tns:UpdateTicket"/>
      <output message="tns:UpdateTicketResponse"/>
    </operation>
    <operation name="RetrieveTicketList">
      <wsdl:documentation>RetrieveTicketList - Operation name, input wrapper, output wrapper .</wsdl:documentation>
      <input message="tns:RetrieveTicketList"/>
      <output message="tns:RetrieveTicketListResponse"/>
    </operation>
    <operation name="RetrieveTicket">
      <wsdl:documentation>RetrieveTicket - Operation name, input wrapper, output wrapper .</wsdl:documentation>
      <input message="tns:RetrieveTicket"/>
      <output message="tns:RetrieveTicketResponse"/>
    </operation>
    <operation name="RetrieveTicketCategory">
      <wsdl:documentation>RetrieveTicketCategory - Operation name, input wrapper, output wrapper .</wsdl:documentation>
      <input message="tns:RetrieveTicketCategory"/>
      <output message="tns:RetrieveTicketCategoryResponse"/>
    </operation>
    <operation name="RetrieveTicketSubCategory">
      <wsdl:documentation>RetrieveTicketSubCategory - Operation name, input wrapper, output wrapper .</wsdl:documentation>
      <input message="tns:RetrieveTicketSubCategory"/>
      <output message="tns:RetrieveTicketSubCategoryResponse"/>
    </operation>
  </portType>
  <binding name="IBServiceSupportManagerBinding" type="tns:IBServiceSupportManager">
    <soap:binding style="document" transport="http://schemas.xmlsoap.org/soap/http"/>
    <operation name="RecordTicket">
      <soap:operation soapAction=""/>
      <input>
        <soap:body use="literal"/>
        <soap:header message="header:HeaderMessage" part="Header" use="literal"/>
      </input>
      <output>
        <soap:body use="literal"/>
      </output>
    </operation>
    <operation name="UpdateTicket">
      <soap:operation soapAction=""/>
      <input>
        <soap:body use="literal"/>
        <soap:header message="header:HeaderMessage" part="Header" use="literal"/>
      </input>
      <output>
        <soap:body use="literal"/>
      </output>
    </operation>
    <operation name="RetrieveTicketList">
      <soap:operation soapAction=""/>
      <input>
        <soap:body use="literal"/>
        <soap:header message="header:HeaderMessage" part="Header" use="literal"/>
      </input>
      <output>
        <soap:body use="literal"/>
      </output>
    </operation>
    <operation name="RetrieveTicket">
      <soap:operation soapAction=""/>
      <input>
        <soap:body use="literal"/>
        <soap:header message="header:HeaderMessage" part="Header" use="literal"/>
      </input>
      <output>
        <soap:body use="literal"/>
      </output>
    </operation>
    <operation name="RetrieveTicketCategory">
      <soap:operation soapAction=""/>
      <input>
        <soap:body use="literal"/>
        <soap:header message="header:HeaderMessage" part="Header" use="literal"/>
      </input>
      <output>
        <soap:body use="literal"/>
      </output>
    </operation>
    <operation name="RetrieveTicketSubCategory">
      <soap:operation soapAction=""/>
      <input>
        <soap:body use="literal"/>
        <soap:header message="header:HeaderMessage" part="Header" use="literal"/>
      </input>
      <output>
        <soap:body use="literal"/>
      </output>
    </operation>
  </binding>
  <service name="IBServiceSupportManagerService">
    <wsdl:documentation>URL where the service is hosted. (To be updated with test/production server URL)</wsdl:documentation>
    <port binding="tns:IBServiceSupportManagerBinding" name="IBServiceSupportManagerPort">
      <soap:address location="http://localhost:9080/AcquirerWebService/IBServiceSupportManagerService"/>
    </port>
  </service>
</definitions>]]></con:content><con:type>http://schemas.xmlsoap.org/wsdl/</con:type></con:part><con:part><con:url>file:\C:\SAIB\OLP%20Modules%20Docu\TestData\OLP%20Test%20Data\DataPower's%20WSDL\MessageHeader.wsdl</con:url><con:content><![CDATA[<wsdl:definitions targetNamespace="http://www.saib.com.sa/OLPWareAcquirer/" xmlns:s2="http://www.saib.com.sa/OLPWareAcquirer/" xmlns:wsdl="http://schemas.xmlsoap.org/wsdl/" xmlns:xsd="http://www.w3.org/2001/XMLSchema">
  <wsdl:types>
    <xsd:schema targetNamespace="http://www.saib.com.sa/OLPWareAcquirer/">
      <xsd:include schemaLocation="MessageHeader.xsd"/>
    </xsd:schema>
  </wsdl:types>
  <wsdl:message name="HeaderMessage">
    <wsdl:part element="s2:messageHeader" name="Header"/>
  </wsdl:message>
</wsdl:definitions>]]></con:content><con:type>http://schemas.xmlsoap.org/wsdl/</con:type></con:part><con:part><con:url>file:\C:\SAIB\OLP%20Modules%20Docu\TestData\OLP%20Test%20Data\DataPower's%20WSDL\MessageHeader.xsd</con:url><con:content><![CDATA[<xsd:schema xml:lang="en" elementFormDefault="qualified" attributeFormDefault="unqualified" targetNamespace="http://www.saib.com.sa/OLPWareAcquirer/" xmlns="http://www.saib.com.sa/OLPWareAcquirer/" xmlns:xsd="http://www.w3.org/2001/XMLSchema">
  <xsd:element name="messageHeader">
    <xsd:complexType>
      <xsd:sequence>
        <xsd:element name="ProcessContextId" minOccurs="1" maxOccurs="1">
          <xsd:simpleType>
            <xsd:restriction base="xsd:string">
              <xsd:maxLength value="50"/>
            </xsd:restriction>
          </xsd:simpleType>
        </xsd:element>
        <xsd:element name="businessContextId" minOccurs="1" maxOccurs="1">
          <xsd:simpleType>
            <xsd:restriction base="xsd:string">
              <xsd:maxLength value="2"/>
            </xsd:restriction>
          </xsd:simpleType>
        </xsd:element>
        <xsd:element name="applicationContextId" type="xsd:int" minOccurs="1" maxOccurs="1"/>
        <xsd:element name="requesterCode" minOccurs="1" maxOccurs="1">
          <xsd:simpleType>
            <xsd:restriction base="xsd:string">
              <xsd:maxLength value="20"/>
            </xsd:restriction>
          </xsd:simpleType>
        </xsd:element>
        <xsd:element name="machineIPAddress" minOccurs="1" maxOccurs="1">
          <xsd:simpleType>
            <xsd:restriction base="xsd:string">
              <xsd:maxLength value="23"/>
            </xsd:restriction>
          </xsd:simpleType>
        </xsd:element>
        <xsd:element name="userPrincipleName" minOccurs="1" maxOccurs="1">
          <xsd:simpleType>
            <xsd:restriction base="xsd:string">
              <xsd:maxLength value="15"/>
            </xsd:restriction>
          </xsd:simpleType>
        </xsd:element>
        <xsd:element name="requestedTimestamp" type="xsd:dateTime" minOccurs="1" maxOccurs="1"/>
        <xsd:element name="channelId" minOccurs="1" maxOccurs="1">
          <xsd:simpleType>
            <xsd:restriction base="xsd:int">
              <xsd:totalDigits value="2"/>
            </xsd:restriction>
          </xsd:simpleType>
        </xsd:element>
        <xsd:element name="LanguageCode" minOccurs="0" maxOccurs="1">
          <xsd:simpleType>
            <xsd:restriction base="xsd:string">
              <xsd:maxLength value="20"/>
            </xsd:restriction>
          </xsd:simpleType>
        </xsd:element>
        <xsd:element name="VersionNumber" minOccurs="0" maxOccurs="1">
          <xsd:simpleType>
            <xsd:restriction base="xsd:string">
              <xsd:maxLength value="20"/>
            </xsd:restriction>
          </xsd:simpleType>
        </xsd:element>
      </xsd:sequence>
    </xsd:complexType>
  </xsd:element>
</xsd:schema>]]></con:content><con:type>http://www.w3.org/2001/XMLSchema</con:type></con:part><con:part><con:url>file:\C:\SAIB\OLP%20Modules%20Docu\TestData\OLP%20Test%20Data\DataPower's%20WSDL\IBServiceSupportManager.xsd</con:url><con:content><![CDATA[<xs:schema targetNamespace="http://www.saib.com.sa/OLPWareAcquirer/IBServiceSupportManager/" version="1.0" xmlns:xs="http://www.w3.org/2001/XMLSchema" xmlns:tns="http://www.saib.com.sa/OLPWareAcquirer/IBServiceSupportManager/" xmlns:xsd="http://www.w3.org/2001/XMLSchema">
  <xsd:annotation>
    <xsd:documentation>This schema defines the data transfer objects used
			by the Service Support service.</xsd:documentation>
  </xsd:annotation>
  <xsd:annotation>
    <xsd:documentation>Below element tag shows the @RequestWrapper and @ResponseWrapper name and type. 
			The default value of the localName is the operationName for Request wrapper and 
			operationName appended by Response for Response wrapper</xsd:documentation>
  </xsd:annotation>
  <xs:element name="Fault" type="tns:Fault">
    <xsd:annotation>
      <xsd:documentation>ServiceSupportManagement Fault jax-ws element wrapper.</xsd:documentation>
    </xsd:annotation>
  </xs:element>
  <xs:element name="RecordTicket" type="tns:RecordTicket">
    <xsd:annotation>
      <xsd:documentation>RecordTicket request jax-ws element wrapper.</xsd:documentation>
    </xsd:annotation>
  </xs:element>
  <xs:element name="RecordTicketResponse" type="tns:RecordTicketResponse">
    <xsd:annotation>
      <xsd:documentation>RecordTicket response jax-ws element wrapper.</xsd:documentation>
    </xsd:annotation>
  </xs:element>
  <xs:element name="UpdateTicket" type="tns:UpdateTicket">
    <xsd:annotation>
      <xsd:documentation>UpdateTicket request jax-ws element wrapper.</xsd:documentation>
    </xsd:annotation>
  </xs:element>
  <xs:element name="UpdateTicketResponse" type="tns:UpdateTicketResponse">
    <xsd:annotation>
      <xsd:documentation>UpdateTicket response jax-ws element wrapper.</xsd:documentation>
    </xsd:annotation>
  </xs:element>
  <xs:element name="RetrieveTicketList" type="tns:RetrieveTicketList">
    <xsd:annotation>
      <xsd:documentation>RetrieveTicketList request jax-ws element wrapper.</xsd:documentation>
    </xsd:annotation>
  </xs:element>
  <xs:element name="RetrieveTicketListResponse" type="tns:RetrieveTicketListResponse">
    <xsd:annotation>
      <xsd:documentation>RetrieveTicketList response jax-ws element wrapper.</xsd:documentation>
    </xsd:annotation>
  </xs:element>
  <xs:element name="RetrieveTicket" type="tns:RetrieveTicket">
    <xsd:annotation>
      <xsd:documentation>RetrieveTicket request jax-ws element wrapper.</xsd:documentation>
    </xsd:annotation>
  </xs:element>
  <xs:element name="RetrieveTicketResponse" type="tns:RetrieveTicketResponse">
    <xsd:annotation>
      <xsd:documentation>RetrieveTicket response jax-ws element wrapper.</xsd:documentation>
    </xsd:annotation>
  </xs:element>
  <xs:element name="RetrieveTicketCategory" type="tns:RetrieveTicketCategory">
    <xsd:annotation>
      <xsd:documentation>RetrieveTicketCategory request jax-ws element wrapper.</xsd:documentation>
    </xsd:annotation>
  </xs:element>
  <xs:element name="RetrieveTicketCategoryResponse" type="tns:RetrieveTicketCategoryResponse">
    <xsd:annotation>
      <xsd:documentation>RetrieveTicketCategory response jax-ws element wrapper.</xsd:documentation>
    </xsd:annotation>
  </xs:element>
  <xs:element name="RetrieveTicketSubCategory" type="tns:RetrieveTicketSubCategory">
    <xsd:annotation>
      <xsd:documentation>RetrieveTicketSubCategory request jax-ws element wrapper.</xsd:documentation>
    </xsd:annotation>
  </xs:element>
  <xs:element name="RetrieveTicketSubCategoryResponse" type="tns:RetrieveTicketSubCategoryResponse">
    <xsd:annotation>
      <xsd:documentation>RetrieveTicketSubCategory response jax-ws element wrapper.</xsd:documentation>
    </xsd:annotation>
  </xs:element>
  <!--Below given are the request and response elements and corresponding attributes.-->
  <xs:complexType name="RecordTicket">
    <xsd:annotation>
      <xsd:documentation>RecordTicket request jax-ws wrapper.</xsd:documentation>
    </xsd:annotation>
    <xs:sequence>
      <xs:element minOccurs="1" maxOccurs="1" name="RecordTicketRequest" type="tns:RecordTicketRequest"/>
    </xs:sequence>
  </xs:complexType>
  <xs:complexType name="RecordTicketRequest">
    <xs:sequence>
      <xs:element minOccurs="1" maxOccurs="1" name="category" type="xs:int">
        <xsd:annotation>
          <xsd:documentation>The key of category of the service support ticket.</xsd:documentation>
        </xsd:annotation>
      </xs:element>
      <xs:element name="subCategory" type="xs:int" maxOccurs="1" minOccurs="1">
        <xsd:annotation>
          <xsd:documentation>The key of sub category of the service support ticket.</xsd:documentation>
        </xsd:annotation>
      </xs:element>
      <xs:element name="ticketDetails" type="xs:string" maxOccurs="1" minOccurs="1">
        <xsd:annotation>
          <xsd:documentation>The details about the issue.</xsd:documentation>
        </xsd:annotation>
      </xs:element>
      <xs:element name="customer" type="tns:Customer" maxOccurs="1" minOccurs="0">
        <xsd:annotation>
          <xsd:documentation>
            Element to hold the Customer Object.
            <br/>
            <br/>
            Not to be filled in for Merchant/Consumer Portal.
          </xsd:documentation>
        </xsd:annotation>
      </xs:element>
    </xs:sequence>
  </xs:complexType>
  <xs:complexType name="RecordTicketResponse">
    <xsd:annotation>
      <xsd:documentation>RecordTicket response jax-ws wrapper.</xsd:documentation>
    </xsd:annotation>
    <xs:sequence>
      <xs:element minOccurs="1" maxOccurs="1" name="RecordTicketReply" type="tns:RecordTicketReply"/>
    </xs:sequence>
  </xs:complexType>
  <xs:complexType name="RecordTicketReply">
    <xs:sequence>
      <xs:element minOccurs="0" maxOccurs="1" name="ticketId" type="xs:long">
        <xsd:annotation>
          <xsd:documentation>The unique Id of the Service Support Ticket.</xsd:documentation>
        </xsd:annotation>
      </xs:element>
      <xs:element minOccurs="1" maxOccurs="1" name="responseCode" type="xs:string">
        <xsd:annotation>
          <xsd:documentation>
            Response Code
            <br/>
            <br/>
            00 : Success
            <br/>
            <br/>
            01 : Failure
          </xsd:documentation>
        </xsd:annotation>
      </xs:element>
      <xs:element minOccurs="0" maxOccurs="1" name="olpBusinessException" type="tns:OlpBusinessException">
        <xsd:annotation>
          <xsd:documentation>Element to hold olpBusinessException</xsd:documentation>
        </xsd:annotation>
      </xs:element>
    </xs:sequence>
  </xs:complexType>
  <xs:complexType name="OlpBusinessException">
    <xs:sequence>
      <xs:element minOccurs="1" maxOccurs="1" name="errorCode" type="xs:string">
        <xsd:annotation>
          <xsd:documentation>Error code of the exception occurred.</xsd:documentation>
        </xsd:annotation>
      </xs:element>
      <xs:element minOccurs="1" maxOccurs="1" name="errorMessage" type="xs:string">
        <xsd:annotation>
          <xsd:documentation>Error message of the exception occurred.</xsd:documentation>
        </xsd:annotation>
      </xs:element>
      <xs:element minOccurs="0" maxOccurs="1" name="reasonCode" type="xs:string">
        <xsd:annotation>
          <xsd:documentation>Reason code of the exception occurred.</xsd:documentation>
        </xsd:annotation>
      </xs:element>
      <xs:element minOccurs="0" maxOccurs="1" name="reasonDescription" type="xs:string">
        <xsd:annotation>
          <xsd:documentation>Reason Description of the exception occurred.</xsd:documentation>
        </xsd:annotation>
      </xs:element>
    </xs:sequence>
  </xs:complexType>
  <xs:complexType name="Fault">
    <xs:sequence>
      <xs:element minOccurs="1" maxOccurs="1" name="faultCode" type="xs:string">
        <xsd:annotation>
          <xsd:documentation>Fault Type of the fault occurred.</xsd:documentation>
        </xsd:annotation>
      </xs:element>
      <xs:element minOccurs="1" maxOccurs="1" name="faultString" type="xs:string">
        <xsd:annotation>
          <xsd:documentation>Errormessage of the fault occurred.</xsd:documentation>
        </xsd:annotation>
      </xs:element>
      <xs:element minOccurs="1" maxOccurs="1" name="timeStamp" type="xs:dateTime">
        <xsd:annotation>
          <xsd:documentation>Time when the fault occurred.</xsd:documentation>
        </xsd:annotation>
      </xs:element>
    </xs:sequence>
  </xs:complexType>
  <xs:complexType name="UpdateTicket">
    <xsd:annotation>
      <xsd:documentation>UpdateTicket request jax-ws wrapper.</xsd:documentation>
    </xsd:annotation>
    <xs:sequence>
      <xs:element minOccurs="1" maxOccurs="1" name="UpdateTicketRequest" type="tns:UpdateTicketRequest"/>
    </xs:sequence>
  </xs:complexType>
  <xs:complexType name="UpdateTicketRequest">
    <xs:sequence>
      <xs:element minOccurs="1" maxOccurs="1" name="ticketId" type="xs:long">
        <xsd:annotation>
          <xsd:documentation>The unique Id of the Service Support Ticket which needs to be updated.</xsd:documentation>
        </xsd:annotation>
      </xs:element>
      <xs:element name="status" type="xs:int" maxOccurs="1" minOccurs="0">
        <xsd:annotation>
          <xsd:documentation>The status of the Service Support Ticket which needs to be updated.</xsd:documentation>
        </xsd:annotation>
      </xs:element>
      <xs:element name="comments" type="xs:string" maxOccurs="1" minOccurs="0">
        <xsd:annotation>
          <xsd:documentation>The comments given the user who updates the ticket.</xsd:documentation>
        </xsd:annotation>
      </xs:element>
      <xs:element name="assignedTo" type="xs:string" maxOccurs="1" minOccurs="0">
        <xsd:annotation>
          <xsd:documentation>The user to whom the ticket is currently assigned.</xsd:documentation>
        </xsd:annotation>
      </xs:element>
    </xs:sequence>
  </xs:complexType>
  <xs:complexType name="UpdateTicketResponse">
    <xsd:annotation>
      <xsd:documentation>UpdateTicket response jax-ws wrapper.</xsd:documentation>
    </xsd:annotation>
    <xs:sequence>
      <xs:element minOccurs="1" maxOccurs="1" name="UpdateTicketReply" type="tns:UpdateTicketReply"/>
    </xs:sequence>
  </xs:complexType>
  <xs:complexType name="UpdateTicketReply">
    <xs:sequence>
      <xs:element minOccurs="1" maxOccurs="1" name="responseCode" type="xs:string">
        <xsd:annotation>
          <xsd:documentation>
            Response Code
            <br/>
            <br/>
            00 : Success
            <br/>
            <br/>
            01 : Failure
          </xsd:documentation>
        </xsd:annotation>
      </xs:element>
      <xs:element minOccurs="0" maxOccurs="1" name="olpBusinessException" type="tns:OlpBusinessException">
        <xsd:annotation>
          <xsd:documentation>Element to hold olpBusinessException</xsd:documentation>
        </xsd:annotation>
      </xs:element>
    </xs:sequence>
  </xs:complexType>
  <xs:complexType name="RetrieveTicketList">
    <xsd:annotation>
      <xsd:documentation>RetrieveTicketList request jax-ws wrapper.</xsd:documentation>
    </xsd:annotation>
    <xs:sequence>
      <xs:element minOccurs="1" maxOccurs="1" name="RetrieveTicketListRequest" type="tns:RetrieveTicketListRequest"/>
    </xs:sequence>
  </xs:complexType>
  <xs:complexType name="RetrieveTicketListRequest">
    <xs:sequence>
      <xs:element minOccurs="1" maxOccurs="1" name="ticketSearchCriteria" type="tns:TicketSearchCriteria">
        <xsd:annotation>
          <xsd:documentation>Element to hold the Ticket Search Criteria</xsd:documentation>
        </xsd:annotation>
      </xs:element>
      <xs:element name="pagination" type="tns:Pagination" maxOccurs="1" minOccurs="1">
        <xsd:annotation>
          <xsd:documentation>Element to hold the pagination</xsd:documentation>
        </xsd:annotation>
      </xs:element>
    </xs:sequence>
  </xs:complexType>
  <xs:complexType name="RetrieveTicketListResponse">
    <xsd:annotation>
      <xsd:documentation>RetrieveTicketList response jax-ws wrapper.</xsd:documentation>
    </xsd:annotation>
    <xs:sequence>
      <xs:element minOccurs="1" maxOccurs="1" name="RetrieveTicketListReply" type="tns:RetrieveTicketListReply"/>
    </xs:sequence>
  </xs:complexType>
  <xs:complexType name="RetrieveTicketListReply">
    <xs:sequence>
      <xs:element name="ticketList" type="tns:TicketInfo" maxOccurs="200" minOccurs="0">
        <xsd:annotation>
          <xsd:documentation>Element to hold the Ticket Object</xsd:documentation>
        </xsd:annotation>
      </xs:element>
      <xs:element name="totalNumberOfRecords" type="xs:int" maxOccurs="1" minOccurs="0">
        <xsd:annotation>
          <xsd:documentation>The total number of records in the list</xsd:documentation>
        </xsd:annotation>
      </xs:element>
      <xs:element minOccurs="1" maxOccurs="1" name="responseCode" type="xs:string">
        <xsd:annotation>
          <xsd:documentation>
            Response Code
            <br/>
            <br/>
            00 : Success
            <br/>
            <br/>
            01 : Failure
          </xsd:documentation>
        </xsd:annotation>
      </xs:element>
      <xs:element minOccurs="0" maxOccurs="1" name="olpBusinessException" type="tns:OlpBusinessException">
        <xsd:annotation>
          <xsd:documentation>Element to hold olpBusinessException</xsd:documentation>
        </xsd:annotation>
      </xs:element>
    </xs:sequence>
  </xs:complexType>
  <xs:complexType name="RetrieveTicket">
    <xsd:annotation>
      <xsd:documentation>RetrieveTicket request jax-ws wrapper.</xsd:documentation>
    </xsd:annotation>
    <xs:sequence>
      <xs:element minOccurs="1" maxOccurs="1" name="RetrieveTicketRequest" type="tns:RetrieveTicketRequest"/>
    </xs:sequence>
  </xs:complexType>
  <xs:complexType name="RetrieveTicketRequest">
    <xs:sequence>
      <xs:element minOccurs="1" maxOccurs="1" name="ticketId" type="xs:long">
        <xsd:annotation>
          <xsd:documentation>The unique Id of the ticket for which the details needs to be retrieved.</xsd:documentation>
        </xsd:annotation>
      </xs:element>
    </xs:sequence>
  </xs:complexType>
  <xs:complexType name="RetrieveTicketResponse">
    <xsd:annotation>
      <xsd:documentation>RetrieveTicket response jax-ws wrapper.</xsd:documentation>
    </xsd:annotation>
    <xs:sequence>
      <xs:element minOccurs="1" maxOccurs="1" name="RetrieveTicketReply" type="tns:RetrieveTicketReply"/>
    </xs:sequence>
  </xs:complexType>
  <xs:complexType name="RetrieveTicketReply">
    <xs:sequence>
      <xs:element name="ticket" type="tns:TicketInfo" maxOccurs="1" minOccurs="0">
        <xsd:annotation>
          <xsd:documentation>Element to hold Ticket Object</xsd:documentation>
        </xsd:annotation>
      </xs:element>
      <xs:element minOccurs="1" maxOccurs="1" name="responseCode" type="xs:string">
        <xsd:annotation>
          <xsd:documentation>
            Response Code
            <br/>
            <br/>
            00 : Success
            <br/>
            <br/>
            01 : Failure
          </xsd:documentation>
        </xsd:annotation>
      </xs:element>
      <xs:element minOccurs="0" maxOccurs="1" name="olpBusinessException" type="tns:OlpBusinessException">
        <xsd:annotation>
          <xsd:documentation>Element to hold olpBusinessException</xsd:documentation>
        </xsd:annotation>
      </xs:element>
    </xs:sequence>
  </xs:complexType>
  <xs:complexType name="RetrieveTicketCategory">
    <xsd:annotation>
      <xsd:documentation>RetrieveTicketCategory request jax-ws wrapper.</xsd:documentation>
    </xsd:annotation>
    <xs:sequence>
      <xs:element minOccurs="1" maxOccurs="1" name="RetrieveTicketCategoryRequest" type="tns:RetrieveTicketCategoryRequest"/>
    </xs:sequence>
  </xs:complexType>
  <xs:complexType name="RetrieveTicketCategoryRequest">
    <xs:sequence></xs:sequence>
  </xs:complexType>
  <xs:complexType name="RetrieveTicketCategoryResponse">
    <xsd:annotation>
      <xsd:documentation>RetrieveTicketCategory response jax-ws wrapper.</xsd:documentation>
    </xsd:annotation>
    <xs:sequence>
      <xs:element minOccurs="1" maxOccurs="1" name="RetrieveTicketCategoryReply" type="tns:RetrieveTicketCategoryReply"/>
    </xs:sequence>
  </xs:complexType>
  <xs:complexType name="RetrieveTicketCategoryReply">
    <xs:sequence>
      <xs:element name="categoryList" type="tns:Category" maxOccurs="200" minOccurs="0" nillable="true">
        <xsd:annotation>
          <xsd:documentation>Element to hold the Category Objects</xsd:documentation>
        </xsd:annotation>
      </xs:element>
      <xs:element minOccurs="1" maxOccurs="1" name="responseCode" type="xs:string">
        <xsd:annotation>
          <xsd:documentation>
            Response Code
            <br/>
            <br/>
            00 : Success
            <br/>
            <br/>
            01 : Failure
          </xsd:documentation>
        </xsd:annotation>
      </xs:element>
      <xs:element minOccurs="0" maxOccurs="1" name="olpBusinessException" type="tns:OlpBusinessException">
        <xsd:annotation>
          <xsd:documentation>Element to hold olpBusinessException</xsd:documentation>
        </xsd:annotation>
      </xs:element>
    </xs:sequence>
  </xs:complexType>
  <xs:complexType name="RetrieveTicketSubCategory">
    <xsd:annotation>
      <xsd:documentation>RetrieveTicketSubCategory request jax-ws wrapper.</xsd:documentation>
    </xsd:annotation>
    <xs:sequence>
      <xs:element minOccurs="1" maxOccurs="1" name="RetrieveTicketSubCategoryRequest" type="tns:RetrieveTicketSubCategoryRequest"/>
    </xs:sequence>
  </xs:complexType>
  <xs:complexType name="RetrieveTicketSubCategoryRequest">
    <xs:sequence>
      <xs:element minOccurs="1" maxOccurs="1" name="categoryId" type="xs:int">
        <xsd:annotation>
          <xsd:documentation>The key of the category for which the sub category list needs to be retrieved.</xsd:documentation>
        </xsd:annotation>
      </xs:element>
    </xs:sequence>
  </xs:complexType>
  <xs:complexType name="RetrieveTicketSubCategoryResponse">
    <xsd:annotation>
      <xsd:documentation>RetrieveTicketSubCategory response jax-ws wrapper.</xsd:documentation>
    </xsd:annotation>
    <xs:sequence>
      <xs:element minOccurs="1" maxOccurs="1" name="RetrieveTicketSubCategoryReply" type="tns:RetrieveTicketSubCategoryReply"/>
    </xs:sequence>
  </xs:complexType>
  <xs:complexType name="RetrieveTicketSubCategoryReply">
    <xs:sequence>
      <xs:element minOccurs="0" maxOccurs="200" name="subCategory" type="tns:SubCategory">
        <xsd:annotation>
          <xsd:documentation>Element to hold the Sub Category Objects</xsd:documentation>
        </xsd:annotation>
      </xs:element>
      <xs:element minOccurs="1" maxOccurs="1" name="responseCode" type="xs:string">
        <xsd:annotation>
          <xsd:documentation>
            Response Code
            <br/>
            <br/>
            00 : Success
            <br/>
            <br/>
            01 : Failure
          </xsd:documentation>
        </xsd:annotation>
      </xs:element>
      <xs:element minOccurs="0" maxOccurs="1" name="olpBusinessException" type="tns:OlpBusinessException">
        <xsd:annotation>
          <xsd:documentation>Element to hold olpBusinessException</xsd:documentation>
        </xsd:annotation>
      </xs:element>
    </xs:sequence>
  </xs:complexType>
  <xs:complexType name="TicketSearchCriteria">
    <xs:sequence>
      <xs:element name="ticketId" type="xs:long" maxOccurs="1" minOccurs="0">
        <xsd:annotation>
          <xsd:documentation>The unique Id of the ticket to be searched.</xsd:documentation>
        </xsd:annotation>
      </xs:element>
      <xs:element name="ticketCategory" type="xs:int" maxOccurs="1" minOccurs="0">
        <xsd:annotation>
          <xsd:documentation>The category of the ticket to be searched.</xsd:documentation>
        </xsd:annotation>
      </xs:element>
      <xs:element name="assignedTo" type="xs:string" maxOccurs="1" minOccurs="0">
        <xsd:annotation>
          <xsd:documentation>To search the ticket based on the user to whom the ticket is assigned.</xsd:documentation>
        </xsd:annotation>
      </xs:element>
      <xs:element name="ticketFlow" type="xs:int" maxOccurs="1" minOccurs="0">
        <xsd:annotation>
          <xsd:documentation>
            To search the ticket based on the Ticket Flow.
            <br/>
            <br/>
            <b>1 : Incoming</b>
            <br/>
            <br/>
            <b>2 : Outgoing</b>
          </xsd:documentation>
        </xsd:annotation>
      </xs:element>
      <xs:element name="fromDate" type="xs:date" maxOccurs="1" minOccurs="0">
        <xsd:annotation>
          <xsd:documentation>To search the ticket based on logged date on or after the fromDate.</xsd:documentation>
        </xsd:annotation>
      </xs:element>
      <xs:element name="toDate" type="xs:date" maxOccurs="1" minOccurs="0">
        <xsd:annotation>
          <xsd:documentation>To search the ticket based on logged date on or after the toDate.</xsd:documentation>
        </xsd:annotation>
      </xs:element>
      <xs:element name="status" type="xs:int" maxOccurs="1" minOccurs="0">
        <xsd:annotation>
          <xsd:documentation>Status of Ticket to be searched.</xsd:documentation>
        </xsd:annotation>
      </xs:element>
    </xs:sequence>
  </xs:complexType>
  <xs:complexType name="Customer">
    <xsd:sequence>
      <xs:element minOccurs="1" maxOccurs="1" name="customerId" type="xs:long">
        <xsd:annotation>
          <xsd:documentation>The unique Id of the customer(MerchantId or OLPId).</xsd:documentation>
        </xsd:annotation>
      </xs:element>
      <xs:element minOccurs="1" maxOccurs="1" name="customerType" type="xs:int">
        <xsd:annotation>
          <xsd:documentation>
            The type of customer.
            <br/>
            <br/>
            <b>1 : Merchant</b>
            <br/>
            <br/>
            <b>2 : Consumer</b>
          </xsd:documentation>
        </xsd:annotation>
      </xs:element>
    </xsd:sequence>
  </xs:complexType>
  <xs:complexType name="Pagination">
    <xs:sequence>
      <xs:element name="startIndex" type="xs:int" maxOccurs="1" minOccurs="0">
        <xsd:annotation>
          <xsd:documentation>The start Index for the pagination.</xsd:documentation>
        </xsd:annotation>
      </xs:element>
      <xs:element name="totalNumberOfRecords" type="xs:int" maxOccurs="1" minOccurs="0">
        <xsd:annotation>
          <xsd:documentation>The total number of records to be retrieved for a single page.</xsd:documentation>
        </xsd:annotation>
      </xs:element>
      <xs:element minOccurs="0" maxOccurs="1" name="sortingOrder" type="xs:int">
        <xsd:annotation>
          <xsd:documentation>
            Sorting order :
            <br/>
            1:ascending
            <br/>
            2:descending
            <br/>
            Note : default value is descending
          </xsd:documentation>
        </xsd:annotation>
      </xs:element>
      <xs:element minOccurs="0" maxOccurs="1" name="sortingIndex" type="xs:string">
        <xsd:annotation>
          <xsd:documentation>
            These are the possible parameter which are used for sorting:
            <br/>
            ticketId
            <br/>
            category
            <br/>
            createdOn
            <br/>
            loggedBy
            <br/>
            status
            <br/>
            Note : 		ticketId is default parameter for sorting .
          </xsd:documentation>
        </xsd:annotation>
      </xs:element>
    </xs:sequence>
  </xs:complexType>
  <xs:complexType name="TicketInfo">
    <xs:sequence>
      <xs:element name="ticketId" type="xs:long" maxOccurs="1" minOccurs="1">
        <xsd:annotation>
          <xsd:documentation>The unique Id of the Service Support Ticket.</xsd:documentation>
        </xsd:annotation>
      </xs:element>
      <xs:element name="customer" type="tns:Customer" maxOccurs="1" minOccurs="1">
        <xsd:annotation>
          <xsd:documentation>
            The element to hold the Customer Object.
            <br/>
            <br/>
            It will contain details of the Merchant or
						Customer to whom the ticket belongs.
          </xsd:documentation>
        </xsd:annotation>
      </xs:element>
      <xs:element name="category" type="xs:int" maxOccurs="1" minOccurs="1">
        <xsd:annotation>
          <xsd:documentation>The key of the category of the Service Support
						Ticket.</xsd:documentation>
        </xsd:annotation>
      </xs:element>
      <xs:element name="subCategory" type="xs:int" maxOccurs="1" minOccurs="1">
        <xsd:annotation>
          <xsd:documentation>The key of sub category of the Service Support
						Ticket.</xsd:documentation>
        </xsd:annotation>
      </xs:element>
      <xs:element name="ticketDetails" type="xs:string" maxOccurs="1" minOccurs="0">
        <xsd:annotation>
          <xsd:documentation>The details of the Service Support Ticket.</xsd:documentation>
        </xsd:annotation>
      </xs:element>
      <xs:element name="categoryDescription" type="xs:string" maxOccurs="1" minOccurs="0"/>
      <xs:element name="subCategoryDescription" type="xs:string" maxOccurs="1" minOccurs="0"/>
      <xs:element name="loggedBy" type="xs:string" maxOccurs="1" minOccurs="1">
        <xsd:annotation>
          <xsd:documentation>The unique Id of the user who logged the Service
						Support Ticket.</xsd:documentation>
        </xsd:annotation>
      </xs:element>
      <xs:element name="createdOn" type="xs:dateTime" maxOccurs="1" minOccurs="1">
        <xsd:annotation>
          <xsd:documentation>The date on which the Service Support Ticket was
						logged.</xsd:documentation>
        </xsd:annotation>
      </xs:element>
      <xs:element name="remarksByBank" type="xs:string" maxOccurs="1" minOccurs="0">
        <xsd:annotation>
          <xsd:documentation>The remarks/comments given by the bank for the
						Service Support Ticket.</xsd:documentation>
        </xsd:annotation>
      </xs:element>
      <xs:element name="remarksBySADAD" type="xs:string" maxOccurs="1" minOccurs="0">
        <xsd:annotation>
          <xsd:documentation>The remarks/comments given by SADAD for the
						Service Support Ticket.</xsd:documentation>
        </xsd:annotation>
      </xs:element>
      <xs:element name="resolutionComments" type="xs:string" maxOccurs="1" minOccurs="0">
        <xsd:annotation>
          <xsd:documentation>The resolution comments of the Service Support
						Ticket.</xsd:documentation>
        </xsd:annotation>
      </xs:element>
      <xs:element name="ticketFlow" type="xs:int" maxOccurs="1" minOccurs="0">
        <xsd:annotation>
          <xsd:documentation>
            The flow the Service Support Ticket.
            <br/>
            <br/>
            <b>1 : Incoming</b>
            <br/>
            <br/>
            <b>2 : Outgoing</b>
          </xsd:documentation>
        </xsd:annotation>
      </xs:element>
      <xs:element name="assignedTo" type="xs:string" maxOccurs="1" minOccurs="1">
        <xsd:annotation>
          <xsd:documentation>The unique Id of the user to whom the Service
						Support Ticket is assigned.</xsd:documentation>
        </xsd:annotation>
      </xs:element>
      <xs:element name="status" type="xs:int" maxOccurs="1" minOccurs="1">
        <xsd:annotation>
          <xsd:documentation>The status of the Service Support Ticket.</xsd:documentation>
        </xsd:annotation>
      </xs:element>
    </xs:sequence>
  </xs:complexType>
  <xs:complexType name="Category">
    <xs:sequence>
      <xs:element name="categoryId" type="xs:int" maxOccurs="1" minOccurs="1">
        <xsd:annotation>
          <xsd:documentation>The key of Category of the Service Support Ticket.</xsd:documentation>
        </xsd:annotation>
      </xs:element>
      <xs:element name="categoryName" type="xs:string" maxOccurs="1" minOccurs="1">
        <xsd:annotation>
          <xsd:documentation>The value(text) of the Category the Service Support Ticket.</xsd:documentation>
        </xsd:annotation>
      </xs:element>
    </xs:sequence>
  </xs:complexType>
  <xs:complexType name="SubCategory">
    <xs:sequence>
      <xs:element name="subCategoryId" type="xs:int" maxOccurs="1" minOccurs="1">
        <xsd:annotation>
          <xsd:documentation>The key of Sub Category of the Service Support Ticket.</xsd:documentation>
        </xsd:annotation>
      </xs:element>
      <xs:element name="categoryId" type="xs:int" maxOccurs="1" minOccurs="1">
        <xsd:annotation>
          <xsd:documentation>The key of Category of the Service Support Ticket.</xsd:documentation>
        </xsd:annotation>
      </xs:element>
      <xs:element name="subCategoryName" type="xs:string" maxOccurs="1" minOccurs="1">
        <xsd:annotation>
          <xsd:documentation>The value(text) of the Sub Category of the Service Support Ticket.</xsd:documentation>
        </xsd:annotation>
      </xs:element>
    </xs:sequence>
  </xs:complexType>
</xs:schema>]]></con:content><con:type>http://www.w3.org/2001/XMLSchema</con:type></con:part></con:definitionCache><con:endpoints><con:endpoint>http://localhost:9080/AcquirerWebService/IBServiceSupportManagerService</con:endpoint></con:endpoints><con:operation id="7082ba21-4e0b-4373-a474-47f5feda2771" isOneWay="false" action="" name="RecordTicket" bindingOperationName="RecordTicket" type="Request-Response" inputName="" receivesAttachments="false" sendsAttachments="false" anonymous="optional"><con:settings/><con:call id="53d4fe6f-7a04-4666-8fa6-6f9e13f67488" name="Request 1"><con:settings><con:setting id="com.eviware.soapui.impl.wsdl.WsdlRequest@request-headers">&lt;xml-fragment/></con:setting></con:settings><con:encoding>UTF-8</con:encoding><con:endpoint>http://192.168.105.110:9080/integration/AcquirerWebService/IBServiceSupportManagerService/1.0</con:endpoint><con:request><![CDATA[<soap:Envelope xmlns:soap="http://www.w3.org/2003/05/soap-envelope" xmlns:olp="http://www.saib.com.sa/OLPWareAcquirer/" xmlns:ibs="http://www.saib.com.sa/OLPWareAcquirer/IBServiceSupportManager/">\r
   <soap:Header>\r
      <olp:messageHeader>
         <olp:ProcessContextId>SIBC1955991483443933481</olp:ProcessContextId>
         <olp:businessContextId>RF</olp:businessContextId>
         <olp:applicationContextId>4</olp:applicationContextId>
         <olp:requesterCode>SIBC</olp:requesterCode>
         <olp:machineIPAddress>10.10.21.57</olp:machineIPAddress>
         <olp:userPrincipleName>1026</olp:userPrincipleName>
         <olp:requestedTimestamp>2018-01-03T14:45:33</olp:requestedTimestamp>
         <olp:channelId>1</olp:channelId>
         <olp:LanguageCode>en</olp:LanguageCode>
         <olp:VersionNumber>1</olp:VersionNumber>
      </olp:messageHeader>
   </soap:Header>\r
   <soap:Body>\r
      <ibs:RecordTicket>\r
         <RecordTicketRequest>\r
            <category>?</category>\r
            <subCategory>?</subCategory>\r
            <ticketDetails>?</ticketDetails>\r
            <!--Optional:-->\r
            <customer>\r
               <customerId>?</customerId>\r
               <customerType>?</customerType>\r
            </customer>\r
         </RecordTicketRequest>\r
      </ibs:RecordTicket>\r
   </soap:Body>\r
</soap:Envelope>]]></con:request><con:credentials><con:authType>No Authorization</con:authType></con:credentials><con:jmsConfig JMSDeliveryMode="PERSISTENT"/><con:jmsPropertyConfig/><con:wsaConfig mustUnderstand="NONE" version="200508" action="http://www.saib.com.sa/OLPWareAcquirer/IBServiceSupportManager/IBServiceSupportManager/RecordTicketRequest"/><con:wsrmConfig version="1.2"/></con:call></con:operation><con:operation id="2360e36f-be12-4426-bd46-32ef7d469461" isOneWay="false" action="" name="RetrieveTicket" bindingOperationName="RetrieveTicket" type="Request-Response" inputName="" receivesAttachments="false" sendsAttachments="false" anonymous="optional"><con:settings/><con:call id="5c3b7026-8103-406b-bbf1-df3adc393522" name="Request 1"><con:settings/><con:encoding>UTF-8</con:encoding><con:endpoint>http://localhost:9080/AcquirerWebService/IBServiceSupportManagerService</con:endpoint><con:request><![CDATA[<soap:Envelope xmlns:soap="http://www.w3.org/2003/05/soap-envelope" xmlns:olp="http://www.saib.com.sa/OLPWareAcquirer/" xmlns:ibs="http://www.saib.com.sa/OLPWareAcquirer/IBServiceSupportManager/">\r
   <soap:Header>\r
      <olp:messageHeader>\r
         <olp:ProcessContextId>?</olp:ProcessContextId>\r
         <olp:businessContextId>?</olp:businessContextId>\r
         <olp:applicationContextId>?</olp:applicationContextId>\r
         <olp:requesterCode>?</olp:requesterCode>\r
         <olp:machineIPAddress>?</olp:machineIPAddress>\r
         <olp:userPrincipleName>?</olp:userPrincipleName>\r
         <olp:requestedTimestamp>?</olp:requestedTimestamp>\r
         <olp:channelId>?</olp:channelId>\r
         <!--Optional:-->\r
         <olp:LanguageCode>?</olp:LanguageCode>\r
         <!--Optional:-->\r
         <olp:VersionNumber>?</olp:VersionNumber>\r
      </olp:messageHeader>\r
   </soap:Header>\r
   <soap:Body>\r
      <ibs:RetrieveTicket>\r
         <RetrieveTicketRequest>\r
            <ticketId>?</ticketId>\r
         </RetrieveTicketRequest>\r
      </ibs:RetrieveTicket>\r
   </soap:Body>\r
</soap:Envelope>]]></con:request><con:wsaConfig mustUnderstand="NONE" version="200508" action="http://www.saib.com.sa/OLPWareAcquirer/IBServiceSupportManager/IBServiceSupportManager/RetrieveTicketRequest"/></con:call></con:operation><con:operation id="edbaa010-4d09-4de0-a7e9-a8fb726e9c0c" isOneWay="false" action="" name="RetrieveTicketCategory" bindingOperationName="RetrieveTicketCategory" type="Request-Response" inputName="" receivesAttachments="false" sendsAttachments="false" anonymous="optional"><con:settings/><con:call id="901b7248-7469-4413-a1fd-629dc670e55c" name="Request 1"><con:settings/><con:encoding>UTF-8</con:encoding><con:endpoint>http://localhost:9080/AcquirerWebService/IBServiceSupportManagerService</con:endpoint><con:request><![CDATA[<soap:Envelope xmlns:soap="http://www.w3.org/2003/05/soap-envelope" xmlns:olp="http://www.saib.com.sa/OLPWareAcquirer/" xmlns:ibs="http://www.saib.com.sa/OLPWareAcquirer/IBServiceSupportManager/">\r
   <soap:Header>\r
      <olp:messageHeader>\r
         <olp:ProcessContextId>?</olp:ProcessContextId>\r
         <olp:businessContextId>?</olp:businessContextId>\r
         <olp:applicationContextId>?</olp:applicationContextId>\r
         <olp:requesterCode>?</olp:requesterCode>\r
         <olp:machineIPAddress>?</olp:machineIPAddress>\r
         <olp:userPrincipleName>?</olp:userPrincipleName>\r
         <olp:requestedTimestamp>?</olp:requestedTimestamp>\r
         <olp:channelId>?</olp:channelId>\r
         <!--Optional:-->\r
         <olp:LanguageCode>?</olp:LanguageCode>\r
         <!--Optional:-->\r
         <olp:VersionNumber>?</olp:VersionNumber>\r
      </olp:messageHeader>\r
   </soap:Header>\r
   <soap:Body>\r
      <ibs:RetrieveTicketCategory>\r
         <RetrieveTicketCategoryRequest/>\r
      </ibs:RetrieveTicketCategory>\r
   </soap:Body>\r
</soap:Envelope>]]></con:request><con:wsaConfig mustUnderstand="NONE" version="200508" action="http://www.saib.com.sa/OLPWareAcquirer/IBServiceSupportManager/IBServiceSupportManager/RetrieveTicketCategoryRequest"/></con:call></con:operation><con:operation id="e20d3adc-53af-46ef-8345-c20eef2d274b" isOneWay="false" action="" name="RetrieveTicketList" bindingOperationName="RetrieveTicketList" type="Request-Response" inputName="" receivesAttachments="false" sendsAttachments="false" anonymous="optional"><con:settings/><con:call id="dababc7e-6acb-49b7-b389-d2aea2278346" name="Request 1"><con:settings><con:setting id="com.eviware.soapui.impl.wsdl.WsdlRequest@request-headers">&lt;xml-fragment/></con:setting></con:settings><con:encoding>UTF-8</con:encoding><con:endpoint>http://192.168.105.110:9080/integration/AcquirerWebService/IBServiceSupportManagerService/1.0</con:endpoint><con:request><![CDATA[<soap:Envelope xmlns:soap="http://www.w3.org/2003/05/soap-envelope" xmlns:olp="http://www.saib.com.sa/OLPWareAcquirer/" xmlns:ibs="http://www.saib.com.sa/OLPWareAcquirer/IBServiceSupportManager/">\r
   <soap:Header>\r
      <olp:messageHeader>
         <olp:ProcessContextId>SIBC1955991483443933481</olp:ProcessContextId>
         <olp:businessContextId>RF</olp:businessContextId>
         <olp:applicationContextId>4</olp:applicationContextId>
         <olp:requesterCode>SIBC</olp:requesterCode>
         <olp:machineIPAddress>10.10.21.57</olp:machineIPAddress>
         <olp:userPrincipleName>1026</olp:userPrincipleName>
         <olp:requestedTimestamp>2018-01-03T14:45:33</olp:requestedTimestamp>
         <olp:channelId>1</olp:channelId>
         <olp:LanguageCode>en</olp:LanguageCode>
         <olp:VersionNumber>1.0</olp:VersionNumber>
      </olp:messageHeader>
   </soap:Header>\r
   <soap:Body>\r
      <ibs:RetrieveTicketList>\r
         <RetrieveTicketListRequest>\r
            <ticketSearchCriteria>\r
               
            </ticketSearchCriteria>\r
            <pagination>\r
               <!--Optional:-->\r
               <startIndex>1</startIndex>\r
               <!--Optional:-->\r
               <totalNumberOfRecords>10</totalNumberOfRecords>\r
               <!--Optional:-->\r
               <sortingOrder>1</sortingOrder>\r
               <!--Optional:-->\r
               <sortingIndex>1</sortingIndex>\r
            </pagination>\r
         </RetrieveTicketListRequest>\r
      </ibs:RetrieveTicketList>\r
   </soap:Body>\r
</soap:Envelope>]]></con:request><con:credentials><con:authType>No Authorization</con:authType></con:credentials><con:jmsConfig JMSDeliveryMode="PERSISTENT"/><con:jmsPropertyConfig/><con:wsaConfig mustUnderstand="NONE" version="200508" action="http://www.saib.com.sa/OLPWareAcquirer/IBServiceSupportManager/IBServiceSupportManager/RetrieveTicketListRequest"/><con:wsrmConfig version="1.2"/></con:call></con:operation><con:operation id="df0901c7-1e0b-4e0b-81f9-81f9902ab4d7" isOneWay="false" action="" name="RetrieveTicketSubCategory" bindingOperationName="RetrieveTicketSubCategory" type="Request-Response" inputName="" receivesAttachments="false" sendsAttachments="false" anonymous="optional"><con:settings/><con:call id="709e0417-6f5d-4840-ab21-d717899f6313" name="Request 1"><con:settings/><con:encoding>UTF-8</con:encoding><con:endpoint>http://localhost:9080/AcquirerWebService/IBServiceSupportManagerService</con:endpoint><con:request><![CDATA[<soap:Envelope xmlns:soap="http://www.w3.org/2003/05/soap-envelope" xmlns:olp="http://www.saib.com.sa/OLPWareAcquirer/" xmlns:ibs="http://www.saib.com.sa/OLPWareAcquirer/IBServiceSupportManager/">\r
   <soap:Header>\r
      <olp:messageHeader>\r
         <olp:ProcessContextId>?</olp:ProcessContextId>\r
         <olp:businessContextId>?</olp:businessContextId>\r
         <olp:applicationContextId>?</olp:applicationContextId>\r
         <olp:requesterCode>?</olp:requesterCode>\r
         <olp:machineIPAddress>?</olp:machineIPAddress>\r
         <olp:userPrincipleName>?</olp:userPrincipleName>\r
         <olp:requestedTimestamp>?</olp:requestedTimestamp>\r
         <olp:channelId>?</olp:channelId>\r
         <!--Optional:-->\r
         <olp:LanguageCode>?</olp:LanguageCode>\r
         <!--Optional:-->\r
         <olp:VersionNumber>?</olp:VersionNumber>\r
      </olp:messageHeader>\r
   </soap:Header>\r
   <soap:Body>\r
      <ibs:RetrieveTicketSubCategory>\r
         <RetrieveTicketSubCategoryRequest>\r
            <categoryId>?</categoryId>\r
         </RetrieveTicketSubCategoryRequest>\r
      </ibs:RetrieveTicketSubCategory>\r
   </soap:Body>\r
</soap:Envelope>]]></con:request><con:wsaConfig mustUnderstand="NONE" version="200508" action="http://www.saib.com.sa/OLPWareAcquirer/IBServiceSupportManager/IBServiceSupportManager/RetrieveTicketSubCategoryRequest"/></con:call></con:operation><con:operation id="34902d66-ea75-4845-b9ef-e7b4a21cfd0b" isOneWay="false" action="" name="UpdateTicket" bindingOperationName="UpdateTicket" type="Request-Response" inputName="" receivesAttachments="false" sendsAttachments="false" anonymous="optional"><con:settings/><con:call id="d28078d1-fa1e-4987-b9b1-113cd1288344" name="Request 1"><con:settings/><con:encoding>UTF-8</con:encoding><con:endpoint>http://localhost:9080/AcquirerWebService/IBServiceSupportManagerService</con:endpoint><con:request><![CDATA[<soap:Envelope xmlns:soap="http://www.w3.org/2003/05/soap-envelope" xmlns:olp="http://www.saib.com.sa/OLPWareAcquirer/" xmlns:ibs="http://www.saib.com.sa/OLPWareAcquirer/IBServiceSupportManager/">\r
   <soap:Header>\r
      <olp:messageHeader>\r
         <olp:ProcessContextId>?</olp:ProcessContextId>\r
         <olp:businessContextId>?</olp:businessContextId>\r
         <olp:applicationContextId>?</olp:applicationContextId>\r
         <olp:requesterCode>?</olp:requesterCode>\r
         <olp:machineIPAddress>?</olp:machineIPAddress>\r
         <olp:userPrincipleName>?</olp:userPrincipleName>\r
         <olp:requestedTimestamp>?</olp:requestedTimestamp>\r
         <olp:channelId>?</olp:channelId>\r
         <!--Optional:-->\r
         <olp:LanguageCode>?</olp:LanguageCode>\r
         <!--Optional:-->\r
         <olp:VersionNumber>?</olp:VersionNumber>\r
      </olp:messageHeader>\r
   </soap:Header>\r
   <soap:Body>\r
      <ibs:UpdateTicket>\r
         <UpdateTicketRequest>\r
            <ticketId>?</ticketId>\r
            <!--Optional:-->\r
            <status>?</status>\r
            <!--Optional:-->\r
            <comments>?</comments>\r
            <!--Optional:-->\r
            <assignedTo>?</assignedTo>\r
         </UpdateTicketRequest>\r
      </ibs:UpdateTicket>\r
   </soap:Body>\r
</soap:Envelope>]]></con:request><con:credentials><con:authType>No Authorization</con:authType></con:credentials><con:jmsConfig JMSDeliveryMode="PERSISTENT"/><con:jmsPropertyConfig/><con:wsaConfig mustUnderstand="NONE" version="200508" action="http://www.saib.com.sa/OLPWareAcquirer/IBServiceSupportManager/IBServiceSupportManager/UpdateTicketRequest"/><con:wsrmConfig version="1.2"/></con:call></con:operation></con:interface><con:properties/><con:wssContainer/><con:oAuth2ProfileContainer/><con:oAuth1ProfileContainer/><con:databaseConnectionContainer/><con:reporting><con:xmlTemplates/><con:parameters/></con:reporting></con:soapui-project>